INSERT INTO agency (id, name) VALUES
('db5a9cf6-860f-49d9-be25-34eb069478ef', 'USACE');


INSERT INTO alert_type (id, name) VALUES
('97e7a25c-d5c7-4ded-b272-1bb6e5914fe3', 'Timeseries Measurement Submittal'),
('da6ee89e-58cc-4d85-8384-43c3c33a68bd', 'Evaluation Submittal');


INSERT INTO division (id, name, initials, agency_id) VALUES
('3ab59912-d9b9-476b-be27-60ef1638f041', 'Great Lakes and Ohio River Division', 'LRD', 'db5a9cf6-860f-49d9-be25-34eb069478ef'),
('efdc137c-3077-40aa-81ab-172aea45f6d6', 'Mississippi Valley Division', 'MVD', 'db5a9cf6-860f-49d9-be25-34eb069478ef'),
('fcf3c8bc-3e96-4e27-acbd-9956da2e6616', 'North Atlantic Division', 'NAD', 'db5a9cf6-860f-49d9-be25-34eb069478ef'),
('21ea5cf4-9734-41dc-ab40-f5472bd5bbfd', 'Northwestern Division', 'NWD', 'db5a9cf6-860f-49d9-be25-34eb069478ef'),
('ef2760a7-1d6f-4c12-b1ac-0f0b1cad2b7d', 'Pacific Ocean Division', 'POD', 'db5a9cf6-860f-49d9-be25-34eb069478ef'),
('b23031fc-60f6-4ae4-a82c-f7a6210f8614', 'South Atlantic Division', 'SAD', 'db5a9cf6-860f-49d9-be25-34eb069478ef'),
('f3addd12-1f7d-43a0-b692-c42be934ead9', 'South Pacific Division', 'SPD', 'db5a9cf6-860f-49d9-be25-34eb069478ef'),
('b312c218-5c69-4a17-a7fb-f61f2b86b566', 'Southwestern Division', 'SWD', 'db5a9cf6-860f-49d9-be25-34eb069478ef'),
('0634eca3-c13e-41de-b012-8c456d6422d7', 'Transatlantic Division', 'TAD', 'db5a9cf6-860f-49d9-be25-34eb069478ef');


INSERT INTO office (id) VALUES
('00000000-0000-0000-0000-000000000000'),
('17fa25b8-44a0-4e6d-9679-bdf6b0ee6b1a'),
('d8f8934d-e414-499d-bd51-bc93bbde6345'),
('a8192ad1-206c-4da6-b19e-b7ba7a67aa1f'),
('2f160ba7-fd5f-4716-8ced-4a29f75065a6'),
('433a554d-7b27-4046-89eb-906788eb4046'),
('552e59f7-c0cc-4689-8a4d-e791c028430a'),
('61291eaf-d62f-4846-ad95-87cc86b56851'),
('1245e3c0-fc72-4621-86b2-24ff7de21f88'),
('f81f5659-ce57-4c87-9c7a-0d685a983bfd'),
('81557734-7046-4c55-90ac-066dd882166a'),
('565be474-0c68-44a6-8e66-b833a39685bd'),
('2cf60156-f22a-418a-bc9f-a28960ad0321'),
('b9cca282-eb91-4ea1-b075-d067b4420184'),
('7ed4821f-9e37-4c56-8baf-05c1b5bcc84c'),
('30cb06ee-bd94-4c49-a945-e92735e7bdc1'),
('a47f1ef4-1017-43c1-bf36-67f57376d163'),
('1989e3fc-f12a-42da-a263-c3ae978e2c09'),
('5b35ea7c-8d1b-481a-956b-b32939093db4'),
('665ffb00-ccba-488c-83c5-2083543cacd7'),
('8b0a732d-d511-4332-b2e7-dd6943a597e9'),
('007cbff5-6946-4b9b-a3f7-0bef4406f122'),
('30266178-d32a-4e07-aea1-1f7182ed245e'),
('d4501358-1c48-45cb-86f3-f1a31e9bd93f'),
('b4f45596-70e5-4a12-a894-a64300648244'),
('9ffc189c-ad40-4fbf-bc06-2098c6cb920e'),
('0154184e-2509-4485-b449-8eff4ab52eef'),
('ba1f7846-43d9-4a21-9876-27c59510d9c0'),
('11b5fe49-fe36-4a06-a0da-d55b1b62b1fb'),
('b8cec5bc-f975-4bed-993d-8f913ca51673'),
('ff52a84b-356a-4173-a8df-89a1b408d354'),
('cf9b1f4d-1cd3-4a00-b73d-b6f8fe75915e'),
('f3f0d7ff-19b6-4167-a3f1-5c04f5a0fe4d'),
('72ee5695-cdaa-4182-b0c1-4d27f1a3f570'),
('131daa5c-49c2-4488-be6b-bd638a83a03f'),
('fe29f6e2-e200-44a4-9545-a4680ab9366e');


INSERT INTO district (id, division_id, name, initials, office_id) VALUES
('321cc3d1-99e9-4b14-850e-7564afd47a79', '3ab59912-d9b9-476b-be27-60ef1638f041', 'Buffalo District', 'LRB', '17fa25b8-44a0-4e6d-9679-bdf6b0ee6b1a'),
('7d7636a0-9607-46d0-b3d1-89b19e2efded', '3ab59912-d9b9-476b-be27-60ef1638f041', 'Chicago District', 'LRC', 'd8f8934d-e414-499d-bd51-bc93bbde6345'),
('e12d168d-374a-49de-8940-a65ef93cb8d2', '3ab59912-d9b9-476b-be27-60ef1638f041', 'Detroit District', 'LRE', 'a8192ad1-206c-4da6-b19e-b7ba7a67aa1f'),
('2fefd988-9d42-4289-b21a-753756ee8748', '3ab59912-d9b9-476b-be27-60ef1638f041', 'Huntington District', 'LRH', '2f160ba7-fd5f-4716-8ced-4a29f75065a6'),
('cb26f34a-77c7-442c-8e46-4a9b4864266e', '3ab59912-d9b9-476b-be27-60ef1638f041', 'Louisville District', 'LRL', '433a554d-7b27-4046-89eb-906788eb4046'),
('be865d1c-8348-44b1-a2b2-accf959ed41d', '3ab59912-d9b9-476b-be27-60ef1638f041', 'Nashville District', 'LRN', '552e59f7-c0cc-4689-8a4d-e791c028430a'),
('02c990a5-b4f8-43ac-84d9-2f6ac753813e', '3ab59912-d9b9-476b-be27-60ef1638f041', 'Pittsburgh District', 'LRP', '61291eaf-d62f-4846-ad95-87cc86b56851'),
('9f6b422a-39cf-4d75-b23a-39b2f450c354', 'efdc137c-3077-40aa-81ab-172aea45f6d6', 'Memphis District', 'MVM', '1245e3c0-fc72-4621-86b2-24ff7de21f88'),
('8450b1c6-e71e-4e7c-89a9-4b5b198d6595', 'efdc137c-3077-40aa-81ab-172aea45f6d6', 'New Orleans District', 'MVN', 'f81f5659-ce57-4c87-9c7a-0d685a983bfd'),
('e716e041-fa2b-4dc9-bd3c-cbde5912af3d', 'efdc137c-3077-40aa-81ab-172aea45f6d6', 'Rock Island District', 'MVR', '81557734-7046-4c55-90ac-066dd882166a'),
('43b884d2-e91e-4f2d-b01b-4e1ba109ca2d', 'efdc137c-3077-40aa-81ab-172aea45f6d6', 'St. Louis District', 'MVS', '565be474-0c68-44a6-8e66-b833a39685bd'),
('487f09a1-a68b-46cd-8310-57ae5cecdf8d', 'efdc137c-3077-40aa-81ab-172aea45f6d6', 'St. Paul District', 'MVP', '2cf60156-f22a-418a-bc9f-a28960ad0321'),
('e8e87a67-9c8f-4a6b-8345-866b5845b910', 'efdc137c-3077-40aa-81ab-172aea45f6d6', 'Vicksburg District', 'MVK', 'b9cca282-eb91-4ea1-b075-d067b4420184'),
('7affcf88-6ee6-4fc5-aa09-32594b334dbc', 'fcf3c8bc-3e96-4e27-acbd-9956da2e6616', 'Baltimore District', 'NAB', '7ed4821f-9e37-4c56-8baf-05c1b5bcc84c'),
('e708078e-1c9c-408a-bd13-82bbf5fcb3ac', 'fcf3c8bc-3e96-4e27-acbd-9956da2e6616', 'Europe District', 'NAU', NULL),
('41219a9a-d689-4bef-9aef-bea23b17ea8d', 'fcf3c8bc-3e96-4e27-acbd-9956da2e6616', 'New England District', 'NAE', '30cb06ee-bd94-4c49-a945-e92735e7bdc1'),
('3315572f-b9b1-4e04-8594-cb02bc8e445e', 'fcf3c8bc-3e96-4e27-acbd-9956da2e6616', 'New York District', 'NAN', NULL),
('630eb743-876a-4286-8112-f0702de98bb2', 'fcf3c8bc-3e96-4e27-acbd-9956da2e6616', 'Norfolk District', 'NAO', 'a47f1ef4-1017-43c1-bf36-67f57376d163'),
('2f530073-b1b2-420b-8634-1680b4ab3c05', 'fcf3c8bc-3e96-4e27-acbd-9956da2e6616', 'Philadelphia District', 'NAP', '1989e3fc-f12a-42da-a263-c3ae978e2c09'),
('90c3e812-bdde-45ff-ae4f-f3392991d44e', '21ea5cf4-9734-41dc-ab40-f5472bd5bbfd', 'Kansas City District', 'NWK', '5b35ea7c-8d1b-481a-956b-b32939093db4'),
('218fc12f-d257-4580-b74f-5c70c1f04cce', '21ea5cf4-9734-41dc-ab40-f5472bd5bbfd', 'Omaha District', 'NOW', '665ffb00-ccba-488c-83c5-2083543cacd7'),
('5cf0df51-21d8-473e-b46c-edfa58a0a109', '21ea5cf4-9734-41dc-ab40-f5472bd5bbfd', 'Portland District', 'NWP', '8b0a732d-d511-4332-b2e7-dd6943a597e9'),
('db615b95-5a88-40f1-8cfe-d1187a0a66e7', '21ea5cf4-9734-41dc-ab40-f5472bd5bbfd', 'Seattle District', 'NWS', '007cbff5-6946-4b9b-a3f7-0bef4406f122'),
('0cb58fa0-a002-433c-897e-fa01d3edb399', '21ea5cf4-9734-41dc-ab40-f5472bd5bbfd', 'Walla Walla District', 'NWW', '30266178-d32a-4e07-aea1-1f7182ed245e'),
('a26d3e91-119c-4cc1-a5ce-9ac4283183bb', 'ef2760a7-1d6f-4c12-b1ac-0f0b1cad2b7d', 'Alaska District', 'POA', NULL),
('6a4eba67-2182-42e5-891d-179aac028829', 'ef2760a7-1d6f-4c12-b1ac-0f0b1cad2b7d', 'Far East District', 'POF', NULL),
('e37254c5-7c9c-4e72-ab4e-7f7d2558d656', 'ef2760a7-1d6f-4c12-b1ac-0f0b1cad2b7d', 'Honolulu District', 'POH', NULL),
('ca516ec6-4102-4d7b-8212-93e6a21868ad', 'ef2760a7-1d6f-4c12-b1ac-0f0b1cad2b7d', 'Japan Engineer District', 'POJ', NULL),
('d0dc5985-aa39-426c-9f95-fc70716ed96a', 'b23031fc-60f6-4ae4-a82c-f7a6210f8614', 'Charleston District', 'SAC', 'd4501358-1c48-45cb-86f3-f1a31e9bd93f'),
('c1bcd699-17cc-422e-9e53-d82f41aeaeb8', 'b23031fc-60f6-4ae4-a82c-f7a6210f8614', 'Jacksonville District', 'SAJ', 'b4f45596-70e5-4a12-a894-a64300648244'),
('be54ad0b-4c00-4983-b2fc-76bc341b0432', 'b23031fc-60f6-4ae4-a82c-f7a6210f8614', 'Mobile District', 'SAM', '9ffc189c-ad40-4fbf-bc06-2098c6cb920e'),
('c3cb72c5-a082-430a-b682-6e6765fea619', 'b23031fc-60f6-4ae4-a82c-f7a6210f8614', 'Savannah District', 'SAS', '0154184e-2509-4485-b449-8eff4ab52eef'),
('4d6b988b-5b70-41c6-bbb3-e3e580c17b6b', 'b23031fc-60f6-4ae4-a82c-f7a6210f8614', 'Wilmington District', 'SAW', 'ba1f7846-43d9-4a21-9876-27c59510d9c0'),
('58cc7a26-21dd-400b-b5ec-e84b8ae9f2eb', 'f3addd12-1f7d-43a0-b692-c42be934ead9', 'Albuquerque District', 'SPA', '11b5fe49-fe36-4a06-a0da-d55b1b62b1fb'),
('0386f35d-b2b7-446e-ab31-524034c3512e', 'f3addd12-1f7d-43a0-b692-c42be934ead9', 'Los Angeles District', 'SPL', 'b8cec5bc-f975-4bed-993d-8f913ca51673'),
('f3255f75-8ad9-414f-9e78-a6f054352b86', 'f3addd12-1f7d-43a0-b692-c42be934ead9', 'Sacramento District ', 'SPK', 'ff52a84b-356a-4173-a8df-89a1b408d354'),
('1970c46a-7b53-48ad-8749-4575b1df3ad1', 'f3addd12-1f7d-43a0-b692-c42be934ead9', 'San Francisco District', 'SPN', 'cf9b1f4d-1cd3-4a00-b73d-b6f8fe75915e'),
('09d7c0f5-a8ae-4869-b9f4-4e8dcfb56b5d', 'b312c218-5c69-4a17-a7fb-f61f2b86b566', 'Fort Worth District', 'SWF', 'f3f0d7ff-19b6-4167-a3f1-5c04f5a0fe4d'),
('a80c242e-07db-4fb0-a22d-342c2dd04d12', 'b312c218-5c69-4a17-a7fb-f61f2b86b566', 'Galveston District', 'SWG', '72ee5695-cdaa-4182-b0c1-4d27f1a3f570'),
('d30b429b-8f33-47b2-a276-bf86f8f50346', 'b312c218-5c69-4a17-a7fb-f61f2b86b566', 'Little Rock District', 'SWL', '131daa5c-49c2-4488-be6b-bd638a83a03f'),
('ddeec2a1-b416-4610-b24d-bf8065b07b79', 'b312c218-5c69-4a17-a7fb-f61f2b86b566', 'Tulsa District', 'SWT', 'fe29f6e2-e200-44a4-9545-a4680ab9366e'),
('c4806796-c244-4459-a49c-123425fad897', '0634eca3-c13e-41de-b012-8c456d6422d7', 'Middle East District', 'TAM', NULL),
('6e53b51b-c865-40af-af4a-63913ad2bb2d', '0634eca3-c13e-41de-b012-8c456d6422d7', 'Transatlantic Afghanistan District', 'TAD', NULL);


INSERT INTO instrument_type (id, name, icon) VALUES
('2f340c02-8bac-4bf4-9d5e-08a6f395ee8f', 'Adas', 'cloud-sync'),
('3350b1d1-a946-49a8-bf19-587d7163e0f7', 'Barometer', 'arrow-collapse-all'),
('43671cb6-4141-45e4-9d17-b75a0e0508e1', 'Crackmeter', 'ruler'),
('6b8ef914-79ec-41d1-93bc-ba44694baa71', 'Drain', 'arrow-down-circle-outline'),
('03b950c9-7b53-408f-b874-b42353dc1ba7', 'Earth Pressure Cell', 'earth-arrow-up'),
('69c8fcc2-0bbc-43b0-bdc2-a44f6ce5c1de', 'Extensometer', 'align-vertical-top'),
('11ffb059-e3d2-4cd7-a076-4fba7828bfbb', 'Extraction Well', 'source-pull'),
('d65f62d0-57d7-49af-8078-d8f3fdb75477', 'Flowmeter', 'water-pump'),
('135460f1-033f-46e0-b204-ed23074c0817', 'Flume', 'waves-arrow-left'),
('3c3dfc23-ed2a-4a4a-9ce0-683c7c1d4d20', 'Inclinometer', 'plus-circle-outline'),
('98a61f29-18a8-430a-9d02-0f53486e0984', 'Instrument', 'gauge'),
('c81f3a5d-fc5f-47fd-b545-401fe6ee63bb', 'IPI', 'plus-circle-multiple-outline'),
('1c8e8b3b-3322-4175-8d3a-c4c08ca1a86c', 'Joint Meter', 'ruler'),
('cb6a616e-4953-4807-a312-50622a57570a', 'Liquid Level Gauge', 'spirit-level'),
('39d299ee-6cf6-4924-bba3-39f20d713b0f', 'Load Cell', 'scale'),
('486da6b4-f7a8-4c7f-a0cc-ee13c39673fb', 'Observation Well', 'water-well'),
('d9cf24af-bfef-45ec-8812-c76faa2b8feb', 'Pendulum', 'bullseye-arrow'),
('1bb4bf7c-f5f8-44eb-9805-43b07ffadbef', 'Piezometer', 'triangle-down'),
('835bb7b9-5c80-48db-8c7f-06dfcacfc5d8', 'Plumbline', 'bullseye'),
('f735d3e5-3741-4946-9913-0b5f178f8052', 'Pore Pressure Cell', 'dots-triangle'),
('f371126d-fbe9-494d-869c-d55d8c393e65', 'Precipitation', 'weather-rainy'),
('466b7603-0763-4aae-a67b-9bc78e630934', 'Relief Well', 'water-well-outline'),
('07b91c5c-c1c5-428d-8bb9-e4c93ab2b9b9', 'SAA', 'star-four-points-circle-outline'),
('c7c6f90b-1621-4bd6-95ea-e87cd8c326b1', 'Seismic Monitoring Device', 'waveform'),
('21f37666-0fb2-401d-bd8e-b9bcb8240b8d', 'Settlement Plate', 'download-multiple'),
('0fd1f9ba-2731-4ff9-96dd-3c03215ab06f', 'Staff Gage', 'magic-staff'),
('3fd6186e-39bd-4ec0-b57e-91da0b542d79', 'Strain Gauge', 'sawtooth-wave'),
('daf1e5f4-32bf-4a3d-bb31-94ffc5c95436', 'Stress Cell', 'head-alert'),
('4a91ca85-86c7-4055-8185-2155f5e60fd8', 'Surface Monitoring Point', 'monitor-eye'),
('e5ab6dfe-185c-4a72-a493-f7e3844df3fd', 'Survey Monitoring Point', 'crosshairs-gps'),
('0dabc138-265f-4278-87d7-412e3ec469ec', 'Thermister', 'thermometer'),
('d98aa744-ac14-4cb5-adbc-d275a7498951', 'Tiltmeter', 'angle-acute'),
('78ade434-d845-4195-b1c6-5ab5b376be97', 'Water Level', 'wave'),
('02a518e8-12de-4a0b-a07d-441989e920c1', 'Water Quality', 'water-alert'),
('7e63a703-aa68-444f-8cd4-9f7d09cbcb83', 'Weir', 'waves-arrow-right');


INSERT INTO profile (id, edipi, username, email, is_admin, display_name) VALUES
('e647d578-f2b5-48de-b9a7-cb27d04abda8', 79, 'MIDAS Automation', 'midas@rsgis.dev', false, 'MIDAS Automation');


INSERT INTO measure (id, name) VALUES
('b25b75e1-5b3d-451c-afc6-3db18f7f5bf8', 'acidity'),
('f3f9c804-5379-492e-b08e-d13b31598cd8', 'angle'),
('8f49aea3-c580-4813-9b56-f159397f367e', 'angular speed'),
('71daec34-d255-4dd5-8075-70ff93411389', 'area'),
('de6b0e4b-6199-4515-8ec1-0656ed50be55', 'areal volume rate'),
('900e7711-bb92-4c42-9a78-852e3b1c93c0', 'concentration'),
('2febeb7d-325e-431d-b482-16d319826341', 'conductance'),
('73d0dfa4-a526-4cb7-ba26-535663a1ac1d', 'conductivity'),
('54101d51-6c6c-4436-9495-8f4abf0b2271', 'count'),
('0a1d1d80-ad12-482e-a91e-bd905748b282', 'currency'),
('0cf92974-f0aa-49f5-9b66-f9fe4af714f7', 'electromotive potential'),
('3ce398f2-985f-4ed4-93f6-23595d1849b7', 'energy'),
('700ebff9-4997-4462-8d20-7fb770557ee2', 'flow'),
('cd70a8e1-b914-42ca-8554-40e3c72e54c2', 'force'),
('1351e7ed-9e7e-4b24-a081-e436206b8a6d', 'intensity'),
('98c548e8-caea-4042-b083-7ba1d4ab57d5', 'irradiance'),
('0ca977f6-a74c-4bb5-86c9-0166dba80034', 'irradiation'),
('2c2b39d2-186d-46e9-8dc7-aca36f03aa23', 'length'),
('d6391c73-b550-4422-b24b-f5de07a6d824', 'linear speed'),
('5042b88e-ad61-454d-953e-f07224be4f07', 'mass'),
('d3a8cd51-6318-4a61-90fa-148e3731cc33', 'mass concentration'),
('a2ee4309-db08-48b8-97c9-d424bf393510', 'ph'),
('e8a958ec-9bdf-4d9a-95db-27ed6eac8fb9', 'phase change rate index'),
('513bafdb-48e3-44ff-8189-54e8130ec76a', 'power'),
('c5e6a255-b9c2-4f9b-9a5b-f1168f645e5e', 'pressure'),
('4b5611c1-a395-4561-b816-abdeaf416e2a', 'ratio'),
('955f207d-9a48-45c5-9697-60a4ad7c9ca4', 'temperature'),
('b85b9367-f034-4783-bf5b-9220e32d4e6a', 'time'),
('631347f1-b12e-4d09-8d1c-9359148d8b22', 'turbidity'),
('43fefa8b-10e9-4b27-8ed4-36e36174fbeb', 'unknown'),
('c70e7392-0108-4a17-a99f-244895f12558', 'velocity'),
('a08f3cd5-233d-43f4-8f21-633a6aa63f0c', 'voltage'),
('4f18ff01-aeba-46bd-b5c8-05eec8cd8b43', 'volume'),
('68bd29ef-5908-4776-bcda-8e41056707fd', 'volume rate');


INSERT INTO parameter (id, name) VALUES
('b4ea8385-48a3-4e95-82fb-d102dfcbcb54', 'air-temperature'),
('377ecec0-f785-46ab-b0e2-5fd8c682dfea', 'conductivity'),
('98007857-d027-4524-9a63-d07ae93e5fa2', 'dissolved-oxygen'),
('83b5a1f7-948b-4373-a47c-d73ff622aafd', 'elevation'),
('a63a3202-3115-4ad4-9e5b-3d35f94647d2', 'flow'),
('068b59b0-aafb-4c98-ae4b-ed0365a6fbac', 'length'),
('5d0b2c85-6a4c-4d82-aed3-193b066349f1', 'ph'),
('0ce77a5a-8283-47cd-9126-c440bcec4ef6', 'precipitation'),
('1de79e29-fb70-45c3-ae7d-4695517ced90', 'pressure'),
('b23b141d-ce7b-4e0d-82ab-c8beb39c8325', 'signal-strength'),
('e46deb1d-e7e4-4d49-a874-18306991ecfe', 'speed'),
('b49f214e-f69f-43da-9ce3-ad96042268d0', 'stage'),
('3676df6a-37c2-4a81-9072-ddcd4ab93702', 'turbidity'),
('2b7f96e1-820f-4f61-ba8f-861640af6232', 'unknown'),
('06189199-a25f-4101-b8bd-991c6a5a7ab3', 'velocity'),
('430e5edb-e2b5-4f86-b19f-cda26a27e151', 'voltage'),
('de6112da-8489-4286-ae56-ec72aa09974d', 'water-temperature'),
('3ea5ed77-c926-4696-a580-a3fde0f9a556', 'inclinometer-constant'),
('6d12ca4c-b618-41cd-87a2-a248980a0d69', 'saa-constant'),
('a9a5ad45-b2e5-4744-816e-d3184f2c08bd', 'ipi-constant');


INSERT INTO unit_family (id, name) VALUES
('c9f3b6d2-3136-4330-a330-66e402b4ee04', 'univ'),
('19ad5455-4d6a-47d3-a28a-87bdfac2d75c', 'metric'),
('c4eccc63-4bfb-4dd2-9f73-920ec7b385a0', 'english');


INSERT INTO unit (id, name, abbreviation, unit_family_id, measure_id) VALUES
('31e65a46-2a67-48f9-9b51-c49f0c82a5dc', 'Acre-feet', 'ac-ft', 'c4eccc63-4bfb-4dd2-9f73-920ec7b385a0', '4f18ff01-aeba-46bd-b5c8-05eec8cd8b43'),
('4a2b0a3d-5687-49b5-a31f-0b94bb28eaeb', 'Calories', 'cal', 'c4eccc63-4bfb-4dd2-9f73-920ec7b385a0', '3ce398f2-985f-4ed4-93f6-23595d1849b7'),
('2d379b61-fef6-4531-9e58-cace51909e44', 'Centigrade', 'C', '19ad5455-4d6a-47d3-a28a-87bdfac2d75c', '955f207d-9a48-45c5-9697-60a4ad7c9ca4'),
('3ba8644b-46d6-46d2-88ad-8abfb8c1d89e', 'Centimeters', 'cm', '19ad5455-4d6a-47d3-a28a-87bdfac2d75c', '2c2b39d2-186d-46e9-8dc7-aca36f03aa23'),
('a0b5e08c-0e67-45f8-9bc6-c2cede798516', 'Cfs per square mile', 'cfs/mi2', 'c4eccc63-4bfb-4dd2-9f73-920ec7b385a0', 'de6b0e4b-6199-4515-8ec1-0656ed50be55'),
('ea3f83cf-64fc-4858-91e7-a44b719965fd', 'Cms per square kilometer', 'cms/km2', '19ad5455-4d6a-47d3-a28a-87bdfac2d75c', 'de6b0e4b-6199-4515-8ec1-0656ed50be55'),
('4484c18a-61aa-48b4-8cf5-63d3b8c6d200', 'Count', 'unit', 'c9f3b6d2-3136-4330-a330-66e402b4ee04', '54101d51-6c6c-4436-9495-8f4abf0b2271'),
('f505adf3-1f8c-4f05-ae51-06d8ed4e1d9a', 'Cubic feet', 'ft3', 'c4eccc63-4bfb-4dd2-9f73-920ec7b385a0', '4f18ff01-aeba-46bd-b5c8-05eec8cd8b43'),
('a24cdecc-a4ec-4ca7-bc0c-f8fb6bb39e04', 'Cubic kilometers', 'km3', '19ad5455-4d6a-47d3-a28a-87bdfac2d75c', '4f18ff01-aeba-46bd-b5c8-05eec8cd8b43'),
('bf9a00d8-084b-4006-b71a-602616f1f59a', 'Cubic meters', 'M^3', '19ad5455-4d6a-47d3-a28a-87bdfac2d75c', '4f18ff01-aeba-46bd-b5c8-05eec8cd8b43'),
('67d3c3f0-ae76-4807-8cdd-4e29fa8d8b39', 'Cubic meters per second', 'cms', '19ad5455-4d6a-47d3-a28a-87bdfac2d75c', '68bd29ef-5908-4776-bcda-8e41056707fd'),
('5a2922f1-3553-4b0f-88ff-1ce12c47bf5c', 'Cubic miles', 'mile3', 'c4eccc63-4bfb-4dd2-9f73-920ec7b385a0', '4f18ff01-aeba-46bd-b5c8-05eec8cd8b43'),
('28da1a36-4a7a-4f82-b65d-39ad543189ac', 'Degrees', 'deg', 'c9f3b6d2-3136-4330-a330-66e402b4ee04', 'f3f9c804-5379-492e-b08e-d13b31598cd8'),
('be854f6e-e36e-4bba-9e06-6d5aa09485be', 'Decibels', 'dB', 'c9f3b6d2-3136-4330-a330-66e402b4ee04', '1351e7ed-9e7e-4b24-a081-e436206b8a6d'),
('f2b8e84d-be4d-44d2-b772-a87e4c04cc46', 'Dollars', '$', 'c9f3b6d2-3136-4330-a330-66e402b4ee04', '0a1d1d80-ad12-482e-a91e-bd905748b282'),
('10e05b5c-7e96-434b-9182-a547333e1c52', 'Fahrenheit', 'F', 'c4eccc63-4bfb-4dd2-9f73-920ec7b385a0', '955f207d-9a48-45c5-9697-60a4ad7c9ca4'),
('7d8e5bb9-b9ea-4920-9def-0589160ea412', 'Formazin Nephelometric Unit', 'FNU', 'c9f3b6d2-3136-4330-a330-66e402b4ee04', '631347f1-b12e-4d09-8d1c-9359148d8b22'),
('8a7afb4f-e0ac-409d-98ea-b025dce9b777', 'Gallons per minute', 'gpm', 'c4eccc63-4bfb-4dd2-9f73-920ec7b385a0', '68bd29ef-5908-4776-bcda-8e41056707fd'),
('d58bdb43-2c78-4237-bb52-6d44016d186b', 'Gigawatt-hours', 'GWh', 'c9f3b6d2-3136-4330-a330-66e402b4ee04', '3ce398f2-985f-4ed4-93f6-23595d1849b7'),
('89022ea4-71e5-4be7-a6ac-6a3d87b9223c', 'Gigawatts', 'GW', 'c9f3b6d2-3136-4330-a330-66e402b4ee04', '513bafdb-48e3-44ff-8189-54e8130ec76a'),
('fa7deb5c-783e-44f1-8622-3da4a33a5795', 'Grams per cubic centimeters', 'gm/cm3', '19ad5455-4d6a-47d3-a28a-87bdfac2d75c', 'd3a8cd51-6318-4a61-90fa-148e3731cc33'),
('f0151377-4ce0-42e3-b47e-acd81ce5558e', 'Grams per liter', 'g/l', '19ad5455-4d6a-47d3-a28a-87bdfac2d75c', 'd3a8cd51-6318-4a61-90fa-148e3731cc33'),
('42029141-61fc-4280-b1cf-d3ad8a3b210e', 'Hectares', 'ha', 'c4eccc63-4bfb-4dd2-9f73-920ec7b385a0', '71daec34-d255-4dd5-8075-70ff93411389'),
('39b025ed-488d-42ab-93a2-08ae5cdc8ae0', 'Inches of mercury', 'in-hg', 'c4eccc63-4bfb-4dd2-9f73-920ec7b385a0', 'c5e6a255-b9c2-4f9b-9a5b-f1168f645e5e'),
('f5652580-4e5f-4fdb-b80c-ef1ad46c9242', 'Inches per day', 'in/day', 'c4eccc63-4bfb-4dd2-9f73-920ec7b385a0', 'd6391c73-b550-4422-b24b-f5de07a6d824'),
('7a0c33bd-8c18-4e88-9bad-bb18e2b7ed38', 'Inches per degree-day', 'in/deg-day', 'c4eccc63-4bfb-4dd2-9f73-920ec7b385a0', 'e8a958ec-9bdf-4d9a-95db-27ed6eac8fb9'),
('2210ac17-04f6-4b29-ad7c-0cd9c40ffa2f', 'Inches per hour', 'in/hr', 'c4eccc63-4bfb-4dd2-9f73-920ec7b385a0', 'd6391c73-b550-4422-b24b-f5de07a6d824'),
('55f22541-65b4-4c3e-9a36-72d7a0fe2b1e', 'Jackson Turbitiy Unit', 'JTU', 'c9f3b6d2-3136-4330-a330-66e402b4ee04', '631347f1-b12e-4d09-8d1c-9359148d8b22'),
('baa937d4-eeff-4a90-bdd5-cdba08ef21f1', 'Joules per square meters', 'J/m2', '19ad5455-4d6a-47d3-a28a-87bdfac2d75c', '0ca977f6-a74c-4bb5-86c9-0166dba80034'),
('ebe3c23b-e25f-42b1-ad2a-db752fccc6fa', 'Kilo-cubic feet per second', 'kcfs', 'c4eccc63-4bfb-4dd2-9f73-920ec7b385a0', '68bd29ef-5908-4776-bcda-8e41056707fd'),
('b4653aaf-cd50-4589-bf1d-c1ded1247d30', 'Kiloacre-feet', 'kaf', 'c4eccc63-4bfb-4dd2-9f73-920ec7b385a0', '4f18ff01-aeba-46bd-b5c8-05eec8cd8b43'),
('6df4c80f-7af9-4f91-94da-a1e24cc8e3f6', 'Kilocalories', 'kcal', 'c4eccc63-4bfb-4dd2-9f73-920ec7b385a0', '3ce398f2-985f-4ed4-93f6-23595d1849b7'),
('4df68cc3-2065-412b-af6b-fac5ccf1a087', 'Kilogallons', 'kgal', 'c4eccc63-4bfb-4dd2-9f73-920ec7b385a0', '4f18ff01-aeba-46bd-b5c8-05eec8cd8b43'),
('2f50063c-121b-4926-8793-49a9a1baac51', 'Kilometers', 'km', '19ad5455-4d6a-47d3-a28a-87bdfac2d75c', '2c2b39d2-186d-46e9-8dc7-aca36f03aa23'),
('5f31367e-be0f-44b0-8618-53476db34944', 'Kilometers per hour', 'kph', '19ad5455-4d6a-47d3-a28a-87bdfac2d75c', 'd6391c73-b550-4422-b24b-f5de07a6d824'),
('50f18926-2953-4335-a96b-7212c4b927ed', 'Kilopascals', 'kPa', '19ad5455-4d6a-47d3-a28a-87bdfac2d75c', 'c5e6a255-b9c2-4f9b-9a5b-f1168f645e5e'),
('d2805505-4615-4a2e-948a-e0f49025b0a7', 'Kilowatt-hours', 'kWh', 'c9f3b6d2-3136-4330-a330-66e402b4ee04', '3ce398f2-985f-4ed4-93f6-23595d1849b7'),
('aa2fc05d-162f-486b-9fe3-a1b175c207bf', 'Langley', 'langley', 'c4eccc63-4bfb-4dd2-9f73-920ec7b385a0', '0ca977f6-a74c-4bb5-86c9-0166dba80034'),
('f18629fd-5c40-4d6c-a38b-05a15b7a47bd', 'Langley per minute', 'langley/min', 'c4eccc63-4bfb-4dd2-9f73-920ec7b385a0', '98c548e8-caea-4042-b083-7ba1d4ab57d5'),
('d76034bc-3853-4326-a494-f9acb9f308fb', 'Megawatt-hours', 'MWh', 'c9f3b6d2-3136-4330-a330-66e402b4ee04', '3ce398f2-985f-4ed4-93f6-23595d1849b7'),
('6b2011ff-795e-4139-a6aa-afb593bf15ca', 'Megawatts', 'MW', 'c9f3b6d2-3136-4330-a330-66e402b4ee04', '513bafdb-48e3-44ff-8189-54e8130ec76a'),
('ae06a7db-1e18-4994-be41-9d5a408d6cad', 'Meters', 'm', '19ad5455-4d6a-47d3-a28a-87bdfac2d75c', '2c2b39d2-186d-46e9-8dc7-aca36f03aa23'),
('e142d705-9eb6-4965-91d0-af55739189b0', 'Meters per second', 'm/s', '19ad5455-4d6a-47d3-a28a-87bdfac2d75c', 'd6391c73-b550-4422-b24b-f5de07a6d824'),
('c0fb3e31-60eb-4203-8755-e88c533bc61c', 'Metric ton', 'mt', '19ad5455-4d6a-47d3-a28a-87bdfac2d75c', '5042b88e-ad61-454d-953e-f07224be4f07'),
('7885df76-fde6-4490-9bd2-0dce06660076', 'Mhos', 'mho', 'c9f3b6d2-3136-4330-a330-66e402b4ee04', '2febeb7d-325e-431d-b482-16d319826341'),
('64b913ae-90a9-45a9-96bc-6ef317e30c1a', 'Micro Siemens per Centimeter', 'uS/cm', '19ad5455-4d6a-47d3-a28a-87bdfac2d75c', '2febeb7d-325e-431d-b482-16d319826341'),
('f9ec4d95-4367-4774-8cf7-5d21de82ed31', 'Micro-Siemens', 'uS', 'c9f3b6d2-3136-4330-a330-66e402b4ee04', '2febeb7d-325e-431d-b482-16d319826341'),
('bece84d1-13bd-4e99-9bb1-c79e5274d751', 'Micro-mhos', 'umho', 'c9f3b6d2-3136-4330-a330-66e402b4ee04', '2febeb7d-325e-431d-b482-16d319826341'),
('633bd96c-5bdb-436f-b464-f18d90b7d736', 'Micro-mhos per centimeter', 'umho/cm', 'c9f3b6d2-3136-4330-a330-66e402b4ee04', '73d0dfa4-a526-4cb7-ba26-535663a1ac1d'),
('ac6ecf6e-7cc1-48bc-ba61-f878cbe7b2b1', 'MicroMHOs per centimeter', 'uMHOs/cm', '19ad5455-4d6a-47d3-a28a-87bdfac2d75c', '2febeb7d-325e-431d-b482-16d319826341'),
('55dda9ef-7ba6-4432-b64d-8ef0e65154f4', 'Millibars', 'mb', '19ad5455-4d6a-47d3-a28a-87bdfac2d75c', 'c5e6a255-b9c2-4f9b-9a5b-f1168f645e5e'),
('67d75ccd-6bf7-4086-a970-5ed65a5c30f3', 'Milligrams per liter', 'mg/l', '19ad5455-4d6a-47d3-a28a-87bdfac2d75c', 'd3a8cd51-6318-4a61-90fa-148e3731cc33'),
('612d6fa5-954a-40fd-86d6-c21a75fe6cff', 'Millimeters', 'mm', '19ad5455-4d6a-47d3-a28a-87bdfac2d75c', '2c2b39d2-186d-46e9-8dc7-aca36f03aa23'),
('fc5f41e1-f5c6-453b-bda9-97530f400cc7', 'Millimeters of mercury', 'mm-hg', '19ad5455-4d6a-47d3-a28a-87bdfac2d75c', 'c5e6a255-b9c2-4f9b-9a5b-f1168f645e5e'),
('7a6dd39d-7662-43fa-bb1f-1ed28f266b5b', 'Millimeters per day', 'mm/day', '19ad5455-4d6a-47d3-a28a-87bdfac2d75c', 'd6391c73-b550-4422-b24b-f5de07a6d824'),
('4656ae18-596b-488c-94c5-c07f36e221cd', 'Millimeters per degree-day', 'mm/deg-day', '19ad5455-4d6a-47d3-a28a-87bdfac2d75c', 'e8a958ec-9bdf-4d9a-95db-27ed6eac8fb9'),
('c3beaa02-38aa-4925-b444-280ae847ded1', 'Millimeters per hour', 'mm/hr', '19ad5455-4d6a-47d3-a28a-87bdfac2d75c', 'd6391c73-b550-4422-b24b-f5de07a6d824'),
('cffd4714-3378-4c3d-96ed-2d68c11223d7', 'Millions of gallons', 'mgal', 'c4eccc63-4bfb-4dd2-9f73-920ec7b385a0', '4f18ff01-aeba-46bd-b5c8-05eec8cd8b43'),
('576d54f5-c90c-40e5-833f-7e2e9745c00d', 'Millions of gallons per day', 'mgd', 'c4eccc63-4bfb-4dd2-9f73-920ec7b385a0', '68bd29ef-5908-4776-bcda-8e41056707fd'),
('e65274a5-3d42-4b96-8db6-696d65d92a8d', 'Nephelometric Turbidity Unit', 'NTU', 'c9f3b6d2-3136-4330-a330-66e402b4ee04', '631347f1-b12e-4d09-8d1c-9359148d8b22'),
('fc3e2065-3815-4078-827d-bee5cd714955', 'Pounds', 'lb', 'c4eccc63-4bfb-4dd2-9f73-920ec7b385a0', 'cd70a8e1-b914-42ca-8554-40e3c72e54c2'),
('3254f483-5e66-405c-acf2-2a8add714bf5', 'Raw Undefined Units', 'raw', 'c9f3b6d2-3136-4330-a330-66e402b4ee04', '43fefa8b-10e9-4b27-8ed4-36e36174fbeb'),
('565197e0-3bb4-4f7c-a55c-eabbc51c3a29', 'Revolution', 'rev', 'c9f3b6d2-3136-4330-a330-66e402b4ee04', 'f3f9c804-5379-492e-b08e-d13b31598cd8'),
('191b914b-b4ad-43ca-9680-d4d44ddc12a6', 'Revolutions per minute', 'rpm', 'c9f3b6d2-3136-4330-a330-66e402b4ee04', '8f49aea3-c580-4813-9b56-f159397f367e'),
('cdf9a07a-99c9-4cfd-a87b-242407ce56c9', 'Siemens', 'S', 'c9f3b6d2-3136-4330-a330-66e402b4ee04', '2febeb7d-325e-431d-b482-16d319826341'),
('6b4727ea-dc34-4699-8a88-d7da04daa2e3', 'Square feet', 'ft2', 'c4eccc63-4bfb-4dd2-9f73-920ec7b385a0', '71daec34-d255-4dd5-8075-70ff93411389'),
('fe3715f0-bcaa-4b6e-ac68-5677096ab902', 'Square kilometers', 'km2', '19ad5455-4d6a-47d3-a28a-87bdfac2d75c', '71daec34-d255-4dd5-8075-70ff93411389'),
('bf91e9d0-f429-44f5-9774-ea7212ba8113', 'Square meters', 'm2', '19ad5455-4d6a-47d3-a28a-87bdfac2d75c', '71daec34-d255-4dd5-8075-70ff93411389'),
('0d179de1-188c-441c-9f04-f89008a8305b', 'Square miles', 'mile2', 'c4eccc63-4bfb-4dd2-9f73-920ec7b385a0', '71daec34-d255-4dd5-8075-70ff93411389'),
('5939c8bb-f924-45f0-9ec9-5673ae7f862c', 'Standard pH units', 'su', 'c9f3b6d2-3136-4330-a330-66e402b4ee04', 'a2ee4309-db08-48b8-97c9-d424bf393510'),
('0971c924-d7ef-4a4a-b73b-8718a91ba415', 'Tens of Degrees', 'deg*10', 'c9f3b6d2-3136-4330-a330-66e402b4ee04', 'f3f9c804-5379-492e-b08e-d13b31598cd8'),
('07f336b6-aa15-4d5e-af7a-5f2fcdc2001d', 'Terawatt-hour', 'TWh', 'c9f3b6d2-3136-4330-a330-66e402b4ee04', '3ce398f2-985f-4ed4-93f6-23595d1849b7'),
('c4a66be8-6bdf-4ded-8199-0233813fe777', 'Terawatts', 'TW', 'c9f3b6d2-3136-4330-a330-66e402b4ee04', '513bafdb-48e3-44ff-8189-54e8130ec76a'),
('c768c0c8-36e4-495a-bb9a-2065402db3c5', 'Thousands of cubic meters', '1000 m3', '19ad5455-4d6a-47d3-a28a-87bdfac2d75c', '4f18ff01-aeba-46bd-b5c8-05eec8cd8b43'),
('3383d7d4-ffa1-4522-a8f5-f16561c5bd2f', 'Thousands of square meters', '1000 m2', '19ad5455-4d6a-47d3-a28a-87bdfac2d75c', '71daec34-d255-4dd5-8075-70ff93411389'),
('6b5bd788-8c78-43bb-b5a3-ad544b858a64', 'Volts', 'V', '19ad5455-4d6a-47d3-a28a-87bdfac2d75c', 'a08f3cd5-233d-43f4-8f21-633a6aa63f0c'),
('a0be2c0a-e6e7-41c1-9417-91f6a4d2f8ea', 'Watt-hours', 'Wh', 'c9f3b6d2-3136-4330-a330-66e402b4ee04', '3ce398f2-985f-4ed4-93f6-23595d1849b7'),
('3008e1ff-338b-4072-865b-0ff68e0d68b6', 'Watts per square meter', 'W/m2', '19ad5455-4d6a-47d3-a28a-87bdfac2d75c', '98c548e8-caea-4042-b083-7ba1d4ab57d5'),
('23aa81c1-74a0-4186-a481-1fd2f146986e', 'acre feet', 'acre*ft', 'c4eccc63-4bfb-4dd2-9f73-920ec7b385a0', '4f18ff01-aeba-46bd-b5c8-05eec8cd8b43'),
('81451270-cce7-49b3-9d1c-cf7b1e557602', 'acres', 'acre', 'c4eccc63-4bfb-4dd2-9f73-920ec7b385a0', '71daec34-d255-4dd5-8075-70ff93411389'),
('bcc09b92-e21b-4be8-a76f-aa418764a83c', 'atmospheres', 'atm', '19ad5455-4d6a-47d3-a28a-87bdfac2d75c', 'c5e6a255-b9c2-4f9b-9a5b-f1168f645e5e'),
('3e6ebdd4-dc07-4854-8057-47a4b11da141', 'bars', 'bar', '19ad5455-4d6a-47d3-a28a-87bdfac2d75c', 'c5e6a255-b9c2-4f9b-9a5b-f1168f645e5e'),
('76985877-e19f-49b5-87e2-982fc03d77d7', 'british thermal unit', 'btu', 'c4eccc63-4bfb-4dd2-9f73-920ec7b385a0', '3ce398f2-985f-4ed4-93f6-23595d1849b7'),
('2e596176-a176-4f1f-b9d4-7bd03f283eda', 'centimeters', 'cM', '19ad5455-4d6a-47d3-a28a-87bdfac2d75c', '2c2b39d2-186d-46e9-8dc7-aca36f03aa23'),
('aaa20163-ef13-4956-9ef4-76f6273954d5', 'centimeters per second', 'cM/s', '19ad5455-4d6a-47d3-a28a-87bdfac2d75c', 'c70e7392-0108-4a17-a99f-244895f12558'),
('abc1c2e0-64a7-468c-9684-15569c33d56e', 'counts', 'count', 'c9f3b6d2-3136-4330-a330-66e402b4ee04', '54101d51-6c6c-4436-9495-8f4abf0b2271'),
('b8c28057-9751-4850-be45-d1ab921faf6a', 'cubic centimeter', 'cc', '19ad5455-4d6a-47d3-a28a-87bdfac2d75c', '4f18ff01-aeba-46bd-b5c8-05eec8cd8b43'),
('71e15fb3-84a6-4aa2-a7d1-f8a6cfe2d9ef', 'cubic feet', 'ft^3', 'c4eccc63-4bfb-4dd2-9f73-920ec7b385a0', '4f18ff01-aeba-46bd-b5c8-05eec8cd8b43'),
('d23b3b3b-69dc-4753-8b59-01848f027408', 'cubic feet per second', 'cfs', 'c4eccc63-4bfb-4dd2-9f73-920ec7b385a0', '700ebff9-4997-4462-8d20-7fb770557ee2'),
('259c1ab3-4f70-4279-b698-b28bb1aaa009', 'cubic inches', 'in^3', 'c4eccc63-4bfb-4dd2-9f73-920ec7b385a0', '4f18ff01-aeba-46bd-b5c8-05eec8cd8b43'),
('c4d57208-54ea-420f-802b-8de8698f0616', 'cubic meter', 'm^3', '19ad5455-4d6a-47d3-a28a-87bdfac2d75c', '4f18ff01-aeba-46bd-b5c8-05eec8cd8b43'),
('66239345-fa21-48cd-922a-7304fc3cffa2', 'cubic meters per second', 'm^3/s', '19ad5455-4d6a-47d3-a28a-87bdfac2d75c', '700ebff9-4997-4462-8d20-7fb770557ee2'),
('1c9e2b24-ec6f-49a6-b18a-7ca1a9a4a79d', 'day-second-foot', 'dsf', 'c4eccc63-4bfb-4dd2-9f73-920ec7b385a0', '4f18ff01-aeba-46bd-b5c8-05eec8cd8b43'),
('3ac8944a-99d4-4ef2-874f-667983b63e6e', 'days', 'day', 'c9f3b6d2-3136-4330-a330-66e402b4ee04', 'b85b9367-f034-4783-bf5b-9220e32d4e6a'),
('6462733b-5b42-46a2-ad44-882a5332eafc', 'degrees Celsius', 'degC', '19ad5455-4d6a-47d3-a28a-87bdfac2d75c', '955f207d-9a48-45c5-9697-60a4ad7c9ca4'),
('daeee256-c762-43a2-8369-2d295525023c', 'degrees Fahrenheit', 'degF', 'c4eccc63-4bfb-4dd2-9f73-920ec7b385a0', '955f207d-9a48-45c5-9697-60a4ad7c9ca4'),
('959e4dcb-c871-4b85-bc07-1b5ab644962a', 'degrees Kelvin', 'degK', '19ad5455-4d6a-47d3-a28a-87bdfac2d75c', '955f207d-9a48-45c5-9697-60a4ad7c9ca4'),
('877042fd-743e-43c0-b637-6c7c34f1875c', 'dyn', 'dyn', '19ad5455-4d6a-47d3-a28a-87bdfac2d75c', 'cd70a8e1-b914-42ca-8554-40e3c72e54c2'),
('83ca3059-528d-497c-8944-4dff0ce6239b', 'ergs', 'erg', 'c4eccc63-4bfb-4dd2-9f73-920ec7b385a0', '3ce398f2-985f-4ed4-93f6-23595d1849b7'),
('f777f2e2-5e32-424e-a1ca-19d16cd8abce', 'feet', 'ft', 'c4eccc63-4bfb-4dd2-9f73-920ec7b385a0', '2c2b39d2-186d-46e9-8dc7-aca36f03aa23'),
('1924c73e-591e-4d08-bd7d-cbd46d555b9b', 'feet per second', 'ft/s', 'c4eccc63-4bfb-4dd2-9f73-920ec7b385a0', 'c70e7392-0108-4a17-a99f-244895f12558'),
('def3ff33-dae6-4a67-b24c-9a1b8bb463f8', 'fluid ounce', 'floz', 'c4eccc63-4bfb-4dd2-9f73-920ec7b385a0', '4f18ff01-aeba-46bd-b5c8-05eec8cd8b43'),
('d84334e2-d99f-4708-b158-f80a40bf820a', 'foot-pounds per second', 'ft*lbf/s', 'c4eccc63-4bfb-4dd2-9f73-920ec7b385a0', '513bafdb-48e3-44ff-8189-54e8130ec76a'),
('7c5b5dc4-8c71-43f1-8ae5-914ee21d1ccc', 'gallon', 'gal', 'c4eccc63-4bfb-4dd2-9f73-920ec7b385a0', '4f18ff01-aeba-46bd-b5c8-05eec8cd8b43'),
('a063b3d6-c476-4dc6-8db1-2e4320bbfc02', 'grams', 'G', '19ad5455-4d6a-47d3-a28a-87bdfac2d75c', '5042b88e-ad61-454d-953e-f07224be4f07'),
('6a8de16e-05ab-40ea-a51a-e8bc5fdb987b', 'grams per liter', 'g/L', '19ad5455-4d6a-47d3-a28a-87bdfac2d75c', '900e7711-bb92-4c42-9a78-852e3b1c93c0'),
('82dbaa25-b2cc-400c-b258-fe1200c85141', 'horsepower', 'hp', 'c4eccc63-4bfb-4dd2-9f73-920ec7b385a0', '513bafdb-48e3-44ff-8189-54e8130ec76a'),
('eed52efd-ec26-46ba-98de-582a22ec4ed4', 'hours', 'hr', 'c9f3b6d2-3136-4330-a330-66e402b4ee04', 'b85b9367-f034-4783-bf5b-9220e32d4e6a'),
('4ee79a3d-a053-41b8-85b5-bb2eea3c9d1a', 'inches', 'in', 'c4eccc63-4bfb-4dd2-9f73-920ec7b385a0', '2c2b39d2-186d-46e9-8dc7-aca36f03aa23'),
('3ccd658d-f656-4fb4-b2b9-913ab7279ada', 'inches of mercury', 'inHg', 'c4eccc63-4bfb-4dd2-9f73-920ec7b385a0', 'c5e6a255-b9c2-4f9b-9a5b-f1168f645e5e'),
('063497fb-7693-47c5-b9a6-fdfac8dd7562', 'inches per second', 'in/s', 'c4eccc63-4bfb-4dd2-9f73-920ec7b385a0', 'c70e7392-0108-4a17-a99f-244895f12558'),
('95a1e3e2-adf8-4658-85cc-fb86211be4bf', 'joules', 'j', '19ad5455-4d6a-47d3-a28a-87bdfac2d75c', '3ce398f2-985f-4ed4-93f6-23595d1849b7'),
('6f23f255-a323-401f-97da-2f2d831c1fa0', 'kilograms', 'kG', '19ad5455-4d6a-47d3-a28a-87bdfac2d75c', '5042b88e-ad61-454d-953e-f07224be4f07'),
('ab8f267d-6541-43cb-9ee2-8f7ae4d2b056', 'kilojoules', 'kj', '19ad5455-4d6a-47d3-a28a-87bdfac2d75c', '3ce398f2-985f-4ed4-93f6-23595d1849b7'),
('e21b6ee7-de8a-4f6b-ae18-aea85429914c', 'kiloliter', 'kL', '19ad5455-4d6a-47d3-a28a-87bdfac2d75c', '4f18ff01-aeba-46bd-b5c8-05eec8cd8b43'),
('aaf6631a-51a0-478a-be9c-997ffb5a3beb', 'kilometers', 'kM', '19ad5455-4d6a-47d3-a28a-87bdfac2d75c', '2c2b39d2-186d-46e9-8dc7-aca36f03aa23'),
('b3e51265-85df-44c3-8ad6-b04a902bd755', 'kilopascals', 'kpa', '19ad5455-4d6a-47d3-a28a-87bdfac2d75c', 'c5e6a255-b9c2-4f9b-9a5b-f1168f645e5e'),
('6dbcab30-56b7-4dd1-b5e1-6da70f4df3da', 'kilowatts', 'kW', '19ad5455-4d6a-47d3-a28a-87bdfac2d75c', '513bafdb-48e3-44ff-8189-54e8130ec76a'),
('7e2b9278-c291-4e08-b375-1fe9377ba535', 'liter', 'L', '19ad5455-4d6a-47d3-a28a-87bdfac2d75c', '4f18ff01-aeba-46bd-b5c8-05eec8cd8b43'),
('4b503088-fab3-46cf-a5e1-44bf9fbf6ad9', 'meters', 'M', '19ad5455-4d6a-47d3-a28a-87bdfac2d75c', '2c2b39d2-186d-46e9-8dc7-aca36f03aa23'),
('c96294dc-f238-4d4d-8705-0a1b2d3f9b55', 'meters per second', 'M/s', '19ad5455-4d6a-47d3-a28a-87bdfac2d75c', 'c70e7392-0108-4a17-a99f-244895f12558'),
('7ab9cb43-ac59-457d-8189-ee35fc0eed9e', 'micrograms', 'uG', '19ad5455-4d6a-47d3-a28a-87bdfac2d75c', '5042b88e-ad61-454d-953e-f07224be4f07'),
('ff04a299-568f-4f7e-88f0-d926543bd800', 'micrograms per liter', 'uG/L', '19ad5455-4d6a-47d3-a28a-87bdfac2d75c', '900e7711-bb92-4c42-9a78-852e3b1c93c0'),
('af03fe6f-b203-48fd-8fb0-a985fbe188a0', 'microliter', 'uL', '19ad5455-4d6a-47d3-a28a-87bdfac2d75c', '4f18ff01-aeba-46bd-b5c8-05eec8cd8b43'),
('84d8a118-71e3-4541-a7a1-8d4cac9e7b35', 'micrometers', 'uM', '19ad5455-4d6a-47d3-a28a-87bdfac2d75c', '2c2b39d2-186d-46e9-8dc7-aca36f03aa23'),
('904c90a3-3e96-49fa-9b0d-778dadbe2bc0', 'miles', 'mi', 'c4eccc63-4bfb-4dd2-9f73-920ec7b385a0', '2c2b39d2-186d-46e9-8dc7-aca36f03aa23'),
('fb756f9f-0132-4e84-ac71-524d9a9c4164', 'miles per hour', 'mph', 'c4eccc63-4bfb-4dd2-9f73-920ec7b385a0', 'c70e7392-0108-4a17-a99f-244895f12558'),
('4aebf158-1306-4b7d-9e35-9e5998414bba', 'millibars', 'mbar', '19ad5455-4d6a-47d3-a28a-87bdfac2d75c', 'c5e6a255-b9c2-4f9b-9a5b-f1168f645e5e'),
('362bee5d-2157-4730-b2f4-bd8d06c374cd', 'milligrams', 'mG', '19ad5455-4d6a-47d3-a28a-87bdfac2d75c', '5042b88e-ad61-454d-953e-f07224be4f07'),
('d4b90d1d-bffb-4b56-8de8-abcb5826b6c4', 'milligrams per liter', 'mG/L', '19ad5455-4d6a-47d3-a28a-87bdfac2d75c', '900e7711-bb92-4c42-9a78-852e3b1c93c0'),
('3562948d-ff27-4604-8a24-0240eb946682', 'milliliter', 'mL', '19ad5455-4d6a-47d3-a28a-87bdfac2d75c', '4f18ff01-aeba-46bd-b5c8-05eec8cd8b43'),
('22c1bb95-4e0c-4e53-a24d-c1327fd11575', 'millimeters', 'mM', '19ad5455-4d6a-47d3-a28a-87bdfac2d75c', '2c2b39d2-186d-46e9-8dc7-aca36f03aa23'),
('6407a23f-b5f8-4214-9343-50b6231e4bfe', 'millimeters of mercury', 'mmHg', '19ad5455-4d6a-47d3-a28a-87bdfac2d75c', 'c5e6a255-b9c2-4f9b-9a5b-f1168f645e5e'),
('bdff5fd3-4b67-40b1-8ce3-8ff2733d74a1', 'millimeters per second', 'mM/s', '19ad5455-4d6a-47d3-a28a-87bdfac2d75c', 'c70e7392-0108-4a17-a99f-244895f12558'),
('72a86938-dd9b-4590-9770-4d6fa76e1f4d', 'minutes', 'min', 'c9f3b6d2-3136-4330-a330-66e402b4ee04', 'b85b9367-f034-4783-bf5b-9220e32d4e6a'),
('cfcf408b-9193-4b80-99ce-1171554c9428', 'nautical miles', 'nmi', 'c4eccc63-4bfb-4dd2-9f73-920ec7b385a0', '2c2b39d2-186d-46e9-8dc7-aca36f03aa23'),
('9564a419-4cd7-4ca2-87e4-43cc299e6917', 'nautical miles per hour', 'knots', '19ad5455-4d6a-47d3-a28a-87bdfac2d75c', 'c70e7392-0108-4a17-a99f-244895f12558'),
('5a9eba40-82ce-4b7a-b010-2258a691db17', 'newtons', 'N', '19ad5455-4d6a-47d3-a28a-87bdfac2d75c', 'cd70a8e1-b914-42ca-8554-40e3c72e54c2'),
('c6a6a797-ee49-46fe-b67a-727c718a51ad', 'ounces', 'oz', 'c4eccc63-4bfb-4dd2-9f73-920ec7b385a0', '5042b88e-ad61-454d-953e-f07224be4f07'),
('cfac3e61-64e1-456d-890e-0655038e8218', 'pH', 'pH', 'c9f3b6d2-3136-4330-a330-66e402b4ee04', 'b25b75e1-5b3d-451c-afc6-3db18f7f5bf8'),
('64cf271d-ba2f-426f-b98d-63cb93fe72f3', 'parts per million', 'ppm', 'c9f3b6d2-3136-4330-a330-66e402b4ee04', '4b5611c1-a395-4561-b816-abdeaf416e2a'),
('b57b6f9a-29a3-426b-9c31-5fa37f0bd2ad', 'parts per thousand', 'ppt', 'c9f3b6d2-3136-4330-a330-66e402b4ee04', '4b5611c1-a395-4561-b816-abdeaf416e2a'),
('41d4f482-7b11-4761-998e-ffd5cc901e07', 'pascals', 'pa', '19ad5455-4d6a-47d3-a28a-87bdfac2d75c', 'c5e6a255-b9c2-4f9b-9a5b-f1168f645e5e'),
('d43054bc-6cf7-440e-a262-f9f38da99841', 'percent', 'pct', 'c9f3b6d2-3136-4330-a330-66e402b4ee04', '4b5611c1-a395-4561-b816-abdeaf416e2a'),
('19cb5112-0393-47b7-bc38-cb59a5d925d1', 'pint', 'pt', 'c4eccc63-4bfb-4dd2-9f73-920ec7b385a0', '4f18ff01-aeba-46bd-b5c8-05eec8cd8b43'),
('2b81c09e-818f-46a8-8ec6-dafbef690118', 'pound-force', 'lbf', 'c4eccc63-4bfb-4dd2-9f73-920ec7b385a0', 'cd70a8e1-b914-42ca-8554-40e3c72e54c2'),
('7c3f5f46-d7a1-4cf7-be9f-d82c11398a1d', 'pounds per square inch', 'psi', 'c4eccc63-4bfb-4dd2-9f73-920ec7b385a0', 'c5e6a255-b9c2-4f9b-9a5b-f1168f645e5e'),
('f4367827-9622-40b9-9ff1-711e14252c05', 'quart', 'qt', 'c4eccc63-4bfb-4dd2-9f73-920ec7b385a0', '4f18ff01-aeba-46bd-b5c8-05eec8cd8b43'),
('93229888-9513-4d66-9ab8-9fb6e37b65d8', 'second', 'sec', 'c9f3b6d2-3136-4330-a330-66e402b4ee04', 'b85b9367-f034-4783-bf5b-9220e32d4e6a'),
('81cb1c58-e050-46ba-b510-71dad374192a', 'square centimeters', 'cM^2', '19ad5455-4d6a-47d3-a28a-87bdfac2d75c', '71daec34-d255-4dd5-8075-70ff93411389'),
('49a95b0b-6688-4fd1-b22a-87a6bee39081', 'square feet', 'ft^2', 'c4eccc63-4bfb-4dd2-9f73-920ec7b385a0', '71daec34-d255-4dd5-8075-70ff93411389'),
('d4a9183d-b333-4b45-a23d-549a5609788e', 'square inches', 'in^2', 'c4eccc63-4bfb-4dd2-9f73-920ec7b385a0', '71daec34-d255-4dd5-8075-70ff93411389'),
('f3ec6179-8399-41b7-9ce3-049336e8a4fe', 'square kilometers', 'kM^2', '19ad5455-4d6a-47d3-a28a-87bdfac2d75c', '71daec34-d255-4dd5-8075-70ff93411389'),
('61b725e9-a741-4eb9-b34a-57c9dc4853de', 'square meters', 'M^2', '19ad5455-4d6a-47d3-a28a-87bdfac2d75c', '71daec34-d255-4dd5-8075-70ff93411389'),
('0fefe6f8-ab65-4ce4-86a6-b223980f06f2', 'square miles', 'mi^2', 'c4eccc63-4bfb-4dd2-9f73-920ec7b385a0', '71daec34-d255-4dd5-8075-70ff93411389'),
('290f1547-a3c5-4158-a088-b50f5cabe8be', 'square millimeters', 'mM^2', '19ad5455-4d6a-47d3-a28a-87bdfac2d75c', '71daec34-d255-4dd5-8075-70ff93411389'),
('e0b63a59-6da5-43d8-8e1b-f9d50078eec6', 'square yards', 'yd^2', 'c4eccc63-4bfb-4dd2-9f73-920ec7b385a0', '71daec34-d255-4dd5-8075-70ff93411389'),
('0b2ecf01-9034-4043-953e-ae20f0e8c935', 'tons', 'ton', 'c4eccc63-4bfb-4dd2-9f73-920ec7b385a0', '5042b88e-ad61-454d-953e-f07224be4f07'),
('c0a116ef-058d-41b0-a845-557226ce557c', 'watts', 'W', '19ad5455-4d6a-47d3-a28a-87bdfac2d75c', '513bafdb-48e3-44ff-8189-54e8130ec76a'),
('5fa61c67-38e6-46ae-ac1f-114278706261', 'weeks', 'week', 'c9f3b6d2-3136-4330-a330-66e402b4ee04', 'b85b9367-f034-4783-bf5b-9220e32d4e6a'),
('cc83a42b-16a7-46a8-b3a6-966bad7ae2d7', 'yards', 'yd', 'c4eccc63-4bfb-4dd2-9f73-920ec7b385a0', '2c2b39d2-186d-46e9-8dc7-aca36f03aa23'),
('1292b2a5-b78e-4a7a-80e3-978d44cbff2b', 'yards per second', 'yd/s', 'c4eccc63-4bfb-4dd2-9f73-920ec7b385a0', 'c70e7392-0108-4a17-a99f-244895f12558'),
('4a999277-4cf5-4282-93ce-23b33c65e2c8', 'unknown', 'unknown', 'c9f3b6d2-3136-4330-a330-66e402b4ee04', '43fefa8b-10e9-4b27-8ed4-36e36174fbeb');


INSERT INTO datalogger_model (id, model) VALUES
('6a10ef5f-b9d9-4fa0-8b1e-ea1bcc81748c', 'CR6'),
('f0d4effa-50dc-44e4-9a9b-cb8181c8e7e0', 'CR1000X');


INSERT INTO submittal_status (id, name) VALUES
('0c0d6487-3f71-4121-8575-19514c7b9f03', 'green'),
('ef9a3235-f6e2-4e6c-92f6-760684308f7f', 'yellow'),
('84a0f437-a20a-4ac2-8a5b-f8dc35e8489b', 'red');


INSERT INTO status (id, name, description) VALUES
('e26ba2ef-9b52-4c71-97df-9e4b6cf4174d', 'active', 'description for active instrument status'),
('c9ee4acb-9623-4fde-bf36-7668afe463d4', 'inactive', 'description for inactive instrument status'),
('3d9add10-4418-4cb2-bd31-20a639504539', 'abandoned', 'description for abandoned instrument status'),
('94578354-ffdf-4119-9663-6bd4323e58f5', 'destroyed', 'description for destroyed instrument status'),
('03a2bf9a-bbd8-4031-8f4e-13e8c77807f1', 'lost', 'description for lost instrument status');


INSERT INTO role (id, name, deleted) VALUES
('37f14863-8f3b-44ca-8deb-4b74ce8a8a69', 'ADMIN', false),
('2962bdde-7007-4ba0-943f-cb8e72e90704', 'MEMBER', false);
