-- Project
INSERT INTO project (id, slug, name) VALUES
    ('88d63e1f-c491-4a8f-ba09-d9402ab1bdf3', 'herbert-hoover-dike', 'Herbert Hoover Dike');

-- Instrument Groups
INSERT INTO instrument_group (project_id, id, slug, name, description) VALUES
    ('88d63e1f-c491-4a8f-ba09-d9402ab1bdf3', '0beff703-07a6-4220-aa1d-dec8746bd4ca', 'r3-2', 'R3-2', '1.7 Miles East of Gate at S-354'),
    ('88d63e1f-c491-4a8f-ba09-d9402ab1bdf3', '1362a4e4-0dc7-4bc2-a279-868787e16012', 'r3-3', 'R3-3', '1.0 Mile West of C-4'),
    ('88d63e1f-c491-4a8f-ba09-d9402ab1bdf3', '97cadd04-74a5-482c-bdee-f7e7fa217e66', 'r3-4', 'R3-4', '3.5 Miles East of Gate at S-354'),
    ('88d63e1f-c491-4a8f-ba09-d9402ab1bdf3', '460c0de9-bd88-4141-a7ca-d7d69b0627a5', 'r3-5', 'R3-5', '0.8 Mile East of C-4A'),
    ('88d63e1f-c491-4a8f-ba09-d9402ab1bdf3', '1e57130d-7dcd-4b01-8adf-77180f855d40', 'r3-6', 'R3-6', '0.6 Mile North East of South Bay Park Access Gate'),
    ('88d63e1f-c491-4a8f-ba09-d9402ab1bdf3', '9f1f6ed2-5712-461e-bee2-e40979f464a5', 'r3-7', 'R3-7', '1.0 Mile North East of South Bay Park Access Gate'),
    ('88d63e1f-c491-4a8f-ba09-d9402ab1bdf3', '5be75d58-2d16-4605-9652-72211e80b742', 'r3-1', 'R3-1', '0.7 Miles East of Gate at S-354');

-- Instruments
INSERT INTO instrument (project_id, id, slug, name, geometry, type_id) VALUES
    ('88d63e1f-c491-4a8f-ba09-d9402ab1bdf3', '75e13f1a-0dd7-4614-adac-3fd6d593a2d6', 'hhd08-r1a-mw-11', 'HHD08-R1A-MW-11', ST_GeomFromText('POINT(-80.61015 26.95603)',4326), '1bb4bf7c-f5f8-44eb-9805-43b07ffadbef'),
    ('88d63e1f-c491-4a8f-ba09-d9402ab1bdf3', '502eddfe-f2bb-4e6a-ade5-35acdd58a53e', 'hhd08-r1c-mw-8d', 'HHD08-R1C-MW-8D', ST_GeomFromText('POINT(-80.63276 26.86057)',4326), '1bb4bf7c-f5f8-44eb-9805-43b07ffadbef'),
    ('88d63e1f-c491-4a8f-ba09-d9402ab1bdf3', 'f4dd086d-6273-42e0-9dc2-b6e6eceee60c', 'hhd08-r1d-mw-5d', 'HHD08-R1D-MW-5D', ST_GeomFromText('POINT(-80.70292 26.72574)',4326), '1bb4bf7c-f5f8-44eb-9805-43b07ffadbef'),
    ('88d63e1f-c491-4a8f-ba09-d9402ab1bdf3', '606fec5e-b419-4b80-9188-bb3dc9a6cf3e', 'hhd10-r1a-pza1-1413', 'HHD10-R1A-PZA1-1413', ST_GeomFromText('POINT(-80.61504 26.97568)',4326), '1bb4bf7c-f5f8-44eb-9805-43b07ffadbef'),
    ('88d63e1f-c491-4a8f-ba09-d9402ab1bdf3', 'afee1988-84e8-463e-8723-cce890730850', 'hhd10-r1a-pza1-1428', 'HHD10-R1A-PZA1-1428', ST_GeomFromText('POINT(-80.61372 26.97175)',4326), '1bb4bf7c-f5f8-44eb-9805-43b07ffadbef'),
    ('88d63e1f-c491-4a8f-ba09-d9402ab1bdf3', 'dfa9edcd-716e-4bee-9203-b04d11eca0c0', 'hhd10-r1a-pza2-1413', 'HHD10-R1A-PZA2-1413', ST_GeomFromText('POINT(-80.61503 26.97566)',4326), '1bb4bf7c-f5f8-44eb-9805-43b07ffadbef'),
    ('88d63e1f-c491-4a8f-ba09-d9402ab1bdf3', 'b94f97f2-bbc1-417c-836c-1b9b3c69600e', 'hhd10-r1a-pza2-1428', 'HHD10-R1A-PZA2-1428', ST_GeomFromText('POINT(-80.61372 26.97174)',4326), '1bb4bf7c-f5f8-44eb-9805-43b07ffadbef'),
    ('88d63e1f-c491-4a8f-ba09-d9402ab1bdf3', 'dcd22f25-373f-4ef1-82e5-1556e9b95864', 'hhd10-r1a-pza3-1413', 'HHD10-R1A-PZA3-1413', ST_GeomFromText('POINT(-80.61504 26.97568)',4326), '1bb4bf7c-f5f8-44eb-9805-43b07ffadbef'),
    ('88d63e1f-c491-4a8f-ba09-d9402ab1bdf3', 'faa0a366-daa6-455a-a049-1cafd7b0a815', 'hhd10-r1a-pza3-1428', 'HHD10-R1A-PZA3-1428', ST_GeomFromText('POINT(-80.61372 26.97175)',4326), '1bb4bf7c-f5f8-44eb-9805-43b07ffadbef'),
    ('88d63e1f-c491-4a8f-ba09-d9402ab1bdf3', 'f4bd04eb-3fcc-4b92-b509-0bb7c858dd95', 'hhd10-r1a-pzb0-1413', 'HHD10-R1A-PZB0-1413', ST_GeomFromText('POINT(-80.61497 26.97568)',4326), '1bb4bf7c-f5f8-44eb-9805-43b07ffadbef'),
    ('88d63e1f-c491-4a8f-ba09-d9402ab1bdf3', '05501cea-e36c-42a8-a597-af106c539013', 'hhd10-r1a-pzb0-1428', 'HHD10-R1A-PZB0-1428', ST_GeomFromText('POINT(-80.61367 26.97175)',4326), '1bb4bf7c-f5f8-44eb-9805-43b07ffadbef'),
    ('88d63e1f-c491-4a8f-ba09-d9402ab1bdf3', 'a2ec1b34-cf64-451f-91d7-9be164e7b1a0', 'hhd10-r1a-pzb1-1413', 'HHD10-R1A-PZB1-1413', ST_GeomFromText('POINT(-80.61498 26.97569)',4326), '1bb4bf7c-f5f8-44eb-9805-43b07ffadbef'),
    ('88d63e1f-c491-4a8f-ba09-d9402ab1bdf3', 'a3c953b1-146c-4612-a77d-03d2d7e72922', 'hhd10-r1a-pzb1-1428', 'HHD10-R1A-PZB1-1428', ST_GeomFromText('POINT(-80.61367 26.97176)',4326), '1bb4bf7c-f5f8-44eb-9805-43b07ffadbef'),
    ('88d63e1f-c491-4a8f-ba09-d9402ab1bdf3', 'd4a77a92-1c79-49f3-8987-e69cc3579284', 'hhd10-r1a-pzb2-1413', 'HHD10-R1A-PZB2-1413', ST_GeomFromText('POINT(-80.61497 26.97568)',4326), '1bb4bf7c-f5f8-44eb-9805-43b07ffadbef'),
    ('88d63e1f-c491-4a8f-ba09-d9402ab1bdf3', 'fd17794d-b890-479a-9c25-d8e9af45d42f', 'hhd10-r1a-pzb2-1428', 'HHD10-R1A-PZB2-1428', ST_GeomFromText('POINT(-80.61367 26.97175)',4326), '1bb4bf7c-f5f8-44eb-9805-43b07ffadbef'),
    ('88d63e1f-c491-4a8f-ba09-d9402ab1bdf3', 'cadb6476-d5e3-4566-88a4-182984df29f1', 'hhd10-r1a-pzb3-1413', 'HHD10-R1A-PZB3-1413', ST_GeomFromText('POINT(-80.61498 26.97569)',4326), '1bb4bf7c-f5f8-44eb-9805-43b07ffadbef'),
    ('88d63e1f-c491-4a8f-ba09-d9402ab1bdf3', '1e9f9ed7-b597-4012-ad35-7c65e4ceb2b8', 'hhd10-r1a-pzb3-1428', 'HHD10-R1A-PZB3-1428', ST_GeomFromText('POINT(-80.61367 26.97176)',4326), '1bb4bf7c-f5f8-44eb-9805-43b07ffadbef'),
    ('88d63e1f-c491-4a8f-ba09-d9402ab1bdf3', '56179b65-892b-4414-a45c-3ef493d57a0f', 'hhd10-r1a-pzc1-1413', 'HHD10-R1A-PZC1-1413', ST_GeomFromText('POINT(-80.61474 26.97576)',4326), '1bb4bf7c-f5f8-44eb-9805-43b07ffadbef'),
    ('88d63e1f-c491-4a8f-ba09-d9402ab1bdf3', 'dd795f8b-c2cb-4f2b-954e-e94dd93b1889', 'hhd10-r1a-pzc1-1428', 'HHD10-R1A-PZC1-1428', ST_GeomFromText('POINT(-80.61343 26.97181)',4326), '1bb4bf7c-f5f8-44eb-9805-43b07ffadbef'),
    ('88d63e1f-c491-4a8f-ba09-d9402ab1bdf3', '13d0b135-e03b-4ab4-8def-d973e9d5565b', 'hhd10-r1a-pzc2-1413', 'HHD10-R1A-PZC2-1413', ST_GeomFromText('POINT(-80.61473 26.97574)',4326), '1bb4bf7c-f5f8-44eb-9805-43b07ffadbef'),
    ('88d63e1f-c491-4a8f-ba09-d9402ab1bdf3', 'ede1334c-fb71-4e3d-9829-b0502de65203', 'hhd10-r1a-pzc2-1428', 'HHD10-R1A-PZC2-1428', ST_GeomFromText('POINT(-80.61342 26.97180)',4326), '1bb4bf7c-f5f8-44eb-9805-43b07ffadbef'),
    ('88d63e1f-c491-4a8f-ba09-d9402ab1bdf3', 'd5e6ebf2-ec06-4062-829f-3090c960cce5', 'hhd10-r1a-pzc3-1413', 'HHD10-R1A-PZC3-1413', ST_GeomFromText('POINT(-80.61474 26.97576)',4326), '1bb4bf7c-f5f8-44eb-9805-43b07ffadbef'),
    ('88d63e1f-c491-4a8f-ba09-d9402ab1bdf3', '446f7dec-07a2-4fe9-af18-ac6963c184ca', 'hhd10-r1a-pzc3-1428', 'HHD10-R1A-PZC3-1428', ST_GeomFromText('POINT(-80.61343 26.97181)',4326), '1bb4bf7c-f5f8-44eb-9805-43b07ffadbef'),
    ('88d63e1f-c491-4a8f-ba09-d9402ab1bdf3', '0d3b9a0d-2d56-4e8a-9ec1-9c1085d20a32', 'hhd12-r4-pz-1b', 'HHD12-R4-PZ-1B', ST_GeomFromText('POINT(-81.09233 26.84538)',4326), '1bb4bf7c-f5f8-44eb-9805-43b07ffadbef'),
    ('88d63e1f-c491-4a8f-ba09-d9402ab1bdf3', '43f38fc7-c4b9-44d3-abf6-427810bb048b', 'hhd12-r4-pz-1b1', 'HHD12-R4-PZ-1B1', ST_GeomFromText('POINT(-81.09233 26.84538)',4326), '1bb4bf7c-f5f8-44eb-9805-43b07ffadbef'),
    ('88d63e1f-c491-4a8f-ba09-d9402ab1bdf3', 'bdef0f12-ccbf-4544-ab4b-4057030f35c4', 'hhd12-r4-pz-1b2', 'HHD12-R4-PZ-1B2', ST_GeomFromText('POINT(-81.09234 26.84541)',4326), '1bb4bf7c-f5f8-44eb-9805-43b07ffadbef'),
    ('88d63e1f-c491-4a8f-ba09-d9402ab1bdf3', '3f6295eb-6aae-4dd2-a493-76b4aa2f2136', 'hhd12-r4-pz-1c', 'HHD12-R4-PZ-1C', ST_GeomFromText('POINT(-81.09256 26.84523)',4326), '1bb4bf7c-f5f8-44eb-9805-43b07ffadbef'),
    ('88d63e1f-c491-4a8f-ba09-d9402ab1bdf3', '8ca707bb-dc52-444f-8de8-262dc2709af9', 'hhd12-r4-pz-1c1', 'HHD12-R4-PZ-1C1', ST_GeomFromText('POINT(-81.09258 26.84525)',4326), '1bb4bf7c-f5f8-44eb-9805-43b07ffadbef'),
    ('88d63e1f-c491-4a8f-ba09-d9402ab1bdf3', 'bc69d53d-4351-483d-a929-8980d378fe5e', 'hhd12-r4-pz-2b', 'HHD12-R4-PZ-2B', ST_GeomFromText('POINT(-81.12108 26.88252)',4326), '1bb4bf7c-f5f8-44eb-9805-43b07ffadbef'),
    ('88d63e1f-c491-4a8f-ba09-d9402ab1bdf3', '5b1df809-6d5b-4d42-94d9-aef0d9bedd49', 'hhd12-r4-pz-2b1', 'HHD12-R4-PZ-2B1', ST_GeomFromText('POINT(-81.12109 26.88253)',4326), '1bb4bf7c-f5f8-44eb-9805-43b07ffadbef'),
    ('88d63e1f-c491-4a8f-ba09-d9402ab1bdf3', '07ee8d19-1d1d-4d37-aaca-83b3cb8d4ba6', 'hhd12-r4-pz-2b2', 'HHD12-R4-PZ-2B2', ST_GeomFromText('POINT(-81.12108 26.88252)',4326), '1bb4bf7c-f5f8-44eb-9805-43b07ffadbef'),
    ('88d63e1f-c491-4a8f-ba09-d9402ab1bdf3', '2b4c1d54-5fed-4964-b77d-695c76ff5c8b', 'hhd12-r4-pz-2c', 'HHD12-R4-PZ-2C', ST_GeomFromText('POINT(-81.12127 26.88243)',4326), '1bb4bf7c-f5f8-44eb-9805-43b07ffadbef'),
    ('88d63e1f-c491-4a8f-ba09-d9402ab1bdf3', '193a13e1-3e93-4faf-bdaa-a2f090adfd62', 'hhd12-r4-pz-2c1', 'HHD12-R4-PZ-2C1', ST_GeomFromText('POINT(-81.12127 26.88242)',4326), '1bb4bf7c-f5f8-44eb-9805-43b07ffadbef'),
    ('88d63e1f-c491-4a8f-ba09-d9402ab1bdf3', 'b393a92a-c30d-4391-bbb3-efb426ddeca4', 'hhd12-r4-pz-4b', 'HHD12-R4-PZ-4B', ST_GeomFromText('POINT(-81.18862 26.94202)',4326), '1bb4bf7c-f5f8-44eb-9805-43b07ffadbef'),
    ('88d63e1f-c491-4a8f-ba09-d9402ab1bdf3', '5bd5e51c-6edb-4070-8991-02e4ce0a5dea', 'hhd12-r4-pz-4b1', 'HHD12-R4-PZ-4B1', ST_GeomFromText('POINT(-81.18862 26.94202)',4326), '1bb4bf7c-f5f8-44eb-9805-43b07ffadbef'),
    ('88d63e1f-c491-4a8f-ba09-d9402ab1bdf3', '4c6a5cd9-8048-49d9-8eb2-4d65b9a0a670', 'hhd12-r4-pz-4b2', 'HHD12-R4-PZ-4B2', ST_GeomFromText('POINT(-81.18864 26.94202)',4326), '1bb4bf7c-f5f8-44eb-9805-43b07ffadbef'),
    ('88d63e1f-c491-4a8f-ba09-d9402ab1bdf3', '50d69bbb-25e9-4b4e-be3a-8576658df389', 'hhd12-r4-pz-4c', 'HHD12-R4-PZ-4C', ST_GeomFromText('POINT(-81.18864 26.94189)',4326), '1bb4bf7c-f5f8-44eb-9805-43b07ffadbef'),
    ('88d63e1f-c491-4a8f-ba09-d9402ab1bdf3', '1560c7bb-89b2-48b7-8d53-694226a37c35', 'hhd12-r4-pz-4c1', 'HHD12-R4-PZ-4C1', ST_GeomFromText('POINT(-81.18863 26.94189)',4326), '1bb4bf7c-f5f8-44eb-9805-43b07ffadbef'),
    ('88d63e1f-c491-4a8f-ba09-d9402ab1bdf3', 'a7e3d701-eaa0-409b-9e0b-fef193391962', 'hhd12-r5-pz-2b', 'HHD12-R5-PZ-2B', ST_GeomFromText('POINT(-80.89467 27.18341)',4326), '1bb4bf7c-f5f8-44eb-9805-43b07ffadbef'),
    ('88d63e1f-c491-4a8f-ba09-d9402ab1bdf3', 'd269b0e8-e551-4484-9a6e-7748cdaed822', 'hhd12-r5-pz-2b1', 'HHD12-R5-PZ-2B1', ST_GeomFromText('POINT(-80.89468 27.18342)',4326), '1bb4bf7c-f5f8-44eb-9805-43b07ffadbef'),
    ('88d63e1f-c491-4a8f-ba09-d9402ab1bdf3', '9c6cab71-2851-4d7c-97e6-87d3416c0638', 'hhd12-r5-pz-2b2', 'HHD12-R5-PZ-2B2', ST_GeomFromText('POINT(-80.89467 27.18341)',4326), '1bb4bf7c-f5f8-44eb-9805-43b07ffadbef'),
    ('88d63e1f-c491-4a8f-ba09-d9402ab1bdf3', '9a661f82-008d-4b0a-bc4d-4f9082d10ad6', 'hhd12-r5-pz-2c', 'HHD12-R5-PZ-2C', ST_GeomFromText('POINT(-80.89450 27.18353)',4326), '1bb4bf7c-f5f8-44eb-9805-43b07ffadbef'),
    ('88d63e1f-c491-4a8f-ba09-d9402ab1bdf3', '61ce5abd-f392-434a-818c-32ae61779adf', 'hhd12-r5-pz-2c1', 'HHD12-R5-PZ-2C1', ST_GeomFromText('POINT(-80.89449 27.18352)',4326), '1bb4bf7c-f5f8-44eb-9805-43b07ffadbef'),
    ('88d63e1f-c491-4a8f-ba09-d9402ab1bdf3', '95c1f51f-c576-4cf4-9ccf-01c306034b2c', 'hhd12-r5-pz-7b', 'HHD12-R5-PZ-7B', ST_GeomFromText('POINT(-80.78747 27.20709)',4326), '1bb4bf7c-f5f8-44eb-9805-43b07ffadbef'),
    ('88d63e1f-c491-4a8f-ba09-d9402ab1bdf3', '11618c4b-4fc2-46af-bb6d-8afd057c2e1b', 'hhd12-r5-pz-7b1', 'HHD12-R5-PZ-7B1', ST_GeomFromText('POINT(-80.78749 27.20709)',4326), '1bb4bf7c-f5f8-44eb-9805-43b07ffadbef'),
    ('88d63e1f-c491-4a8f-ba09-d9402ab1bdf3', 'bf877dc7-0904-48de-b966-1108b498c39b', 'hhd12-r5-pz-7b2', 'HHD12-R5-PZ-7B2', ST_GeomFromText('POINT(-80.78747 27.20709)',4326), '1bb4bf7c-f5f8-44eb-9805-43b07ffadbef'),
    ('88d63e1f-c491-4a8f-ba09-d9402ab1bdf3', 'f98dd8bf-f4a2-44d6-9813-5272b96f3699', 'hhd12-r5-pz-7c', 'HHD12-R5-PZ-7C', ST_GeomFromText('POINT(-80.78737 27.20733)',4326), '1bb4bf7c-f5f8-44eb-9805-43b07ffadbef'),
    ('88d63e1f-c491-4a8f-ba09-d9402ab1bdf3', '11d0dccf-4145-4e0d-9304-5bfd78309e98', 'hhd12-r5-pz-7c1', 'HHD12-R5-PZ-7C1', ST_GeomFromText('POINT(-80.78735 27.20732)',4326), '1bb4bf7c-f5f8-44eb-9805-43b07ffadbef'),
    ('88d63e1f-c491-4a8f-ba09-d9402ab1bdf3', 'd6c11fed-d9e7-4799-8115-ae59ad8047e7', 'hhd12-r6-pz-10b', 'HHD12-R6-PZ-10B', ST_GeomFromText('POINT(-80.99729 27.03296)',4326), '1bb4bf7c-f5f8-44eb-9805-43b07ffadbef'),
    ('88d63e1f-c491-4a8f-ba09-d9402ab1bdf3', '0bb0151d-82bb-465a-8af4-7ca8029e7eed', 'hhd12-r6-pz-10b1', 'HHD12-R6-PZ-10B1', ST_GeomFromText('POINT(-80.99728 27.03297)',4326), '1bb4bf7c-f5f8-44eb-9805-43b07ffadbef'),
    ('88d63e1f-c491-4a8f-ba09-d9402ab1bdf3', '004c8f2f-2a58-4f12-b313-14f1bf4ec0fa', 'hhd12-r6-pz-10b2', 'HHD12-R6-PZ-10B2', ST_GeomFromText('POINT(-80.99729 27.03296)',4326), '1bb4bf7c-f5f8-44eb-9805-43b07ffadbef'),
    ('88d63e1f-c491-4a8f-ba09-d9402ab1bdf3', 'ce8b02df-78d0-45d3-8b63-d5c401ce9de0', 'hhd12-r6-pz-10c', 'HHD12-R6-PZ-10C', ST_GeomFromText('POINT(-80.99752 27.03320)',4326), '1bb4bf7c-f5f8-44eb-9805-43b07ffadbef'),
    ('88d63e1f-c491-4a8f-ba09-d9402ab1bdf3', 'c5e42b5b-413f-4255-96a1-2ea816a5d69d', 'hhd12-r6-pz-10c1', 'HHD12-R6-PZ-10C1', ST_GeomFromText('POINT(-80.99753 27.03318)',4326), '1bb4bf7c-f5f8-44eb-9805-43b07ffadbef'),
    ('88d63e1f-c491-4a8f-ba09-d9402ab1bdf3', '2ce1e9aa-0f1b-4447-aa06-b8b36ad3197e', 'hhd12-r6-pz-12b', 'HHD12-R6-PZ-12B', ST_GeomFromText('POINT(-80.99239 27.07851)',4326), '1bb4bf7c-f5f8-44eb-9805-43b07ffadbef'),
    ('88d63e1f-c491-4a8f-ba09-d9402ab1bdf3', 'a0ef1ff1-8c94-4c1f-aa45-9ab211d07225', 'hhd12-r6-pz-12b1', 'HHD12-R6-PZ-12B1', ST_GeomFromText('POINT(-80.99240 27.07852)',4326), '1bb4bf7c-f5f8-44eb-9805-43b07ffadbef'),
    ('88d63e1f-c491-4a8f-ba09-d9402ab1bdf3', 'fe9f39eb-fd88-438c-b017-7aa7121689f9', 'hhd12-r6-pz-12b2', 'HHD12-R6-PZ-12B2', ST_GeomFromText('POINT(-80.99239 27.07851)',4326), '1bb4bf7c-f5f8-44eb-9805-43b07ffadbef'),
    ('88d63e1f-c491-4a8f-ba09-d9402ab1bdf3', '0f696539-da5d-41f7-b37b-e37308bda6ec', 'hhd12-r6-pz-12c', 'HHD12-R6-PZ-12C', ST_GeomFromText('POINT(-80.99254 27.07841)',4326), '1bb4bf7c-f5f8-44eb-9805-43b07ffadbef'),
    ('88d63e1f-c491-4a8f-ba09-d9402ab1bdf3', 'a3cccac6-7a5f-4c78-812f-c3fa853d3359', 'hhd12-r6-pz-12c1', 'HHD12-R6-PZ-12C1', ST_GeomFromText('POINT(-80.99254 27.07841)',4326), '1bb4bf7c-f5f8-44eb-9805-43b07ffadbef'),
    ('88d63e1f-c491-4a8f-ba09-d9402ab1bdf3', '39bdacd1-f6e6-4ffb-bdc3-92dc104068b8', 'hhd12-r6-pz-4b', 'HHD12-R6-PZ-4B', ST_GeomFromText('POINT(-81.09712 26.97806)',4326), '1bb4bf7c-f5f8-44eb-9805-43b07ffadbef'),
    ('88d63e1f-c491-4a8f-ba09-d9402ab1bdf3', '68a9de40-df5c-43d6-ac6f-d14bea681ed1', 'hhd12-r6-pz-4b1', 'HHD12-R6-PZ-4B1', ST_GeomFromText('POINT(-81.09710 26.97806)',4326), '1bb4bf7c-f5f8-44eb-9805-43b07ffadbef'),
    ('88d63e1f-c491-4a8f-ba09-d9402ab1bdf3', '5f9b8cc4-7f85-4aaa-a2ec-f25d5ed30aed', 'hhd12-r6-pz-4b2', 'HHD12-R6-PZ-4B2', ST_GeomFromText('POINT(-81.09712 26.97806)',4326), '1bb4bf7c-f5f8-44eb-9805-43b07ffadbef'),
    ('88d63e1f-c491-4a8f-ba09-d9402ab1bdf3', 'b7eb7582-bac6-4213-83d9-92576de5b6a7', 'hhd12-r6-pz-4c', 'HHD12-R6-PZ-4C', ST_GeomFromText('POINT(-81.09712 26.97833)',4326), '1bb4bf7c-f5f8-44eb-9805-43b07ffadbef'),
    ('88d63e1f-c491-4a8f-ba09-d9402ab1bdf3', '33d40d5e-58ca-4de2-a942-5d6f96e92511', 'hhd12-r6-pz-4c1', 'HHD12-R6-PZ-4C1', ST_GeomFromText('POINT(-81.09714 26.97833)',4326), '1bb4bf7c-f5f8-44eb-9805-43b07ffadbef'),
    ('88d63e1f-c491-4a8f-ba09-d9402ab1bdf3', '39129151-a016-4c8f-b51d-6437c0cfc1a0', 'hhd12-r6-pz-7b', 'HHD12-R6-PZ-7B', ST_GeomFromText('POINT(-81.07050 27.01362)',4326), '1bb4bf7c-f5f8-44eb-9805-43b07ffadbef'),
    ('88d63e1f-c491-4a8f-ba09-d9402ab1bdf3', '3c9719ad-9d1e-47a8-9894-272700cddc5f', 'hhd12-r6-pz-7b1', 'HHD12-R6-PZ-7B1', ST_GeomFromText('POINT(-81.07050 27.01364)',4326), '1bb4bf7c-f5f8-44eb-9805-43b07ffadbef'),
    ('88d63e1f-c491-4a8f-ba09-d9402ab1bdf3', '4064970b-aadd-4a78-bc77-76589981f738', 'hhd12-r6-pz-7b2', 'HHD12-R6-PZ-7B2', ST_GeomFromText('POINT(-81.07050 27.01362)',4326), '1bb4bf7c-f5f8-44eb-9805-43b07ffadbef'),
    ('88d63e1f-c491-4a8f-ba09-d9402ab1bdf3', '42f0cde0-5da7-404b-a1e9-a1e8d92ef2ee', 'hhd12-r6-pz-7c', 'HHD12-R6-PZ-7C', ST_GeomFromText('POINT(-81.07088 27.01361)',4326), '1bb4bf7c-f5f8-44eb-9805-43b07ffadbef'),
    ('88d63e1f-c491-4a8f-ba09-d9402ab1bdf3', 'b41b2294-f287-43bc-ac66-9eda4e66a768', 'hhd12-r6-pz-7c1', 'HHD12-R6-PZ-7C1', ST_GeomFromText('POINT(-81.07088 27.01361)',4326), '1bb4bf7c-f5f8-44eb-9805-43b07ffadbef'),
    ('88d63e1f-c491-4a8f-ba09-d9402ab1bdf3', 'd3596add-8ef3-40cc-8e7e-5902b0e03f0d', 'hhd12-r7-pz-2b', 'HHD12-R7-PZ-2B', ST_GeomFromText('POINT(-80.72495 27.16853)',4326), '1bb4bf7c-f5f8-44eb-9805-43b07ffadbef'),
    ('88d63e1f-c491-4a8f-ba09-d9402ab1bdf3', '622cefac-9d9c-46d3-b7d3-3dbe7328530d', 'hhd12-r7-pz-2b1', 'HHD12-R7-PZ-2B1', ST_GeomFromText('POINT(-80.72495 27.16853)',4326), '1bb4bf7c-f5f8-44eb-9805-43b07ffadbef'),
    ('88d63e1f-c491-4a8f-ba09-d9402ab1bdf3', 'bc3e44af-d54f-4931-b148-97bfc0b541b9', 'hhd12-r7-pz-2c', 'HHD12-R7-PZ-2C', ST_GeomFromText('POINT(-80.72474 27.16869)',4326), '1bb4bf7c-f5f8-44eb-9805-43b07ffadbef'),
    ('88d63e1f-c491-4a8f-ba09-d9402ab1bdf3', '3d26a98a-0a0a-4455-9306-7b5d10f88184', 'hhd12-r8-pz-4b', 'HHD12-R8-PZ-4B', ST_GeomFromText('POINT(-80.91949 27.10818)',4326), '1bb4bf7c-f5f8-44eb-9805-43b07ffadbef'),
    ('88d63e1f-c491-4a8f-ba09-d9402ab1bdf3', 'be0ddee2-7002-464e-9437-7150bc472968', 'hhd12-r8-pz-4b1', 'HHD12-R8-PZ-4B1', ST_GeomFromText('POINT(-80.91949 27.10818)',4326), '1bb4bf7c-f5f8-44eb-9805-43b07ffadbef'),
    ('88d63e1f-c491-4a8f-ba09-d9402ab1bdf3', 'd10a816a-4e5e-4b89-9db5-22208a7b1baa', 'hhd12-r8-pz-4c', 'HHD12-R8-PZ-4C', ST_GeomFromText('POINT(-80.91969 27.10835)',4326), '1bb4bf7c-f5f8-44eb-9805-43b07ffadbef'),
    ('88d63e1f-c491-4a8f-ba09-d9402ab1bdf3', '1c9ee319-4f4b-475f-9bf6-d648783e7d6e', 'hhd12-r8-pz-9b', 'HHD12-R8-PZ-9B', ST_GeomFromText('POINT(-80.90185 27.18467)',4326), '1bb4bf7c-f5f8-44eb-9805-43b07ffadbef'),
    ('88d63e1f-c491-4a8f-ba09-d9402ab1bdf3', '4ffc225c-976e-4738-a02d-cb67c9ea5676', 'hhd12-r8-pz-9b1', 'HHD12-R8-PZ-9B1', ST_GeomFromText('POINT(-80.90186 27.18468)',4326), '1bb4bf7c-f5f8-44eb-9805-43b07ffadbef'),
    ('88d63e1f-c491-4a8f-ba09-d9402ab1bdf3', '76de422e-0010-4c95-be71-7047bae6c97b', 'hhd12-r8-pz-9b2', 'HHD12-R8-PZ-9B2', ST_GeomFromText('POINT(-80.90185 27.18467)',4326), '1bb4bf7c-f5f8-44eb-9805-43b07ffadbef'),
    ('88d63e1f-c491-4a8f-ba09-d9402ab1bdf3', '095e3da7-2766-4e2a-ab42-cc2c628d5e45', 'hhd12-r8-pz-9c', 'HHD12-R8-PZ-9C', ST_GeomFromText('POINT(-80.90201 27.18457)',4326), '1bb4bf7c-f5f8-44eb-9805-43b07ffadbef'),
    ('88d63e1f-c491-4a8f-ba09-d9402ab1bdf3', 'f558aa41-cc6a-4c8a-bc00-416d33f86831', 'hhd12-r8-pz-9c1', 'HHD12-R8-PZ-9C1', ST_GeomFromText('POINT(-80.90201 27.18457)',4326), '1bb4bf7c-f5f8-44eb-9805-43b07ffadbef'),
    ('88d63e1f-c491-4a8f-ba09-d9402ab1bdf3', 'dd987098-0a9c-49d9-bf91-edec68dae29f', 'hhdr1a06-06', 'HHDR1A06-06', ST_GeomFromText('POINT(-80.61086 26.95246)',4326), '1bb4bf7c-f5f8-44eb-9805-43b07ffadbef'),
    ('88d63e1f-c491-4a8f-ba09-d9402ab1bdf3', '172df2ab-227f-4f83-9d65-195844c91016', 'hhdr1a06-07', 'HHDR1A06-07', ST_GeomFromText('POINT(-80.61086 26.95246)',4326), '1bb4bf7c-f5f8-44eb-9805-43b07ffadbef'),
    ('88d63e1f-c491-4a8f-ba09-d9402ab1bdf3', 'dd25f456-6f2e-4631-a309-f5ec031e1ab7', 'hhdr1a-pz-2c1', 'HHDR1A-PZ-2C1', ST_GeomFromText('POINT(-80.61365 26.92185)',4326), '1bb4bf7c-f5f8-44eb-9805-43b07ffadbef'),
    ('88d63e1f-c491-4a8f-ba09-d9402ab1bdf3', '415f2285-8b18-4485-8578-8296b0153a92', 'hhdr1a-pz-2c2', 'HHDR1A-PZ-2C2', ST_GeomFromText('POINT(-80.61364 26.92187)',4326), '1bb4bf7c-f5f8-44eb-9805-43b07ffadbef'),
    ('88d63e1f-c491-4a8f-ba09-d9402ab1bdf3', '27b891e2-56de-42d3-bb0e-b59dfcbed077', 'hhdr1a-pz-2c3', 'HHDR1A-PZ-2C3', ST_GeomFromText('POINT(-80.61365 26.92185)',4326), '1bb4bf7c-f5f8-44eb-9805-43b07ffadbef'),
    ('88d63e1f-c491-4a8f-ba09-d9402ab1bdf3', 'f42f4a3c-93c4-4ca1-90fa-f98da27e3c3e', 'p1', 'P1', ST_GeomFromText('POINT(-80.69184 26.77224)',4326), '1bb4bf7c-f5f8-44eb-9805-43b07ffadbef'),
    ('88d63e1f-c491-4a8f-ba09-d9402ab1bdf3', '0b082573-3d12-4915-ac67-b9e523519772', 'p2', 'P2', ST_GeomFromText('POINT(-80.69184 26.77224)',4326), '1bb4bf7c-f5f8-44eb-9805-43b07ffadbef'),
    ('88d63e1f-c491-4a8f-ba09-d9402ab1bdf3', '736df5e5-e701-4a4f-a5d3-ec8eb73e9ab9', 'p3', 'P3', ST_GeomFromText('POINT(-80.69184 26.77223)',4326), '1bb4bf7c-f5f8-44eb-9805-43b07ffadbef'),
    ('88d63e1f-c491-4a8f-ba09-d9402ab1bdf3', '6bf392f3-8afe-4dc3-b770-37d6b01bb5a0', 'p4', 'P4', ST_GeomFromText('POINT(-80.69150 26.77235)',4326), '1bb4bf7c-f5f8-44eb-9805-43b07ffadbef'),
    ('88d63e1f-c491-4a8f-ba09-d9402ab1bdf3', '14d71b20-8bad-4ca9-900e-77e8bc337487', 'p5', 'P5', ST_GeomFromText('POINT(-80.69150 26.77235)',4326), '1bb4bf7c-f5f8-44eb-9805-43b07ffadbef'),
    ('88d63e1f-c491-4a8f-ba09-d9402ab1bdf3', 'c925f94c-3b50-4293-bb36-4428a3d23e67', 'p6', 'P6', ST_GeomFromText('POINT(-80.69150 26.77236)',4326), '1bb4bf7c-f5f8-44eb-9805-43b07ffadbef'),
    ('88d63e1f-c491-4a8f-ba09-d9402ab1bdf3', 'cc31ce4e-09fc-4e4a-90bc-f42df1f191f6', 'p7', 'P7', ST_GeomFromText('POINT(-80.69133 26.77245)',4326), '1bb4bf7c-f5f8-44eb-9805-43b07ffadbef'),
    ('88d63e1f-c491-4a8f-ba09-d9402ab1bdf3', '836daa6a-700e-4d87-9a58-cb1412f558c9', 'p8', 'P8', ST_GeomFromText('POINT(-80.69133 26.77245)',4326), '1bb4bf7c-f5f8-44eb-9805-43b07ffadbef'),
    ('88d63e1f-c491-4a8f-ba09-d9402ab1bdf3', 'c0db3f2e-371c-4d9d-a454-2a0698b1afad', 'p9', 'P9', ST_GeomFromText('POINT(-80.69133 26.77245)',4326), '1bb4bf7c-f5f8-44eb-9805-43b07ffadbef'),
    ('88d63e1f-c491-4a8f-ba09-d9402ab1bdf3', 'dd667e1b-7be6-412b-9c5f-85caa5de3790', 'pz-c10a-1', 'PZ-C10A-1', ST_GeomFromText('POINT(-80.61404 26.91685)',4326), '1bb4bf7c-f5f8-44eb-9805-43b07ffadbef'),
    ('88d63e1f-c491-4a8f-ba09-d9402ab1bdf3', '132dfdcc-ead2-4d1c-9a6c-0b35b622e13f', 'pz-c10a-2', 'PZ-C10A-2', ST_GeomFromText('POINT(-80.61404 26.91686)',4326), '1bb4bf7c-f5f8-44eb-9805-43b07ffadbef'),
    ('88d63e1f-c491-4a8f-ba09-d9402ab1bdf3', '2ded6008-a042-406f-93a7-10774f4cb18b', 'pz-c10a-4', 'PZ-C10A-4', ST_GeomFromText('POINT(-80.61407 26.91725)',4326), '1bb4bf7c-f5f8-44eb-9805-43b07ffadbef'),
    ('88d63e1f-c491-4a8f-ba09-d9402ab1bdf3', '189404d3-54e8-4ee5-ab81-b330845ca8b0', 'pz-c10a-5', 'PZ-C10A-5', ST_GeomFromText('POINT(-80.61407 26.91726)',4326), '1bb4bf7c-f5f8-44eb-9805-43b07ffadbef'),
    ('88d63e1f-c491-4a8f-ba09-d9402ab1bdf3', '09c69d40-c4c8-4997-9d82-ca827f03c695', 'pz-er1352-3b1', 'PZ-ER1352-3B1', ST_GeomFromText('POINT(-80.63142 26.86530)',4326), '1bb4bf7c-f5f8-44eb-9805-43b07ffadbef'),
    ('88d63e1f-c491-4a8f-ba09-d9402ab1bdf3', '57085ef6-e092-48e8-961f-a1f71dff7367', 'pz-er1352-3b2', 'PZ-ER1352-3B2', ST_GeomFromText('POINT(-80.63140 26.86531)',4326), '1bb4bf7c-f5f8-44eb-9805-43b07ffadbef'),
    ('88d63e1f-c491-4a8f-ba09-d9402ab1bdf3', 'fc37f400-ed93-4d21-a721-e8612082e952', 'pz-er1352-3c', 'PZ-ER1352-3C', ST_GeomFromText('POINT(-80.63123 26.86518)',4326), '1bb4bf7c-f5f8-44eb-9805-43b07ffadbef'),
    ('88d63e1f-c491-4a8f-ba09-d9402ab1bdf3', '1913e25a-9442-4c79-abc5-b3d89a2ad612', 'pz-er1352-5b1', 'PZ-ER1352-5B1', ST_GeomFromText('POINT(-80.62852 26.86925)',4326), '1bb4bf7c-f5f8-44eb-9805-43b07ffadbef'),
    ('88d63e1f-c491-4a8f-ba09-d9402ab1bdf3', 'db17ab89-abbf-4da6-9041-da00bd72366c', 'pz-er1352-5b2', 'PZ-ER1352-5B2', ST_GeomFromText('POINT(-80.62852 26.86925)',4326), '1bb4bf7c-f5f8-44eb-9805-43b07ffadbef'),
    ('88d63e1f-c491-4a8f-ba09-d9402ab1bdf3', '54d3997b-cb08-4ea2-a93a-c8d9672a1197', 'pz-er1352-5c1', 'PZ-ER1352-5C1', ST_GeomFromText('POINT(-80.62821 26.86911)',4326), '1bb4bf7c-f5f8-44eb-9805-43b07ffadbef'),
    ('88d63e1f-c491-4a8f-ba09-d9402ab1bdf3', '3e03e18c-20aa-40f0-845a-07db1a664a14', 'pz-er1352-5c2', 'PZ-ER1352-5C2', ST_GeomFromText('POINT(-80.62821 26.86911)',4326), '1bb4bf7c-f5f8-44eb-9805-43b07ffadbef'),
    ('88d63e1f-c491-4a8f-ba09-d9402ab1bdf3', '6c5d6e05-4b7e-4abb-b4f2-456529f69b11', 'pz-er1353-4c', 'PZ-ER1353-4C', ST_GeomFromText('POINT(-80.62912 26.86790)',4326), '1bb4bf7c-f5f8-44eb-9805-43b07ffadbef'),
    ('88d63e1f-c491-4a8f-ba09-d9402ab1bdf3', 'ca8643f3-4c99-4f77-bd7f-9cc5bbd27b06', 'pz-er1-pac-b1', 'PZ-ER1-PAC-B1', ST_GeomFromText('POINT(-80.69618 26.78305)',4326), '1bb4bf7c-f5f8-44eb-9805-43b07ffadbef'),
    ('88d63e1f-c491-4a8f-ba09-d9402ab1bdf3', '65c88430-8a3c-42fd-8b96-64c214e3f854', 'pz-er1-pac-b2', 'PZ-ER1-PAC-B2', ST_GeomFromText('POINT(-80.69618 26.78305)',4326), '1bb4bf7c-f5f8-44eb-9805-43b07ffadbef'),
    ('88d63e1f-c491-4a8f-ba09-d9402ab1bdf3', 'adcbad4a-cd58-459d-9bbd-5f9a0f08d44a', 'pz-er1-pac-c1', 'PZ-ER1-PAC-C1', ST_GeomFromText('POINT(-80.69592 26.78310)',4326), '1bb4bf7c-f5f8-44eb-9805-43b07ffadbef'),
    ('88d63e1f-c491-4a8f-ba09-d9402ab1bdf3', 'd661258d-4bcf-423c-9311-e51aa932b057', 'pz-er1-pac-c2', 'PZ-ER1-PAC-C2', ST_GeomFromText('POINT(-80.69592 26.78310)',4326), '1bb4bf7c-f5f8-44eb-9805-43b07ffadbef'),
    ('88d63e1f-c491-4a8f-ba09-d9402ab1bdf3', 'b1e3537c-6ef8-4c57-84b6-8d66f896472b', 'pz-er3d-b', 'PZ-ER3D-B', ST_GeomFromText('POINT(-80.79336 26.69869)',4326), '1bb4bf7c-f5f8-44eb-9805-43b07ffadbef'),
    ('88d63e1f-c491-4a8f-ba09-d9402ab1bdf3', '7647df7e-88a4-4c1b-9881-2ab95fbad02c', 'pz-er3e-b', 'PZ-ER3E-B', ST_GeomFromText('POINT(-80.75375 26.68420)',4326), '1bb4bf7c-f5f8-44eb-9805-43b07ffadbef'),
    ('88d63e1f-c491-4a8f-ba09-d9402ab1bdf3', '02688f1c-163e-4b1f-b3ae-906cb38e86f9', 'pz-er3p4-b1', 'PZ-ER3P4-B1', ST_GeomFromText('POINT(-80.72472 26.68982)',4326), '1bb4bf7c-f5f8-44eb-9805-43b07ffadbef'),
    ('88d63e1f-c491-4a8f-ba09-d9402ab1bdf3', '36528cb7-98b1-45fc-919b-d1086c55d4a5', 'pz-er3p4-b2', 'PZ-ER3P4-B2', ST_GeomFromText('POINT(-80.72472 26.68982)',4326), '1bb4bf7c-f5f8-44eb-9805-43b07ffadbef'),
    ('88d63e1f-c491-4a8f-ba09-d9402ab1bdf3', 'd32f6e60-2503-4b2a-8f0c-4ca475f46885', 'pz-er3p4-c', 'PZ-ER3P4-C', ST_GeomFromText('POINT(-80.72443 26.68963)',4326), '1bb4bf7c-f5f8-44eb-9805-43b07ffadbef'),
    ('88d63e1f-c491-4a8f-ba09-d9402ab1bdf3', '6c94a3fa-023d-4f6e-87c2-1e3efdab9a25', 'pz-erim-b1', 'PZ-ERIM-B1', ST_GeomFromText('POINT(-80.65289 26.83377)',4326), '1bb4bf7c-f5f8-44eb-9805-43b07ffadbef'),
    ('88d63e1f-c491-4a8f-ba09-d9402ab1bdf3', 'e0cce90d-e6cc-49e7-afcc-8eff75fabbc3', 'pz-erim-b2', 'PZ-ERIM-B2', ST_GeomFromText('POINT(-80.65289 26.83377)',4326), '1bb4bf7c-f5f8-44eb-9805-43b07ffadbef'),
    ('88d63e1f-c491-4a8f-ba09-d9402ab1bdf3', '82f26f1c-467c-450f-acb7-0f1f56c0a77f', 'pz-erim-c', 'PZ-ERIM-C', ST_GeomFromText('POINT(-80.65268 26.83357)',4326), '1bb4bf7c-f5f8-44eb-9805-43b07ffadbef'),
    ('88d63e1f-c491-4a8f-ba09-d9402ab1bdf3', '2555c05c-33f3-471b-b78f-2d39dcd434a4', 'pz-gpps-2', 'PZ-GPPS-2', ST_GeomFromText('POINT(-80.64676 26.84133)',4326), '1bb4bf7c-f5f8-44eb-9805-43b07ffadbef'),
    ('88d63e1f-c491-4a8f-ba09-d9402ab1bdf3', 'e040bf6b-774d-4887-81b4-043155ff216a', 'pz-hhd16-r3-1c', 'PZ-HHD16-R3-1C', ST_GeomFromText('POINT(-80.72016 26.69498)',4326), '1bb4bf7c-f5f8-44eb-9805-43b07ffadbef'),
    ('88d63e1f-c491-4a8f-ba09-d9402ab1bdf3', '2350badc-4653-48e0-8280-5d53cf8d1c14', 'pz-hhd16-r3-2c', 'PZ-HHD16-R3-2C', ST_GeomFromText('POINT(-80.72447 26.68967)',4326), '1bb4bf7c-f5f8-44eb-9805-43b07ffadbef'),
    ('88d63e1f-c491-4a8f-ba09-d9402ab1bdf3', 'af2e3327-120f-4d36-a52c-b22f99c72433', 'pz-hhd16-r3-3c', 'PZ-HHD16-R3-3C', ST_GeomFromText('POINT(-80.73827 26.68082)',4326), '1bb4bf7c-f5f8-44eb-9805-43b07ffadbef'),
    ('88d63e1f-c491-4a8f-ba09-d9402ab1bdf3', '4fd9d90f-1946-40a5-8d1e-7ddeb551d725', 'pz-hhdr1-10b1', 'PZ-HHDR1-10B1', ST_GeomFromText('POINT(-80.69557 26.78144)',4326), '1bb4bf7c-f5f8-44eb-9805-43b07ffadbef'),
    ('88d63e1f-c491-4a8f-ba09-d9402ab1bdf3', 'd4bbab2b-4e1e-40bf-a80a-c82658cc4392', 'pz-hhdr1-10b2', 'PZ-HHDR1-10B2', ST_GeomFromText('POINT(-80.69557 26.78146)',4326), '1bb4bf7c-f5f8-44eb-9805-43b07ffadbef'),
    ('88d63e1f-c491-4a8f-ba09-d9402ab1bdf3', '237eb229-deae-45f0-a223-60ca1f463219', 'pz-hhdr1-10c1', 'PZ-HHDR1-10C1', ST_GeomFromText('POINT(-80.69532 26.78151)',4326), '1bb4bf7c-f5f8-44eb-9805-43b07ffadbef'),
    ('88d63e1f-c491-4a8f-ba09-d9402ab1bdf3', 'bb19ca54-24ba-4274-9ca6-7e497be363d9', 'pz-hhdr1-10c2', 'PZ-HHDR1-10C2', ST_GeomFromText('POINT(-80.69532 26.78150)',4326), '1bb4bf7c-f5f8-44eb-9805-43b07ffadbef'),
    ('88d63e1f-c491-4a8f-ba09-d9402ab1bdf3', 'dd3626a5-7ad4-457e-b5cf-c1f8715bb65b', 'pz-hhdr1-4b1', 'PZ-HHDR1-4B1', ST_GeomFromText('POINT(-80.69951 26.73061)',4326), '1bb4bf7c-f5f8-44eb-9805-43b07ffadbef'),
    ('88d63e1f-c491-4a8f-ba09-d9402ab1bdf3', 'f3da2d70-decf-4a3b-9265-48378c6c37fa', 'pz-hhdr1-4b2', 'PZ-HHDR1-4B2', ST_GeomFromText('POINT(-80.69953 26.73059)',4326), '1bb4bf7c-f5f8-44eb-9805-43b07ffadbef'),
    ('88d63e1f-c491-4a8f-ba09-d9402ab1bdf3', '6ee25d06-e468-4247-80c1-d5917c71768d', 'pz-hhdr1-4c1', 'PZ-HHDR1-4C1', ST_GeomFromText('POINT(-80.69921 26.73039)',4326), '1bb4bf7c-f5f8-44eb-9805-43b07ffadbef'),
    ('88d63e1f-c491-4a8f-ba09-d9402ab1bdf3', '3457bd46-5826-4993-8dcb-7fe9edbe1a23', 'pz-hhdr1-4c2', 'PZ-HHDR1-4C2', ST_GeomFromText('POINT(-80.69924 26.73037)',4326), '1bb4bf7c-f5f8-44eb-9805-43b07ffadbef'),
    ('88d63e1f-c491-4a8f-ba09-d9402ab1bdf3', '22bbbacc-2e4a-41ba-a74b-1f8a0588fcff', 'pz-hhdr1-6b1', 'PZ-HHDR1-6B1', ST_GeomFromText('POINT(-80.68898 26.74324)',4326), '1bb4bf7c-f5f8-44eb-9805-43b07ffadbef'),
    ('88d63e1f-c491-4a8f-ba09-d9402ab1bdf3', '11a884cb-503f-4afb-bd39-024a69162a59', 'pz-hhdr1-6b2', 'PZ-HHDR1-6B2', ST_GeomFromText('POINT(-80.68900 26.74321)',4326), '1bb4bf7c-f5f8-44eb-9805-43b07ffadbef'),
    ('88d63e1f-c491-4a8f-ba09-d9402ab1bdf3', '7ed57e45-a714-4487-9a31-4bb008173a10', 'pz-hhdr1-6c1', 'PZ-HHDR1-6C1', ST_GeomFromText('POINT(-80.68863 26.74303)',4326), '1bb4bf7c-f5f8-44eb-9805-43b07ffadbef'),
    ('88d63e1f-c491-4a8f-ba09-d9402ab1bdf3', 'ffb69830-4354-4ebb-b4ac-87bd663059b5', 'pz-hhdr1-6c2', 'PZ-HHDR1-6C2', ST_GeomFromText('POINT(-80.68864 26.74301)',4326), '1bb4bf7c-f5f8-44eb-9805-43b07ffadbef'),
    ('88d63e1f-c491-4a8f-ba09-d9402ab1bdf3', 'dd7f15ec-f836-459f-a038-ede2913d20d4', 'pz-hhdr1-7b', 'PZ-HHDR1-7B', ST_GeomFromText('POINT(-80.68592 26.75828)',4326), '1bb4bf7c-f5f8-44eb-9805-43b07ffadbef'),
    ('88d63e1f-c491-4a8f-ba09-d9402ab1bdf3', 'cfd45cb4-b53d-4cff-8f02-271459b70207', 'pz-hhdr1-7c2', 'PZ-HHDR1-7C2', ST_GeomFromText('POINT(-80.68563 26.75838)',4326), '1bb4bf7c-f5f8-44eb-9805-43b07ffadbef'),
    ('88d63e1f-c491-4a8f-ba09-d9402ab1bdf3', 'ee099795-6f58-44a5-9147-59842442615a', 'pz-hhdr1a-1c', 'PZ-HHDR1A-1C', ST_GeomFromText('POINT(-80.61016 26.95193)',4326), '1bb4bf7c-f5f8-44eb-9805-43b07ffadbef'),
    ('88d63e1f-c491-4a8f-ba09-d9402ab1bdf3', '331c47b0-9c96-4a36-badb-8b94f9917b7c', 'pz-hhdr1a-1d', 'PZ-HHDR1A-1D', ST_GeomFromText('POINT(-80.60880 26.95203)',4326), '1bb4bf7c-f5f8-44eb-9805-43b07ffadbef'),
    ('88d63e1f-c491-4a8f-ba09-d9402ab1bdf3', 'd80ed7f3-ec86-4b8b-8ffb-a7015e569a1a', 'pz-hhdr1a-2a', 'PZ-HHDR1A-2A', ST_GeomFromText('POINT(-80.61427 26.92192)',4326), '1bb4bf7c-f5f8-44eb-9805-43b07ffadbef'),
    ('88d63e1f-c491-4a8f-ba09-d9402ab1bdf3', 'abb0a9b4-2f69-4cec-a292-8e782ffbaea1', 'pz-hhdr1a-2c', 'PZ-HHDR1A-2C', ST_GeomFromText('POINT(-80.61365 26.92180)',4326), '1bb4bf7c-f5f8-44eb-9805-43b07ffadbef'),
    ('88d63e1f-c491-4a8f-ba09-d9402ab1bdf3', '29d67832-4f8b-4470-8c05-2cd161ba6739', 'pz-hhdr1a-2d', 'PZ-HHDR1A-2D', ST_GeomFromText('POINT(-80.61259 26.92161)',4326), '1bb4bf7c-f5f8-44eb-9805-43b07ffadbef'),
    ('88d63e1f-c491-4a8f-ba09-d9402ab1bdf3', '86c34efd-c26c-4663-8890-b58c3dca9510', 'pz-hhdr1a-2d_dl', 'PZ-HHDR1A-2D_DL', ST_GeomFromText('POINT(-80.61259 26.92161)',4326), '1bb4bf7c-f5f8-44eb-9805-43b07ffadbef'),
    ('88d63e1f-c491-4a8f-ba09-d9402ab1bdf3', '9a30d375-0800-4297-891e-699fa8878899', 'pz-mrr3-sh-b1', 'PZ-MRR3-SH-B1', ST_GeomFromText('POINT(-80.77763 26.69678)',4326), '1bb4bf7c-f5f8-44eb-9805-43b07ffadbef'),
    ('88d63e1f-c491-4a8f-ba09-d9402ab1bdf3', '4e81c5a1-a25d-43e7-a1be-3a24930385f8', 'pz-mrr3-sh-b2', 'PZ-MRR3-SH-B2', ST_GeomFromText('POINT(-80.77763 26.69678)',4326), '1bb4bf7c-f5f8-44eb-9805-43b07ffadbef'),
    ('88d63e1f-c491-4a8f-ba09-d9402ab1bdf3', '45587ca3-177c-480a-95d6-bba0984fb0ac', 'pz-r1-25-b1', 'PZ-R1-25-B1', ST_GeomFromText('POINT(-80.62242 26.87810)',4326), '1bb4bf7c-f5f8-44eb-9805-43b07ffadbef'),
    ('88d63e1f-c491-4a8f-ba09-d9402ab1bdf3', 'b97885a9-027d-42ab-b4cd-e8752a896f4a', 'pz-r1-25-b2', 'PZ-R1-25-B2', ST_GeomFromText('POINT(-80.62247 26.87812)',4326), '1bb4bf7c-f5f8-44eb-9805-43b07ffadbef'),
    ('88d63e1f-c491-4a8f-ba09-d9402ab1bdf3', 'b540f1d8-4917-4175-a605-3f4ae677b884', 'pz-r1-25-c1', 'PZ-R1-25-C1', ST_GeomFromText('POINT(-80.62213 26.87791)',4326), '1bb4bf7c-f5f8-44eb-9805-43b07ffadbef'),
    ('88d63e1f-c491-4a8f-ba09-d9402ab1bdf3', '34c47545-55e4-4f7e-b15a-7f4b9f1cf720', 'pz-r1-25-c2', 'PZ-R1-25-C2', ST_GeomFromText('POINT(-80.62211 26.87793)',4326), '1bb4bf7c-f5f8-44eb-9805-43b07ffadbef'),
    ('88d63e1f-c491-4a8f-ba09-d9402ab1bdf3', '8f8a27f8-e3b4-4fa2-832d-1aae8947c532', 'pz-r1-31-b1', 'PZ-R1-31-B1', ST_GeomFromText('POINT(-80.61349 26.92525)',4326), '1bb4bf7c-f5f8-44eb-9805-43b07ffadbef'),
    ('88d63e1f-c491-4a8f-ba09-d9402ab1bdf3', '7b3ddf82-ef8a-42fc-9152-6e025185c3d3', 'pz-r1-31-c', 'PZ-R1-31-C', ST_GeomFromText('POINT(-80.61327 26.92514)',4326), '1bb4bf7c-f5f8-44eb-9805-43b07ffadbef'),
    ('88d63e1f-c491-4a8f-ba09-d9402ab1bdf3', 'aaf9d446-f130-492c-9317-ccad6fcb6400', 'pz-r1-s42-b1', 'PZ-R1-S42-B1', ST_GeomFromText('POINT(-80.64700 26.84145)',4326), '1bb4bf7c-f5f8-44eb-9805-43b07ffadbef'),
    ('88d63e1f-c491-4a8f-ba09-d9402ab1bdf3', '5860aef9-1bcc-4c53-8e12-cfdb8d585dc5', 'pz-r1-s42-b2', 'PZ-R1-S42-B2', ST_GeomFromText('POINT(-80.64703 26.84139)',4326), '1bb4bf7c-f5f8-44eb-9805-43b07ffadbef'),
    ('88d63e1f-c491-4a8f-ba09-d9402ab1bdf3', '1f19b500-addf-40cf-bac5-0085198907bf', 'pz-r2-a-a', 'PZ-R2-A-A', ST_GeomFromText('POINT(-81.03150 26.81750)',4326), '1bb4bf7c-f5f8-44eb-9805-43b07ffadbef'),
    ('88d63e1f-c491-4a8f-ba09-d9402ab1bdf3', 'e1ff124d-910c-495b-b48c-8d177e2e2bf8', 'pz-r2-a-b1', 'PZ-R2-A-B1', ST_GeomFromText('POINT(-81.03160 26.81725)',4326), '1bb4bf7c-f5f8-44eb-9805-43b07ffadbef'),
    ('88d63e1f-c491-4a8f-ba09-d9402ab1bdf3', '02785b24-6065-4d6d-9f2b-148b128c2a6e', 'pz-r2-a-b2', 'PZ-R2-A-B2', ST_GeomFromText('POINT(-81.03162 26.81726)',4326), '1bb4bf7c-f5f8-44eb-9805-43b07ffadbef'),
    ('88d63e1f-c491-4a8f-ba09-d9402ab1bdf3', '5fba3384-bc01-46c2-8fe7-d73de28baaab', 'pz-r2-a-c', 'PZ-R2-A-C', ST_GeomFromText('POINT(-81.03163 26.81698)',4326), '1bb4bf7c-f5f8-44eb-9805-43b07ffadbef'),
    ('88d63e1f-c491-4a8f-ba09-d9402ab1bdf3', 'f17452a3-0f0b-4369-aac7-55aac67b74d1', 'pz-r2-b-a', 'PZ-R2-B-A', ST_GeomFromText('POINT(-80.95956 26.78857)',4326), '1bb4bf7c-f5f8-44eb-9805-43b07ffadbef'),
    ('88d63e1f-c491-4a8f-ba09-d9402ab1bdf3', 'b3d98837-30a3-4faf-9de0-b4601623664d', 'pz-r2-b-b1', 'PZ-R2-B-B1', ST_GeomFromText('POINT(-80.95969 26.78841)',4326), '1bb4bf7c-f5f8-44eb-9805-43b07ffadbef'),
    ('88d63e1f-c491-4a8f-ba09-d9402ab1bdf3', '48d580ec-a436-4eb8-9f40-2cd4568b1c47', 'pz-r2-b-b2', 'PZ-R2-B-B2', ST_GeomFromText('POINT(-80.95971 26.78843)',4326), '1bb4bf7c-f5f8-44eb-9805-43b07ffadbef'),
    ('88d63e1f-c491-4a8f-ba09-d9402ab1bdf3', '3484764d-430c-4eec-9bfc-dcdb7f23199c', 'pz-r2-e-a', 'PZ-R2-E-A', ST_GeomFromText('POINT(-80.85592 26.73009)',4326), '1bb4bf7c-f5f8-44eb-9805-43b07ffadbef'),
    ('88d63e1f-c491-4a8f-ba09-d9402ab1bdf3', '7b9fcd4c-5211-41fe-a448-10c8255efb1a', 'pz-r2-e-b1', 'PZ-R2-E-B1', ST_GeomFromText('POINT(-80.85608 26.72974)',4326), '1bb4bf7c-f5f8-44eb-9805-43b07ffadbef'),
    ('88d63e1f-c491-4a8f-ba09-d9402ab1bdf3', '077b8b6a-c6a5-43df-b6cf-b20fd195573f', 'pz-r2-e-b2', 'PZ-R2-E-B2', ST_GeomFromText('POINT(-80.85611 26.72975)',4326), '1bb4bf7c-f5f8-44eb-9805-43b07ffadbef'),
    ('88d63e1f-c491-4a8f-ba09-d9402ab1bdf3', '58eef99c-b6e8-4edc-85cc-8b0f0784131d', 'pz-r2-f-a', 'PZ-R2-F-A', ST_GeomFromText('POINT(-80.81499 26.69870)',4326), '1bb4bf7c-f5f8-44eb-9805-43b07ffadbef'),
    ('88d63e1f-c491-4a8f-ba09-d9402ab1bdf3', '04f90554-81d7-472e-ac92-2257042e349c', 'pz-r2-f-b1', 'PZ-R2-F-B1', ST_GeomFromText('POINT(-80.81494 26.69831)',4326), '1bb4bf7c-f5f8-44eb-9805-43b07ffadbef'),
    ('88d63e1f-c491-4a8f-ba09-d9402ab1bdf3', '23948838-a386-45bf-b0bc-29d1a76b5e46', 'pz-r2-f-b2', 'PZ-R2-F-B2', ST_GeomFromText('POINT(-80.81494 26.69831)',4326), '1bb4bf7c-f5f8-44eb-9805-43b07ffadbef'),
    ('88d63e1f-c491-4a8f-ba09-d9402ab1bdf3', 'dd5955a8-f20c-4496-bfae-336169b2eb75', 'pz-r2-fc', 'PZ-R2-FC', ST_GeomFromText('POINT(-80.81500 26.69804)',4326), '1bb4bf7c-f5f8-44eb-9805-43b07ffadbef'),
    ('88d63e1f-c491-4a8f-ba09-d9402ab1bdf3', 'e33653df-ec53-4126-91b3-af5774cb23eb', 'pz-r3-b-b1', 'PZ-R3-B-B1', ST_GeomFromText('POINT(-80.73823 26.68107)',4326), '1bb4bf7c-f5f8-44eb-9805-43b07ffadbef'),
    ('88d63e1f-c491-4a8f-ba09-d9402ab1bdf3', '69ad96ec-4696-407b-9c58-b8ec27a5bdfc', 'pz-r3-b-b2', 'PZ-R3-B-B2', ST_GeomFromText('POINT(-80.73826 26.68107)',4326), '1bb4bf7c-f5f8-44eb-9805-43b07ffadbef'),
    ('88d63e1f-c491-4a8f-ba09-d9402ab1bdf3', 'ed54e540-3953-44ae-aca9-a95ea668d349', 'pz-r3-c-a1', 'PZ-R3-C-A1', ST_GeomFromText('POINT(-80.76456 26.69042)',4326), '1bb4bf7c-f5f8-44eb-9805-43b07ffadbef'),
    ('88d63e1f-c491-4a8f-ba09-d9402ab1bdf3', '43c72cd2-8e0d-4876-bf0d-959642896ac6', 'pz-r3-c-a2', 'PZ-R3-C-A2', ST_GeomFromText('POINT(-80.76454 26.69041)',4326), '1bb4bf7c-f5f8-44eb-9805-43b07ffadbef'),
    ('88d63e1f-c491-4a8f-ba09-d9402ab1bdf3', '13ba47e5-5fcc-4e1e-8e1f-d2c76c839fb0', 'pz-r3-c-b', 'PZ-R3-C-B', ST_GeomFromText('POINT(-80.76474 26.69017)',4326), '1bb4bf7c-f5f8-44eb-9805-43b07ffadbef'),
    ('88d63e1f-c491-4a8f-ba09-d9402ab1bdf3', '3f07285b-79bc-4cb6-8939-bb182ca939ce', 'pz-r3-c-c1', 'PZ-R3-C-C1', ST_GeomFromText('POINT(-80.76492 26.68999)',4326), '1bb4bf7c-f5f8-44eb-9805-43b07ffadbef'),
    ('88d63e1f-c491-4a8f-ba09-d9402ab1bdf3', '9fdd0dd0-0e47-4aa5-8d53-34014ba67c4d', 'pz-r3-c-c2', 'PZ-R3-C-C2', ST_GeomFromText('POINT(-80.76495 26.69000)',4326), '1bb4bf7c-f5f8-44eb-9805-43b07ffadbef'),
    ('88d63e1f-c491-4a8f-ba09-d9402ab1bdf3', '0e2cb2b9-bf18-4ed9-8792-85c286b085ba', 'pz-r3-d-a1', 'PZ-R3-D-A1', ST_GeomFromText('POINT(-80.79334 26.69905)',4326), '1bb4bf7c-f5f8-44eb-9805-43b07ffadbef'),
    ('88d63e1f-c491-4a8f-ba09-d9402ab1bdf3', '8b1fc50a-ce54-4ccf-b3c3-c9182e343647', 'pz-r3-d-a2', 'PZ-R3-D-A2', ST_GeomFromText('POINT(-80.79332 26.69905)',4326), '1bb4bf7c-f5f8-44eb-9805-43b07ffadbef'),
    ('88d63e1f-c491-4a8f-ba09-d9402ab1bdf3', 'ba42dd69-bbe0-411d-9a20-12fa5ec0ebf3', 'pz-r3-d-c1', 'PZ-R3-D-C1', ST_GeomFromText('POINT(-80.79336 26.69843)',4326), '1bb4bf7c-f5f8-44eb-9805-43b07ffadbef'),
    ('88d63e1f-c491-4a8f-ba09-d9402ab1bdf3', '3629cbf6-1256-49ed-aebe-df2f661872a7', 'pz-r3-d-c2', 'PZ-R3-D-C2', ST_GeomFromText('POINT(-80.79338 26.69843)',4326), '1bb4bf7c-f5f8-44eb-9805-43b07ffadbef'),
    ('88d63e1f-c491-4a8f-ba09-d9402ab1bdf3', '171b776b-224b-49e9-9f91-070d22d99075', 'pz-r3-e-a1', 'PZ-R3-E-A1', ST_GeomFromText('POINT(-80.75356 26.68457)',4326), '1bb4bf7c-f5f8-44eb-9805-43b07ffadbef'),
    ('88d63e1f-c491-4a8f-ba09-d9402ab1bdf3', '5940a676-a4c5-4114-897e-de874857d8d1', 'pz-r3-e-a2', 'PZ-R3-E-A2', ST_GeomFromText('POINT(-80.75357 26.68458)',4326), '1bb4bf7c-f5f8-44eb-9805-43b07ffadbef'),
    ('88d63e1f-c491-4a8f-ba09-d9402ab1bdf3', '0105cc43-5cb6-4f06-977c-da3da5abe556', 'pz-r3-e-b2', 'PZ-R3-E-B2', ST_GeomFromText('POINT(-80.75375 26.68419)',4326), '1bb4bf7c-f5f8-44eb-9805-43b07ffadbef'),
    ('88d63e1f-c491-4a8f-ba09-d9402ab1bdf3', '667ccd7b-4f4c-4126-9953-cc0c0e7eb35b', 'pz-r3-e-c1', 'PZ-R3-E-C1', ST_GeomFromText('POINT(-80.75389 26.68397)',4326), '1bb4bf7c-f5f8-44eb-9805-43b07ffadbef'),
    ('88d63e1f-c491-4a8f-ba09-d9402ab1bdf3', '68851dd7-b466-4831-b0e4-c8ce8a45ea43', 'pz-r3-e-c2', 'PZ-R3-E-C2', ST_GeomFromText('POINT(-80.75390 26.68398)',4326), '1bb4bf7c-f5f8-44eb-9805-43b07ffadbef'),
    ('88d63e1f-c491-4a8f-ba09-d9402ab1bdf3', 'a4c77d91-ca3d-4a5a-b75d-872bb10c314c', 'pz-r3-f-a1', 'PZ-R3-F-A1', ST_GeomFromText('POINT(-80.72505 26.69005)',4326), '1bb4bf7c-f5f8-44eb-9805-43b07ffadbef'),
    ('88d63e1f-c491-4a8f-ba09-d9402ab1bdf3', '8b3afa68-4b6a-491a-aff4-99ee06208d6b', 'pz-r3-f-a2', 'PZ-R3-F-A2', ST_GeomFromText('POINT(-80.72507 26.69003)',4326), '1bb4bf7c-f5f8-44eb-9805-43b07ffadbef'),
    ('88d63e1f-c491-4a8f-ba09-d9402ab1bdf3', 'e6772734-05fb-4359-81e9-5ff2a164ba96', 'pz-r3-g-a1', 'PZ-R3-G-A1', ST_GeomFromText('POINT(-80.72069 26.69536)',4326), '1bb4bf7c-f5f8-44eb-9805-43b07ffadbef'),
    ('88d63e1f-c491-4a8f-ba09-d9402ab1bdf3', '8bd4e628-88a6-4ce7-8438-b50f3a6b3fd0', 'pz-r3-g-a2', 'PZ-R3-G-A2', ST_GeomFromText('POINT(-80.72068 26.69534)',4326), '1bb4bf7c-f5f8-44eb-9805-43b07ffadbef'),
    ('88d63e1f-c491-4a8f-ba09-d9402ab1bdf3', '8a82bac3-61c5-4498-a2be-0cbb7e9f368c', 'pz-r3-g-b1', 'PZ-R3-G-B1', ST_GeomFromText('POINT(-80.72044 26.69512)',4326), '1bb4bf7c-f5f8-44eb-9805-43b07ffadbef'),
    ('88d63e1f-c491-4a8f-ba09-d9402ab1bdf3', 'dbcaa68b-29ff-45bf-befa-43ee159881ba', 'pz-r3-g-b2', 'PZ-R3-G-B2', ST_GeomFromText('POINT(-80.72042 26.69515)',4326), '1bb4bf7c-f5f8-44eb-9805-43b07ffadbef'),
    ('88d63e1f-c491-4a8f-ba09-d9402ab1bdf3', '77f0e427-e387-47b5-b707-b8dc5acad643', 'pz-r3-sh-b1a', 'PZ-R3-SH-B1A', ST_GeomFromText('POINT(-80.77759 26.69677)',4326), '1bb4bf7c-f5f8-44eb-9805-43b07ffadbef'),
    ('88d63e1f-c491-4a8f-ba09-d9402ab1bdf3', '27a43e2d-6b8d-4a9d-92c3-7e7b6de96d4a', 'pz-r3-sh-c1', 'PZ-R3-SH-C1', ST_GeomFromText('POINT(-80.77775 26.69659)',4326), '1bb4bf7c-f5f8-44eb-9805-43b07ffadbef'),
    ('88d63e1f-c491-4a8f-ba09-d9402ab1bdf3', 'b0eccef9-ef09-44b4-b821-6cab400c0959', 'pz-r3-sh-c2', 'PZ-R3-SH-C2', ST_GeomFromText('POINT(-80.77774 26.69659)',4326), '1bb4bf7c-f5f8-44eb-9805-43b07ffadbef'),
    ('88d63e1f-c491-4a8f-ba09-d9402ab1bdf3', '4cba3419-67ca-4ef6-ac4d-7f249e6fb996', 'pz-r7-a-b', 'PZ-R7-A-B', ST_GeomFromText('POINT(-80.65594 27.07233)',4326), '1bb4bf7c-f5f8-44eb-9805-43b07ffadbef'),
    ('88d63e1f-c491-4a8f-ba09-d9402ab1bdf3', '77bbd613-43e7-4d61-90bc-e81c8ad0d419', 'pz-r7-a-b2', 'PZ-R7-A-B2', ST_GeomFromText('POINT(-80.65595 27.07236)',4326), '1bb4bf7c-f5f8-44eb-9805-43b07ffadbef'),
    ('88d63e1f-c491-4a8f-ba09-d9402ab1bdf3', '226c6fa9-dd99-4767-a103-83d013a7c1dc', 'pz-r7-a-c1', 'PZ-R7-A-C1', ST_GeomFromText('POINT(-80.65567 27.07242)',4326), '1bb4bf7c-f5f8-44eb-9805-43b07ffadbef'),
    ('88d63e1f-c491-4a8f-ba09-d9402ab1bdf3', '6e05240f-be11-4d59-86d6-49e10f17f280', 'pz-r7-a-c2', 'PZ-R7-A-C2', ST_GeomFromText('POINT(-80.65568 27.07244)',4326), '1bb4bf7c-f5f8-44eb-9805-43b07ffadbef'),
    ('88d63e1f-c491-4a8f-ba09-d9402ab1bdf3', 'baa747d5-4fac-4862-9a12-b3025a719d28', 'pz-r7-b-a', 'PZ-R7-B-A', ST_GeomFromText('POINT(-80.68961 27.13345)',4326), '1bb4bf7c-f5f8-44eb-9805-43b07ffadbef'),
    ('88d63e1f-c491-4a8f-ba09-d9402ab1bdf3', '4a14ca5b-a228-4653-862c-c0a1092e2bef', 'pz-r7-b-b1', 'PZ-R7-B-B1', ST_GeomFromText('POINT(-80.68918 27.13369)',4326), '1bb4bf7c-f5f8-44eb-9805-43b07ffadbef'),
    ('88d63e1f-c491-4a8f-ba09-d9402ab1bdf3', 'd8a794fa-655f-40f8-99fe-4e2c88342dfa', 'pz-r7-b-b2', 'PZ-R7-B-B2', ST_GeomFromText('POINT(-80.68919 27.13370)',4326), '1bb4bf7c-f5f8-44eb-9805-43b07ffadbef'),
    ('88d63e1f-c491-4a8f-ba09-d9402ab1bdf3', 'f5903066-3828-41d4-abc2-ce62d07b4d2c', 'urs-05-1b', 'URS-05-1B', ST_GeomFromText('POINT(-80.62720 26.87156)',4326), '1bb4bf7c-f5f8-44eb-9805-43b07ffadbef'),
    ('88d63e1f-c491-4a8f-ba09-d9402ab1bdf3', '3dca1e11-4986-498a-93eb-9831628f30e4', 'urs-05-1c', 'URS-05-1C', ST_GeomFromText('POINT(-80.62691 26.87087)',4326), '1bb4bf7c-f5f8-44eb-9805-43b07ffadbef'),
    ('88d63e1f-c491-4a8f-ba09-d9402ab1bdf3', '4b8d9e97-0bd6-4a96-b77c-0bbcc3ca7d2e', 'urs-05-2b', 'URS-05-2B', ST_GeomFromText('POINT(-80.61390 26.89265)',4326), '1bb4bf7c-f5f8-44eb-9805-43b07ffadbef'),
    ('88d63e1f-c491-4a8f-ba09-d9402ab1bdf3', 'fa1311df-c0e6-41e7-8d3c-56ba2810b085', 'urs-05-2c', 'URS-05-2C', ST_GeomFromText('POINT(-80.61367 26.89253)',4326), '1bb4bf7c-f5f8-44eb-9805-43b07ffadbef');


-- Sample data to test federal ID auto grouping trigger
INSERT INTO instrument (project_id, id, slug, name, geometry, type_id, nid_id) VALUES
    ('88d63e1f-c491-4a8f-ba09-d9402ab1bdf3', '98713f1a-0dd7-4614-adac-3fd6d593a2d6', 'test-fid-inst1', 'test-fid-inst1', ST_GeomFromText('POINT(-80.61008 26.95703)',4326), '1bb4bf7c-f5f8-44eb-9805-43b07ffadbef', 'FL36001'),
    ('88d63e1f-c491-4a8f-ba09-d9402ab1bdf3', 'af310a97-93ed-4a04-b5a9-45009471dc52', 'test-fid-inst2', 'test-fid-inst2', ST_GeomFromText('POINT(-80.61003 26.95709)',4326), '1bb4bf7c-f5f8-44eb-9805-43b07ffadbef', 'FL36001');

INSERT INTO instrument_status (instrument_id, status_id) VALUES 
('98713f1a-0dd7-4614-adac-3fd6d593a2d6', 'e26ba2ef-9b52-4c71-97df-9e4b6cf4174d'),
('af310a97-93ed-4a04-b5a9-45009471dc52', 'e26ba2ef-9b52-4c71-97df-9e4b6cf4174d');


-- Instrument Group Instruments
INSERT INTO instrument_group_instruments (instrument_id, instrument_group_id) VALUES
    ('8a82bac3-61c5-4498-a2be-0cbb7e9f368c', '9f1f6ed2-5712-461e-bee2-e40979f464a5'),
    ('dbcaa68b-29ff-45bf-befa-43ee159881ba', '9f1f6ed2-5712-461e-bee2-e40979f464a5'),
    ('e6772734-05fb-4359-81e9-5ff2a164ba96', '9f1f6ed2-5712-461e-bee2-e40979f464a5'),
    ('8bd4e628-88a6-4ce7-8438-b50f3a6b3fd0', '9f1f6ed2-5712-461e-bee2-e40979f464a5'),
    ('e040bf6b-774d-4887-81b4-043155ff216a', '9f1f6ed2-5712-461e-bee2-e40979f464a5'),
    --('4cbd19fc-e123-4c32-a35a-8fc6b71b42f7', '9f1f6ed2-5712-461e-bee2-e40979f464a5'),
    ('02688f1c-163e-4b1f-b3ae-906cb38e86f9', '1e57130d-7dcd-4b01-8adf-77180f855d40'),
    ('36528cb7-98b1-45fc-919b-d1086c55d4a5', '1e57130d-7dcd-4b01-8adf-77180f855d40'),
    ('a4c77d91-ca3d-4a5a-b75d-872bb10c314c', '1e57130d-7dcd-4b01-8adf-77180f855d40'),
    ('8b3afa68-4b6a-491a-aff4-99ee06208d6b', '1e57130d-7dcd-4b01-8adf-77180f855d40'),
    ('d32f6e60-2503-4b2a-8f0c-4ca475f46885', '1e57130d-7dcd-4b01-8adf-77180f855d40'),
    ('2350badc-4653-48e0-8280-5d53cf8d1c14', '1e57130d-7dcd-4b01-8adf-77180f855d40'),
    --('f7a756f0-2e5f-448c-a0ed-2a2cd96a9cc3', '1e57130d-7dcd-4b01-8adf-77180f855d40'),
    ('e33653df-ec53-4126-91b3-af5774cb23eb', '460c0de9-bd88-4141-a7ca-d7d69b0627a5'),
    ('69ad96ec-4696-407b-9c58-b8ec27a5bdfc', '460c0de9-bd88-4141-a7ca-d7d69b0627a5'),
    ('af2e3327-120f-4d36-a52c-b22f99c72433', '460c0de9-bd88-4141-a7ca-d7d69b0627a5'),
    --('ea1b950d-5d45-445f-9cfd-a126bb2968a5', '460c0de9-bd88-4141-a7ca-d7d69b0627a5'),
    ('7647df7e-88a4-4c1b-9881-2ab95fbad02c', '97cadd04-74a5-482c-bdee-f7e7fa217e66'),
    ('171b776b-224b-49e9-9f91-070d22d99075', '97cadd04-74a5-482c-bdee-f7e7fa217e66'),
    ('5940a676-a4c5-4114-897e-de874857d8d1', '97cadd04-74a5-482c-bdee-f7e7fa217e66'),
    ('0105cc43-5cb6-4f06-977c-da3da5abe556', '97cadd04-74a5-482c-bdee-f7e7fa217e66'),
    ('667ccd7b-4f4c-4126-9953-cc0c0e7eb35b', '97cadd04-74a5-482c-bdee-f7e7fa217e66'),
    ('68851dd7-b466-4831-b0e4-c8ce8a45ea43', '97cadd04-74a5-482c-bdee-f7e7fa217e66'),
    --('60b68e17-a151-4568-8d22-02e94ead82a7', '97cadd04-74a5-482c-bdee-f7e7fa217e66'),
    ('ed54e540-3953-44ae-aca9-a95ea668d349', '1362a4e4-0dc7-4bc2-a279-868787e16012'),
    ('43c72cd2-8e0d-4876-bf0d-959642896ac6', '1362a4e4-0dc7-4bc2-a279-868787e16012'),
    ('13ba47e5-5fcc-4e1e-8e1f-d2c76c839fb0', '1362a4e4-0dc7-4bc2-a279-868787e16012'),
    ('3f07285b-79bc-4cb6-8939-bb182ca939ce', '1362a4e4-0dc7-4bc2-a279-868787e16012'),
    ('9fdd0dd0-0e47-4aa5-8d53-34014ba67c4d', '1362a4e4-0dc7-4bc2-a279-868787e16012'),
    --('a9f4e8d1-c208-40cd-bc66-55a02c5b9e08', '1362a4e4-0dc7-4bc2-a279-868787e16012'),
    ('9a30d375-0800-4297-891e-699fa8878899', '0beff703-07a6-4220-aa1d-dec8746bd4ca'),
    ('4e81c5a1-a25d-43e7-a1be-3a24930385f8', '0beff703-07a6-4220-aa1d-dec8746bd4ca'),
    ('77f0e427-e387-47b5-b707-b8dc5acad643', '0beff703-07a6-4220-aa1d-dec8746bd4ca'),
    ('27a43e2d-6b8d-4a9d-92c3-7e7b6de96d4a', '0beff703-07a6-4220-aa1d-dec8746bd4ca'),
    ('b0eccef9-ef09-44b4-b821-6cab400c0959', '0beff703-07a6-4220-aa1d-dec8746bd4ca'),
    --('277a786a-8512-4648-b8cf-9d610cdf8409', '0beff703-07a6-4220-aa1d-dec8746bd4ca'),
    ('b1e3537c-6ef8-4c57-84b6-8d66f896472b', '5be75d58-2d16-4605-9652-72211e80b742'),
    ('0e2cb2b9-bf18-4ed9-8792-85c286b085ba', '5be75d58-2d16-4605-9652-72211e80b742'),
    ('8b1fc50a-ce54-4ccf-b3c3-c9182e343647', '5be75d58-2d16-4605-9652-72211e80b742'),
    ('ba42dd69-bbe0-411d-9a20-12fa5ec0ebf3', '5be75d58-2d16-4605-9652-72211e80b742'),
    ('3629cbf6-1256-49ed-aebe-df2f661872a7', '5be75d58-2d16-4605-9652-72211e80b742');
    --('9048e7c1-eba2-4888-9048-db63e71e85ef', '5be75d58-2d16-4605-9652-72211e80b742');

-- instrument_status
-- status 'active' for all instruments in January 01, 2000
INSERT INTO instrument_status (instrument_id, status_id) VALUES
    ('75e13f1a-0dd7-4614-adac-3fd6d593a2d6', 'e26ba2ef-9b52-4c71-97df-9e4b6cf4174d'),
    ('502eddfe-f2bb-4e6a-ade5-35acdd58a53e', 'e26ba2ef-9b52-4c71-97df-9e4b6cf4174d'),
    ('f4dd086d-6273-42e0-9dc2-b6e6eceee60c', 'e26ba2ef-9b52-4c71-97df-9e4b6cf4174d'),
    ('606fec5e-b419-4b80-9188-bb3dc9a6cf3e', 'e26ba2ef-9b52-4c71-97df-9e4b6cf4174d'),
    ('afee1988-84e8-463e-8723-cce890730850', 'e26ba2ef-9b52-4c71-97df-9e4b6cf4174d'),
    ('dfa9edcd-716e-4bee-9203-b04d11eca0c0', 'e26ba2ef-9b52-4c71-97df-9e4b6cf4174d'),
    ('b94f97f2-bbc1-417c-836c-1b9b3c69600e', 'e26ba2ef-9b52-4c71-97df-9e4b6cf4174d'),
    ('dcd22f25-373f-4ef1-82e5-1556e9b95864', 'e26ba2ef-9b52-4c71-97df-9e4b6cf4174d'),
    ('faa0a366-daa6-455a-a049-1cafd7b0a815', 'e26ba2ef-9b52-4c71-97df-9e4b6cf4174d'),
    ('f4bd04eb-3fcc-4b92-b509-0bb7c858dd95', 'e26ba2ef-9b52-4c71-97df-9e4b6cf4174d'),
    ('05501cea-e36c-42a8-a597-af106c539013', 'e26ba2ef-9b52-4c71-97df-9e4b6cf4174d'),
    ('a2ec1b34-cf64-451f-91d7-9be164e7b1a0', 'e26ba2ef-9b52-4c71-97df-9e4b6cf4174d'),
    ('a3c953b1-146c-4612-a77d-03d2d7e72922', 'e26ba2ef-9b52-4c71-97df-9e4b6cf4174d'),
    ('d4a77a92-1c79-49f3-8987-e69cc3579284', 'e26ba2ef-9b52-4c71-97df-9e4b6cf4174d'),
    ('fd17794d-b890-479a-9c25-d8e9af45d42f', 'e26ba2ef-9b52-4c71-97df-9e4b6cf4174d'),
    ('cadb6476-d5e3-4566-88a4-182984df29f1', 'e26ba2ef-9b52-4c71-97df-9e4b6cf4174d'),
    ('1e9f9ed7-b597-4012-ad35-7c65e4ceb2b8', 'e26ba2ef-9b52-4c71-97df-9e4b6cf4174d'),
    ('56179b65-892b-4414-a45c-3ef493d57a0f', 'e26ba2ef-9b52-4c71-97df-9e4b6cf4174d'),
    ('dd795f8b-c2cb-4f2b-954e-e94dd93b1889', 'e26ba2ef-9b52-4c71-97df-9e4b6cf4174d'),
    ('13d0b135-e03b-4ab4-8def-d973e9d5565b', 'e26ba2ef-9b52-4c71-97df-9e4b6cf4174d'),
    ('ede1334c-fb71-4e3d-9829-b0502de65203', 'e26ba2ef-9b52-4c71-97df-9e4b6cf4174d'),
    ('d5e6ebf2-ec06-4062-829f-3090c960cce5', 'e26ba2ef-9b52-4c71-97df-9e4b6cf4174d'),
    ('446f7dec-07a2-4fe9-af18-ac6963c184ca', 'e26ba2ef-9b52-4c71-97df-9e4b6cf4174d'),
    ('0d3b9a0d-2d56-4e8a-9ec1-9c1085d20a32', 'e26ba2ef-9b52-4c71-97df-9e4b6cf4174d'),
    ('43f38fc7-c4b9-44d3-abf6-427810bb048b', 'e26ba2ef-9b52-4c71-97df-9e4b6cf4174d'),
    ('bdef0f12-ccbf-4544-ab4b-4057030f35c4', 'e26ba2ef-9b52-4c71-97df-9e4b6cf4174d'),
    ('3f6295eb-6aae-4dd2-a493-76b4aa2f2136', 'e26ba2ef-9b52-4c71-97df-9e4b6cf4174d'),
    ('8ca707bb-dc52-444f-8de8-262dc2709af9', 'e26ba2ef-9b52-4c71-97df-9e4b6cf4174d'),
    ('bc69d53d-4351-483d-a929-8980d378fe5e', 'e26ba2ef-9b52-4c71-97df-9e4b6cf4174d'),
    ('5b1df809-6d5b-4d42-94d9-aef0d9bedd49', 'e26ba2ef-9b52-4c71-97df-9e4b6cf4174d'),
    ('07ee8d19-1d1d-4d37-aaca-83b3cb8d4ba6', 'e26ba2ef-9b52-4c71-97df-9e4b6cf4174d'),
    ('2b4c1d54-5fed-4964-b77d-695c76ff5c8b', 'e26ba2ef-9b52-4c71-97df-9e4b6cf4174d'),
    ('193a13e1-3e93-4faf-bdaa-a2f090adfd62', 'e26ba2ef-9b52-4c71-97df-9e4b6cf4174d'),
    ('b393a92a-c30d-4391-bbb3-efb426ddeca4', 'e26ba2ef-9b52-4c71-97df-9e4b6cf4174d'),
    ('5bd5e51c-6edb-4070-8991-02e4ce0a5dea', 'e26ba2ef-9b52-4c71-97df-9e4b6cf4174d'),
    ('4c6a5cd9-8048-49d9-8eb2-4d65b9a0a670', 'e26ba2ef-9b52-4c71-97df-9e4b6cf4174d'),
    ('50d69bbb-25e9-4b4e-be3a-8576658df389', 'e26ba2ef-9b52-4c71-97df-9e4b6cf4174d'),
    ('1560c7bb-89b2-48b7-8d53-694226a37c35', 'e26ba2ef-9b52-4c71-97df-9e4b6cf4174d'),
    ('a7e3d701-eaa0-409b-9e0b-fef193391962', 'e26ba2ef-9b52-4c71-97df-9e4b6cf4174d'),
    ('d269b0e8-e551-4484-9a6e-7748cdaed822', 'e26ba2ef-9b52-4c71-97df-9e4b6cf4174d'),
    ('9c6cab71-2851-4d7c-97e6-87d3416c0638', 'e26ba2ef-9b52-4c71-97df-9e4b6cf4174d'),
    ('9a661f82-008d-4b0a-bc4d-4f9082d10ad6', 'e26ba2ef-9b52-4c71-97df-9e4b6cf4174d'),
    ('61ce5abd-f392-434a-818c-32ae61779adf', 'e26ba2ef-9b52-4c71-97df-9e4b6cf4174d'),
    ('95c1f51f-c576-4cf4-9ccf-01c306034b2c', 'e26ba2ef-9b52-4c71-97df-9e4b6cf4174d'),
    ('11618c4b-4fc2-46af-bb6d-8afd057c2e1b', 'e26ba2ef-9b52-4c71-97df-9e4b6cf4174d'),
    ('bf877dc7-0904-48de-b966-1108b498c39b', 'e26ba2ef-9b52-4c71-97df-9e4b6cf4174d'),
    ('f98dd8bf-f4a2-44d6-9813-5272b96f3699', 'e26ba2ef-9b52-4c71-97df-9e4b6cf4174d'),
    ('11d0dccf-4145-4e0d-9304-5bfd78309e98', 'e26ba2ef-9b52-4c71-97df-9e4b6cf4174d'),
    ('d6c11fed-d9e7-4799-8115-ae59ad8047e7', 'e26ba2ef-9b52-4c71-97df-9e4b6cf4174d'),
    ('0bb0151d-82bb-465a-8af4-7ca8029e7eed', 'e26ba2ef-9b52-4c71-97df-9e4b6cf4174d'),
    ('004c8f2f-2a58-4f12-b313-14f1bf4ec0fa', 'e26ba2ef-9b52-4c71-97df-9e4b6cf4174d'),
    ('ce8b02df-78d0-45d3-8b63-d5c401ce9de0', 'e26ba2ef-9b52-4c71-97df-9e4b6cf4174d'),
    ('c5e42b5b-413f-4255-96a1-2ea816a5d69d', 'e26ba2ef-9b52-4c71-97df-9e4b6cf4174d'),
    ('2ce1e9aa-0f1b-4447-aa06-b8b36ad3197e', 'e26ba2ef-9b52-4c71-97df-9e4b6cf4174d'),
    ('a0ef1ff1-8c94-4c1f-aa45-9ab211d07225', 'e26ba2ef-9b52-4c71-97df-9e4b6cf4174d'),
    ('fe9f39eb-fd88-438c-b017-7aa7121689f9', 'e26ba2ef-9b52-4c71-97df-9e4b6cf4174d'),
    ('0f696539-da5d-41f7-b37b-e37308bda6ec', 'e26ba2ef-9b52-4c71-97df-9e4b6cf4174d'),
    ('a3cccac6-7a5f-4c78-812f-c3fa853d3359', 'e26ba2ef-9b52-4c71-97df-9e4b6cf4174d'),
    ('39bdacd1-f6e6-4ffb-bdc3-92dc104068b8', 'e26ba2ef-9b52-4c71-97df-9e4b6cf4174d'),
    ('68a9de40-df5c-43d6-ac6f-d14bea681ed1', 'e26ba2ef-9b52-4c71-97df-9e4b6cf4174d'),
    ('5f9b8cc4-7f85-4aaa-a2ec-f25d5ed30aed', 'e26ba2ef-9b52-4c71-97df-9e4b6cf4174d'),
    ('b7eb7582-bac6-4213-83d9-92576de5b6a7', 'e26ba2ef-9b52-4c71-97df-9e4b6cf4174d'),
    ('33d40d5e-58ca-4de2-a942-5d6f96e92511', 'e26ba2ef-9b52-4c71-97df-9e4b6cf4174d'),
    ('39129151-a016-4c8f-b51d-6437c0cfc1a0', 'e26ba2ef-9b52-4c71-97df-9e4b6cf4174d'),
    ('3c9719ad-9d1e-47a8-9894-272700cddc5f', 'e26ba2ef-9b52-4c71-97df-9e4b6cf4174d'),
    ('4064970b-aadd-4a78-bc77-76589981f738', 'e26ba2ef-9b52-4c71-97df-9e4b6cf4174d'),
    ('42f0cde0-5da7-404b-a1e9-a1e8d92ef2ee', 'e26ba2ef-9b52-4c71-97df-9e4b6cf4174d'),
    ('b41b2294-f287-43bc-ac66-9eda4e66a768', 'e26ba2ef-9b52-4c71-97df-9e4b6cf4174d'),
    ('d3596add-8ef3-40cc-8e7e-5902b0e03f0d', 'e26ba2ef-9b52-4c71-97df-9e4b6cf4174d'),
    ('622cefac-9d9c-46d3-b7d3-3dbe7328530d', 'e26ba2ef-9b52-4c71-97df-9e4b6cf4174d'),
    ('bc3e44af-d54f-4931-b148-97bfc0b541b9', 'e26ba2ef-9b52-4c71-97df-9e4b6cf4174d'),
    ('3d26a98a-0a0a-4455-9306-7b5d10f88184', 'e26ba2ef-9b52-4c71-97df-9e4b6cf4174d'),
    ('be0ddee2-7002-464e-9437-7150bc472968', 'e26ba2ef-9b52-4c71-97df-9e4b6cf4174d'),
    ('d10a816a-4e5e-4b89-9db5-22208a7b1baa', 'e26ba2ef-9b52-4c71-97df-9e4b6cf4174d'),
    ('1c9ee319-4f4b-475f-9bf6-d648783e7d6e', 'e26ba2ef-9b52-4c71-97df-9e4b6cf4174d'),
    ('4ffc225c-976e-4738-a02d-cb67c9ea5676', 'e26ba2ef-9b52-4c71-97df-9e4b6cf4174d'),
    ('76de422e-0010-4c95-be71-7047bae6c97b', 'e26ba2ef-9b52-4c71-97df-9e4b6cf4174d'),
    ('095e3da7-2766-4e2a-ab42-cc2c628d5e45', 'e26ba2ef-9b52-4c71-97df-9e4b6cf4174d'),
    ('f558aa41-cc6a-4c8a-bc00-416d33f86831', 'e26ba2ef-9b52-4c71-97df-9e4b6cf4174d'),
    ('dd987098-0a9c-49d9-bf91-edec68dae29f', 'e26ba2ef-9b52-4c71-97df-9e4b6cf4174d'),
    ('172df2ab-227f-4f83-9d65-195844c91016', 'e26ba2ef-9b52-4c71-97df-9e4b6cf4174d'),
    ('dd25f456-6f2e-4631-a309-f5ec031e1ab7', 'e26ba2ef-9b52-4c71-97df-9e4b6cf4174d'),
    ('415f2285-8b18-4485-8578-8296b0153a92', 'e26ba2ef-9b52-4c71-97df-9e4b6cf4174d'),
    ('27b891e2-56de-42d3-bb0e-b59dfcbed077', 'e26ba2ef-9b52-4c71-97df-9e4b6cf4174d'),
    ('f42f4a3c-93c4-4ca1-90fa-f98da27e3c3e', 'e26ba2ef-9b52-4c71-97df-9e4b6cf4174d'),
    ('0b082573-3d12-4915-ac67-b9e523519772', 'e26ba2ef-9b52-4c71-97df-9e4b6cf4174d'),
    ('736df5e5-e701-4a4f-a5d3-ec8eb73e9ab9', 'e26ba2ef-9b52-4c71-97df-9e4b6cf4174d'),
    ('6bf392f3-8afe-4dc3-b770-37d6b01bb5a0', 'e26ba2ef-9b52-4c71-97df-9e4b6cf4174d'),
    ('14d71b20-8bad-4ca9-900e-77e8bc337487', 'e26ba2ef-9b52-4c71-97df-9e4b6cf4174d'),
    ('c925f94c-3b50-4293-bb36-4428a3d23e67', 'e26ba2ef-9b52-4c71-97df-9e4b6cf4174d'),
    ('cc31ce4e-09fc-4e4a-90bc-f42df1f191f6', 'e26ba2ef-9b52-4c71-97df-9e4b6cf4174d'),
    ('836daa6a-700e-4d87-9a58-cb1412f558c9', 'e26ba2ef-9b52-4c71-97df-9e4b6cf4174d'),
    ('c0db3f2e-371c-4d9d-a454-2a0698b1afad', 'e26ba2ef-9b52-4c71-97df-9e4b6cf4174d'),
    ('dd667e1b-7be6-412b-9c5f-85caa5de3790', 'e26ba2ef-9b52-4c71-97df-9e4b6cf4174d'),
    ('132dfdcc-ead2-4d1c-9a6c-0b35b622e13f', 'e26ba2ef-9b52-4c71-97df-9e4b6cf4174d'),
    ('2ded6008-a042-406f-93a7-10774f4cb18b', 'e26ba2ef-9b52-4c71-97df-9e4b6cf4174d'),
    ('189404d3-54e8-4ee5-ab81-b330845ca8b0', 'e26ba2ef-9b52-4c71-97df-9e4b6cf4174d'),
    ('09c69d40-c4c8-4997-9d82-ca827f03c695', 'e26ba2ef-9b52-4c71-97df-9e4b6cf4174d'),
    ('57085ef6-e092-48e8-961f-a1f71dff7367', 'e26ba2ef-9b52-4c71-97df-9e4b6cf4174d'),
    ('fc37f400-ed93-4d21-a721-e8612082e952', 'e26ba2ef-9b52-4c71-97df-9e4b6cf4174d'),
    ('1913e25a-9442-4c79-abc5-b3d89a2ad612', 'e26ba2ef-9b52-4c71-97df-9e4b6cf4174d'),
    ('db17ab89-abbf-4da6-9041-da00bd72366c', 'e26ba2ef-9b52-4c71-97df-9e4b6cf4174d'),
    ('54d3997b-cb08-4ea2-a93a-c8d9672a1197', 'e26ba2ef-9b52-4c71-97df-9e4b6cf4174d'),
    ('3e03e18c-20aa-40f0-845a-07db1a664a14', 'e26ba2ef-9b52-4c71-97df-9e4b6cf4174d'),
    ('6c5d6e05-4b7e-4abb-b4f2-456529f69b11', 'e26ba2ef-9b52-4c71-97df-9e4b6cf4174d'),
    ('ca8643f3-4c99-4f77-bd7f-9cc5bbd27b06', 'e26ba2ef-9b52-4c71-97df-9e4b6cf4174d'),
    ('65c88430-8a3c-42fd-8b96-64c214e3f854', 'e26ba2ef-9b52-4c71-97df-9e4b6cf4174d'),
    ('adcbad4a-cd58-459d-9bbd-5f9a0f08d44a', 'e26ba2ef-9b52-4c71-97df-9e4b6cf4174d'),
    ('d661258d-4bcf-423c-9311-e51aa932b057', 'e26ba2ef-9b52-4c71-97df-9e4b6cf4174d');

-- Time Series
INSERT INTO timeseries (id, instrument_id, parameter_id, unit_id, slug, name) VALUES
    ('6e3c8b07-c432-4002-8f00-77de2f69099e', '75e13f1a-0dd7-4614-adac-3fd6d593a2d6', '068b59b0-aafb-4c98-ae4b-ed0365a6fbac', 'f777f2e2-5e32-424e-a1ca-19d16cd8abce', 'height', 'Height'),
    ('30e3a016-9455-4d96-a844-8cb2ebbf97a8', '502eddfe-f2bb-4e6a-ade5-35acdd58a53e', '068b59b0-aafb-4c98-ae4b-ed0365a6fbac', 'f777f2e2-5e32-424e-a1ca-19d16cd8abce', 'height', 'Height'),
    ('f869b12d-d275-41cd-a961-752a0b051dc0', 'f4dd086d-6273-42e0-9dc2-b6e6eceee60c', '068b59b0-aafb-4c98-ae4b-ed0365a6fbac', 'f777f2e2-5e32-424e-a1ca-19d16cd8abce', 'height', 'Height'),
    ('51bad093-a009-40bc-a295-d49d35f1bb56', '606fec5e-b419-4b80-9188-bb3dc9a6cf3e', '068b59b0-aafb-4c98-ae4b-ed0365a6fbac', 'f777f2e2-5e32-424e-a1ca-19d16cd8abce', 'height', 'Height'),
    ('197ba641-b334-4302-9600-9332da6f0e64', 'afee1988-84e8-463e-8723-cce890730850', '068b59b0-aafb-4c98-ae4b-ed0365a6fbac', 'f777f2e2-5e32-424e-a1ca-19d16cd8abce', 'height', 'Height'),
    ('655beec6-72bf-4837-923c-af96c73fb197', 'dfa9edcd-716e-4bee-9203-b04d11eca0c0', '068b59b0-aafb-4c98-ae4b-ed0365a6fbac', 'f777f2e2-5e32-424e-a1ca-19d16cd8abce', 'height', 'Height'),
    ('ce379acd-8f7e-40db-8bd8-7c342d8e4303', 'b94f97f2-bbc1-417c-836c-1b9b3c69600e', '068b59b0-aafb-4c98-ae4b-ed0365a6fbac', 'f777f2e2-5e32-424e-a1ca-19d16cd8abce', 'height', 'Height'),
    ('0ee8ea51-7c51-476e-b790-b27efde32c67', 'dcd22f25-373f-4ef1-82e5-1556e9b95864', '068b59b0-aafb-4c98-ae4b-ed0365a6fbac', 'f777f2e2-5e32-424e-a1ca-19d16cd8abce', 'height', 'Height'),
    ('7c4c1c27-2b7b-4758-b54c-49918fe0c5f6', 'faa0a366-daa6-455a-a049-1cafd7b0a815', '068b59b0-aafb-4c98-ae4b-ed0365a6fbac', 'f777f2e2-5e32-424e-a1ca-19d16cd8abce', 'height', 'Height'),
    ('a2ed4e09-2801-4a97-a061-3f673bbec7c3', 'f4bd04eb-3fcc-4b92-b509-0bb7c858dd95', '068b59b0-aafb-4c98-ae4b-ed0365a6fbac', 'f777f2e2-5e32-424e-a1ca-19d16cd8abce', 'height', 'Height'),
    ('5c60ae0c-1583-4ef0-a51e-46e24438e574', '05501cea-e36c-42a8-a597-af106c539013', '068b59b0-aafb-4c98-ae4b-ed0365a6fbac', 'f777f2e2-5e32-424e-a1ca-19d16cd8abce', 'height', 'Height'),
    ('e01a91a6-dd81-4f3f-a40b-9f8950254711', 'a2ec1b34-cf64-451f-91d7-9be164e7b1a0', '068b59b0-aafb-4c98-ae4b-ed0365a6fbac', 'f777f2e2-5e32-424e-a1ca-19d16cd8abce', 'height', 'Height'),
    ('b7c3db4b-6eff-4dcd-b932-227322f2c03e', 'a3c953b1-146c-4612-a77d-03d2d7e72922', '068b59b0-aafb-4c98-ae4b-ed0365a6fbac', 'f777f2e2-5e32-424e-a1ca-19d16cd8abce', 'height', 'Height'),
    ('13c0b77e-ba93-4d69-9432-62ab509e2466', 'd4a77a92-1c79-49f3-8987-e69cc3579284', '068b59b0-aafb-4c98-ae4b-ed0365a6fbac', 'f777f2e2-5e32-424e-a1ca-19d16cd8abce', 'height', 'Height'),
    ('dcb4327c-02a7-4d32-8296-1ebf06da205b', 'fd17794d-b890-479a-9c25-d8e9af45d42f', '068b59b0-aafb-4c98-ae4b-ed0365a6fbac', 'f777f2e2-5e32-424e-a1ca-19d16cd8abce', 'height', 'Height'),
    ('f9743330-ad7d-4bb5-872e-106edb6bab24', 'cadb6476-d5e3-4566-88a4-182984df29f1', '068b59b0-aafb-4c98-ae4b-ed0365a6fbac', 'f777f2e2-5e32-424e-a1ca-19d16cd8abce', 'height', 'Height'),
    ('4e4127e9-84d8-4bfb-8762-416ed4fa9116', '1e9f9ed7-b597-4012-ad35-7c65e4ceb2b8', '068b59b0-aafb-4c98-ae4b-ed0365a6fbac', 'f777f2e2-5e32-424e-a1ca-19d16cd8abce', 'height', 'Height'),
    ('c6e89df9-79b8-401b-be5a-0e0c8692e1fd', '56179b65-892b-4414-a45c-3ef493d57a0f', '068b59b0-aafb-4c98-ae4b-ed0365a6fbac', 'f777f2e2-5e32-424e-a1ca-19d16cd8abce', 'height', 'Height'),
    ('5d9b08a3-5255-48a1-b99a-4d50dfc242d4', 'dd795f8b-c2cb-4f2b-954e-e94dd93b1889', '068b59b0-aafb-4c98-ae4b-ed0365a6fbac', 'f777f2e2-5e32-424e-a1ca-19d16cd8abce', 'height', 'Height'),
    ('42fb0c6a-1e44-4ca4-bfec-4388febc5b9d', '13d0b135-e03b-4ab4-8def-d973e9d5565b', '068b59b0-aafb-4c98-ae4b-ed0365a6fbac', 'f777f2e2-5e32-424e-a1ca-19d16cd8abce', 'height', 'Height'),
    ('a2351f4b-4bb9-43de-802d-9080f24daed7', 'ede1334c-fb71-4e3d-9829-b0502de65203', '068b59b0-aafb-4c98-ae4b-ed0365a6fbac', 'f777f2e2-5e32-424e-a1ca-19d16cd8abce', 'height', 'Height'),
    ('9109c83d-e15e-416b-b9b3-f5da264406fc', 'd5e6ebf2-ec06-4062-829f-3090c960cce5', '068b59b0-aafb-4c98-ae4b-ed0365a6fbac', 'f777f2e2-5e32-424e-a1ca-19d16cd8abce', 'height', 'Height'),
    ('9fd149d0-bd85-4020-b193-59ecb6123369', '446f7dec-07a2-4fe9-af18-ac6963c184ca', '068b59b0-aafb-4c98-ae4b-ed0365a6fbac', 'f777f2e2-5e32-424e-a1ca-19d16cd8abce', 'height', 'Height'),
    ('94610462-b49e-4fb9-be01-f102dd273043', '0d3b9a0d-2d56-4e8a-9ec1-9c1085d20a32', '068b59b0-aafb-4c98-ae4b-ed0365a6fbac', 'f777f2e2-5e32-424e-a1ca-19d16cd8abce', 'height', 'Height'),
    ('f0e97d42-4762-4d08-9878-dbf4f3e15612', '43f38fc7-c4b9-44d3-abf6-427810bb048b', '068b59b0-aafb-4c98-ae4b-ed0365a6fbac', 'f777f2e2-5e32-424e-a1ca-19d16cd8abce', 'height', 'Height'),
    ('0988e989-6eee-4837-9233-9b6562ed989b', 'bdef0f12-ccbf-4544-ab4b-4057030f35c4', '068b59b0-aafb-4c98-ae4b-ed0365a6fbac', 'f777f2e2-5e32-424e-a1ca-19d16cd8abce', 'height', 'Height'),
    ('618c1171-11bd-4dd1-8599-ccaaa3232447', '3f6295eb-6aae-4dd2-a493-76b4aa2f2136', '068b59b0-aafb-4c98-ae4b-ed0365a6fbac', 'f777f2e2-5e32-424e-a1ca-19d16cd8abce', 'height', 'Height'),
    ('01de8187-33b2-4688-bf2e-3239e7eb5b2a', '8ca707bb-dc52-444f-8de8-262dc2709af9', '068b59b0-aafb-4c98-ae4b-ed0365a6fbac', 'f777f2e2-5e32-424e-a1ca-19d16cd8abce', 'height', 'Height'),
    ('cc703eac-7cc5-453f-9aed-801dcad708c9', 'bc69d53d-4351-483d-a929-8980d378fe5e', '068b59b0-aafb-4c98-ae4b-ed0365a6fbac', 'f777f2e2-5e32-424e-a1ca-19d16cd8abce', 'height', 'Height'),
    ('8be11fe6-90ec-4c95-a5ac-b727e238c749', '5b1df809-6d5b-4d42-94d9-aef0d9bedd49', '068b59b0-aafb-4c98-ae4b-ed0365a6fbac', 'f777f2e2-5e32-424e-a1ca-19d16cd8abce', 'height', 'Height'),
    ('25f9afc3-e3e5-45c0-94c2-ca94f3a2ca7c', '07ee8d19-1d1d-4d37-aaca-83b3cb8d4ba6', '068b59b0-aafb-4c98-ae4b-ed0365a6fbac', 'f777f2e2-5e32-424e-a1ca-19d16cd8abce', 'height', 'Height'),
    ('c595e795-a43d-4689-9b74-636f5cbfc47e', '2b4c1d54-5fed-4964-b77d-695c76ff5c8b', '068b59b0-aafb-4c98-ae4b-ed0365a6fbac', 'f777f2e2-5e32-424e-a1ca-19d16cd8abce', 'height', 'Height'),
    ('702de8c5-c6df-4564-bcb0-a1f74bf24173', '193a13e1-3e93-4faf-bdaa-a2f090adfd62', '068b59b0-aafb-4c98-ae4b-ed0365a6fbac', 'f777f2e2-5e32-424e-a1ca-19d16cd8abce', 'height', 'Height'),
    ('4639475d-eced-4768-9689-81aac72c7b13', 'b393a92a-c30d-4391-bbb3-efb426ddeca4', '068b59b0-aafb-4c98-ae4b-ed0365a6fbac', 'f777f2e2-5e32-424e-a1ca-19d16cd8abce', 'height', 'Height'),
    ('a6c42d65-ec5b-4273-8092-5c29e85a4d16', '5bd5e51c-6edb-4070-8991-02e4ce0a5dea', '068b59b0-aafb-4c98-ae4b-ed0365a6fbac', 'f777f2e2-5e32-424e-a1ca-19d16cd8abce', 'height', 'Height'),
    ('5b3ccc8c-6881-42ac-9b5e-738869f0141b', '4c6a5cd9-8048-49d9-8eb2-4d65b9a0a670', '068b59b0-aafb-4c98-ae4b-ed0365a6fbac', 'f777f2e2-5e32-424e-a1ca-19d16cd8abce', 'height', 'Height'),
    ('bad9d6f7-1e96-48d8-87ac-c5a274248ef3', '50d69bbb-25e9-4b4e-be3a-8576658df389', '068b59b0-aafb-4c98-ae4b-ed0365a6fbac', 'f777f2e2-5e32-424e-a1ca-19d16cd8abce', 'height', 'Height'),
    ('54796b7b-689c-4c11-b32c-ab5ddb15036e', '1560c7bb-89b2-48b7-8d53-694226a37c35', '068b59b0-aafb-4c98-ae4b-ed0365a6fbac', 'f777f2e2-5e32-424e-a1ca-19d16cd8abce', 'height', 'Height'),
    ('08f30c0c-fb01-498c-99ba-9e6b84d083bc', 'a7e3d701-eaa0-409b-9e0b-fef193391962', '068b59b0-aafb-4c98-ae4b-ed0365a6fbac', 'f777f2e2-5e32-424e-a1ca-19d16cd8abce', 'height', 'Height'),
    ('50de7c7f-db7d-4e69-9fcc-9a5fb3704a4c', 'd269b0e8-e551-4484-9a6e-7748cdaed822', '068b59b0-aafb-4c98-ae4b-ed0365a6fbac', 'f777f2e2-5e32-424e-a1ca-19d16cd8abce', 'height', 'Height'),
    ('13db608c-261e-4701-bd53-6cac8da91663', '9c6cab71-2851-4d7c-97e6-87d3416c0638', '068b59b0-aafb-4c98-ae4b-ed0365a6fbac', 'f777f2e2-5e32-424e-a1ca-19d16cd8abce', 'height', 'Height'),
    ('e46d4ba7-1861-46de-950b-ad2dfc9cb94d', '9a661f82-008d-4b0a-bc4d-4f9082d10ad6', '068b59b0-aafb-4c98-ae4b-ed0365a6fbac', 'f777f2e2-5e32-424e-a1ca-19d16cd8abce', 'height', 'Height'),
    ('d7fee494-87d2-4a0d-a7f5-347d9b9fc7b3', '61ce5abd-f392-434a-818c-32ae61779adf', '068b59b0-aafb-4c98-ae4b-ed0365a6fbac', 'f777f2e2-5e32-424e-a1ca-19d16cd8abce', 'height', 'Height'),
    ('b6a394b9-0b3a-4ea3-a847-ed90354486a0', '95c1f51f-c576-4cf4-9ccf-01c306034b2c', '068b59b0-aafb-4c98-ae4b-ed0365a6fbac', 'f777f2e2-5e32-424e-a1ca-19d16cd8abce', 'height', 'Height'),
    ('760c3fdb-fc34-4441-a39c-6eb03275ffb6', '11618c4b-4fc2-46af-bb6d-8afd057c2e1b', '068b59b0-aafb-4c98-ae4b-ed0365a6fbac', 'f777f2e2-5e32-424e-a1ca-19d16cd8abce', 'height', 'Height'),
    ('c709e69c-780f-4657-9aa2-5c6e0ecb62f7', 'bf877dc7-0904-48de-b966-1108b498c39b', '068b59b0-aafb-4c98-ae4b-ed0365a6fbac', 'f777f2e2-5e32-424e-a1ca-19d16cd8abce', 'height', 'Height'),
    ('73666104-ea98-4e43-977b-c6a5e5cee655', 'f98dd8bf-f4a2-44d6-9813-5272b96f3699', '068b59b0-aafb-4c98-ae4b-ed0365a6fbac', 'f777f2e2-5e32-424e-a1ca-19d16cd8abce', 'height', 'Height'),
    ('b77916e1-c7e6-4c45-89b0-015dd1ac8ae5', '11d0dccf-4145-4e0d-9304-5bfd78309e98', '068b59b0-aafb-4c98-ae4b-ed0365a6fbac', 'f777f2e2-5e32-424e-a1ca-19d16cd8abce', 'height', 'Height'),
    ('3657be21-c2b9-4ba4-9e6b-32fbe94bdfea', 'd6c11fed-d9e7-4799-8115-ae59ad8047e7', '068b59b0-aafb-4c98-ae4b-ed0365a6fbac', 'f777f2e2-5e32-424e-a1ca-19d16cd8abce', 'height', 'Height'),
    ('4c7cd3e3-5a49-47f4-a788-9b80044f4b86', '0bb0151d-82bb-465a-8af4-7ca8029e7eed', '068b59b0-aafb-4c98-ae4b-ed0365a6fbac', 'f777f2e2-5e32-424e-a1ca-19d16cd8abce', 'height', 'Height'),
    ('7a5d2668-d898-40cb-9eab-f037f11d9570', '004c8f2f-2a58-4f12-b313-14f1bf4ec0fa', '068b59b0-aafb-4c98-ae4b-ed0365a6fbac', 'f777f2e2-5e32-424e-a1ca-19d16cd8abce', 'height', 'Height'),
    ('7c958ee1-38bc-4425-8fa5-4c5180f4be5b', 'ce8b02df-78d0-45d3-8b63-d5c401ce9de0', '068b59b0-aafb-4c98-ae4b-ed0365a6fbac', 'f777f2e2-5e32-424e-a1ca-19d16cd8abce', 'height', 'Height'),
    ('35588210-c6c0-4364-a900-34a4e1ecc6ed', 'c5e42b5b-413f-4255-96a1-2ea816a5d69d', '068b59b0-aafb-4c98-ae4b-ed0365a6fbac', 'f777f2e2-5e32-424e-a1ca-19d16cd8abce', 'height', 'Height'),
    ('f2b79b74-ac68-4ef6-bde1-ab8de40aa62d', '2ce1e9aa-0f1b-4447-aa06-b8b36ad3197e', '068b59b0-aafb-4c98-ae4b-ed0365a6fbac', 'f777f2e2-5e32-424e-a1ca-19d16cd8abce', 'height', 'Height'),
    ('7430be30-99a9-49ce-afb1-4c89f29706be', 'a0ef1ff1-8c94-4c1f-aa45-9ab211d07225', '068b59b0-aafb-4c98-ae4b-ed0365a6fbac', 'f777f2e2-5e32-424e-a1ca-19d16cd8abce', 'height', 'Height'),
    ('37e6168c-3010-4def-9d53-c1f7d68e6c83', 'fe9f39eb-fd88-438c-b017-7aa7121689f9', '068b59b0-aafb-4c98-ae4b-ed0365a6fbac', 'f777f2e2-5e32-424e-a1ca-19d16cd8abce', 'height', 'Height'),
    ('d66e9880-3cb4-435a-8ddf-16c99835948f', '0f696539-da5d-41f7-b37b-e37308bda6ec', '068b59b0-aafb-4c98-ae4b-ed0365a6fbac', 'f777f2e2-5e32-424e-a1ca-19d16cd8abce', 'height', 'Height'),
    ('0698a1c8-49d6-418b-ba4d-bb7740167c09', 'a3cccac6-7a5f-4c78-812f-c3fa853d3359', '068b59b0-aafb-4c98-ae4b-ed0365a6fbac', 'f777f2e2-5e32-424e-a1ca-19d16cd8abce', 'height', 'Height'),
    ('c6b705e4-5749-475b-8462-b9ed6072d382', '39bdacd1-f6e6-4ffb-bdc3-92dc104068b8', '068b59b0-aafb-4c98-ae4b-ed0365a6fbac', 'f777f2e2-5e32-424e-a1ca-19d16cd8abce', 'height', 'Height'),
    ('a453e5f0-df04-4cfb-8ec7-5462f69aee04', '68a9de40-df5c-43d6-ac6f-d14bea681ed1', '068b59b0-aafb-4c98-ae4b-ed0365a6fbac', 'f777f2e2-5e32-424e-a1ca-19d16cd8abce', 'height', 'Height'),
    ('e4c81d7a-c277-46d0-a1ec-838000c958a1', '5f9b8cc4-7f85-4aaa-a2ec-f25d5ed30aed', '068b59b0-aafb-4c98-ae4b-ed0365a6fbac', 'f777f2e2-5e32-424e-a1ca-19d16cd8abce', 'height', 'Height'),
    ('d8ea7b0f-1b55-434e-9a5e-40dbb1829e2d', 'b7eb7582-bac6-4213-83d9-92576de5b6a7', '068b59b0-aafb-4c98-ae4b-ed0365a6fbac', 'f777f2e2-5e32-424e-a1ca-19d16cd8abce', 'height', 'Height'),
    ('3b98653b-41a4-4425-8e1b-64041b66e030', '33d40d5e-58ca-4de2-a942-5d6f96e92511', '068b59b0-aafb-4c98-ae4b-ed0365a6fbac', 'f777f2e2-5e32-424e-a1ca-19d16cd8abce', 'height', 'Height'),
    ('c40d39fd-8c2d-4319-9a3d-53e624e96bb4', '39129151-a016-4c8f-b51d-6437c0cfc1a0', '068b59b0-aafb-4c98-ae4b-ed0365a6fbac', 'f777f2e2-5e32-424e-a1ca-19d16cd8abce', 'height', 'Height'),
    ('0494a402-dd6f-4c63-a8fa-795686ee7631', '3c9719ad-9d1e-47a8-9894-272700cddc5f', '068b59b0-aafb-4c98-ae4b-ed0365a6fbac', 'f777f2e2-5e32-424e-a1ca-19d16cd8abce', 'height', 'Height'),
    ('d102c35e-ad37-47a7-a7b3-a5611ba5db33', '4064970b-aadd-4a78-bc77-76589981f738', '068b59b0-aafb-4c98-ae4b-ed0365a6fbac', 'f777f2e2-5e32-424e-a1ca-19d16cd8abce', 'height', 'Height'),
    ('e6f5a955-ec21-406a-90fb-cb463ee46826', '42f0cde0-5da7-404b-a1e9-a1e8d92ef2ee', '068b59b0-aafb-4c98-ae4b-ed0365a6fbac', 'f777f2e2-5e32-424e-a1ca-19d16cd8abce', 'height', 'Height'),
    ('cda22bd8-b297-4756-b21e-5d6c795bec9c', 'b41b2294-f287-43bc-ac66-9eda4e66a768', '068b59b0-aafb-4c98-ae4b-ed0365a6fbac', 'f777f2e2-5e32-424e-a1ca-19d16cd8abce', 'height', 'Height'),
    ('66871484-8de6-45d2-a3ac-540c2ba1ad62', 'd3596add-8ef3-40cc-8e7e-5902b0e03f0d', '068b59b0-aafb-4c98-ae4b-ed0365a6fbac', 'f777f2e2-5e32-424e-a1ca-19d16cd8abce', 'height', 'Height'),
    ('9f898f9d-c48e-4851-bb0a-97083e54b53c', '622cefac-9d9c-46d3-b7d3-3dbe7328530d', '068b59b0-aafb-4c98-ae4b-ed0365a6fbac', 'f777f2e2-5e32-424e-a1ca-19d16cd8abce', 'height', 'Height'),
    ('165d7ae7-1e20-4324-9fcc-ca81897d8818', 'bc3e44af-d54f-4931-b148-97bfc0b541b9', '068b59b0-aafb-4c98-ae4b-ed0365a6fbac', 'f777f2e2-5e32-424e-a1ca-19d16cd8abce', 'height', 'Height'),
    ('8d9fae96-9493-4511-8991-582a7983c6e6', '3d26a98a-0a0a-4455-9306-7b5d10f88184', '068b59b0-aafb-4c98-ae4b-ed0365a6fbac', 'f777f2e2-5e32-424e-a1ca-19d16cd8abce', 'height', 'Height'),
    ('7d0dc1f8-4666-4b93-a664-d1bc79520bfc', 'be0ddee2-7002-464e-9437-7150bc472968', '068b59b0-aafb-4c98-ae4b-ed0365a6fbac', 'f777f2e2-5e32-424e-a1ca-19d16cd8abce', 'height', 'Height'),
    ('e29531f9-4024-4711-ae1b-507f626a6fcf', 'd10a816a-4e5e-4b89-9db5-22208a7b1baa', '068b59b0-aafb-4c98-ae4b-ed0365a6fbac', 'f777f2e2-5e32-424e-a1ca-19d16cd8abce', 'height', 'Height'),
    ('9e98b0b6-b1b3-4b21-8f26-e477f8d0a85b', '1c9ee319-4f4b-475f-9bf6-d648783e7d6e', '068b59b0-aafb-4c98-ae4b-ed0365a6fbac', 'f777f2e2-5e32-424e-a1ca-19d16cd8abce', 'height', 'Height'),
    ('d1a64145-a4b5-4d8c-af17-74250c18c85e', '4ffc225c-976e-4738-a02d-cb67c9ea5676', '068b59b0-aafb-4c98-ae4b-ed0365a6fbac', 'f777f2e2-5e32-424e-a1ca-19d16cd8abce', 'height', 'Height'),
    ('a6b6314b-a5a9-405c-9f55-3b001cb851e8', '76de422e-0010-4c95-be71-7047bae6c97b', '068b59b0-aafb-4c98-ae4b-ed0365a6fbac', 'f777f2e2-5e32-424e-a1ca-19d16cd8abce', 'height', 'Height'),
    ('ccb55db7-e502-43d1-a23d-dbeac2bf3894', '095e3da7-2766-4e2a-ab42-cc2c628d5e45', '068b59b0-aafb-4c98-ae4b-ed0365a6fbac', 'f777f2e2-5e32-424e-a1ca-19d16cd8abce', 'height', 'Height'),
    ('a1fe4c4b-46df-4e8a-a66a-4556aabf60be', 'f558aa41-cc6a-4c8a-bc00-416d33f86831', '068b59b0-aafb-4c98-ae4b-ed0365a6fbac', 'f777f2e2-5e32-424e-a1ca-19d16cd8abce', 'height', 'Height'),
    ('5c56a81f-4b9a-4ee4-9382-dd113f2ac25f', 'dd987098-0a9c-49d9-bf91-edec68dae29f', '068b59b0-aafb-4c98-ae4b-ed0365a6fbac', 'f777f2e2-5e32-424e-a1ca-19d16cd8abce', 'height', 'Height'),
    ('5a141901-d9fb-470c-868e-18d351f52a31', '172df2ab-227f-4f83-9d65-195844c91016', '068b59b0-aafb-4c98-ae4b-ed0365a6fbac', 'f777f2e2-5e32-424e-a1ca-19d16cd8abce', 'height', 'Height'),
    ('23b6fe1b-5414-4a32-b834-970ef4c6de2f', 'dd25f456-6f2e-4631-a309-f5ec031e1ab7', '068b59b0-aafb-4c98-ae4b-ed0365a6fbac', 'f777f2e2-5e32-424e-a1ca-19d16cd8abce', 'height', 'Height'),
    ('ce6565c0-1add-4995-9ad5-cb7a5155ec8e', '415f2285-8b18-4485-8578-8296b0153a92', '068b59b0-aafb-4c98-ae4b-ed0365a6fbac', 'f777f2e2-5e32-424e-a1ca-19d16cd8abce', 'height', 'Height'),
    ('bd189c0e-6ad7-4e06-b67f-0a032ba0b25a', '27b891e2-56de-42d3-bb0e-b59dfcbed077', '068b59b0-aafb-4c98-ae4b-ed0365a6fbac', 'f777f2e2-5e32-424e-a1ca-19d16cd8abce', 'height', 'Height'),
    ('9247ee8f-a6e7-459e-9f8f-65f1f79223fa', 'f42f4a3c-93c4-4ca1-90fa-f98da27e3c3e', '068b59b0-aafb-4c98-ae4b-ed0365a6fbac', 'f777f2e2-5e32-424e-a1ca-19d16cd8abce', 'height', 'Height'),
    ('0b6e3d72-b10f-41ca-a77b-168d3be37767', '0b082573-3d12-4915-ac67-b9e523519772', '068b59b0-aafb-4c98-ae4b-ed0365a6fbac', 'f777f2e2-5e32-424e-a1ca-19d16cd8abce', 'height', 'Height'),
    ('895227f9-a848-4320-b958-d582ef73a4f6', '736df5e5-e701-4a4f-a5d3-ec8eb73e9ab9', '068b59b0-aafb-4c98-ae4b-ed0365a6fbac', 'f777f2e2-5e32-424e-a1ca-19d16cd8abce', 'height', 'Height'),
    ('f635d971-ae1c-4e52-8468-fa6723a6feb6', '6bf392f3-8afe-4dc3-b770-37d6b01bb5a0', '068b59b0-aafb-4c98-ae4b-ed0365a6fbac', 'f777f2e2-5e32-424e-a1ca-19d16cd8abce', 'height', 'Height'),
    ('0e71fdba-513a-4dd5-a397-a8be5b6a98d9', '14d71b20-8bad-4ca9-900e-77e8bc337487', '068b59b0-aafb-4c98-ae4b-ed0365a6fbac', 'f777f2e2-5e32-424e-a1ca-19d16cd8abce', 'height', 'Height'),
    ('1214b513-d94b-4e58-aa87-425a7f740ab5', 'c925f94c-3b50-4293-bb36-4428a3d23e67', '068b59b0-aafb-4c98-ae4b-ed0365a6fbac', 'f777f2e2-5e32-424e-a1ca-19d16cd8abce', 'height', 'Height'),
    ('9a9c63c1-db7b-4c2f-bfa0-7692ac558f76', 'cc31ce4e-09fc-4e4a-90bc-f42df1f191f6', '068b59b0-aafb-4c98-ae4b-ed0365a6fbac', 'f777f2e2-5e32-424e-a1ca-19d16cd8abce', 'height', 'Height'),
    ('8f9b8eb2-8cf9-42a8-96b5-564696be393b', '836daa6a-700e-4d87-9a58-cb1412f558c9', '068b59b0-aafb-4c98-ae4b-ed0365a6fbac', 'f777f2e2-5e32-424e-a1ca-19d16cd8abce', 'height', 'Height'),
    ('acf3d1c3-7e6f-4223-9213-785c2de9f1cd', 'c0db3f2e-371c-4d9d-a454-2a0698b1afad', '068b59b0-aafb-4c98-ae4b-ed0365a6fbac', 'f777f2e2-5e32-424e-a1ca-19d16cd8abce', 'height', 'Height'),
    ('3e80bafe-56f8-448c-9a33-d8176dc857c7', 'dd667e1b-7be6-412b-9c5f-85caa5de3790', '068b59b0-aafb-4c98-ae4b-ed0365a6fbac', 'f777f2e2-5e32-424e-a1ca-19d16cd8abce', 'height', 'Height'),
    ('bc9bf241-ab6d-44a2-9af3-dae4c5e43e2e', '132dfdcc-ead2-4d1c-9a6c-0b35b622e13f', '068b59b0-aafb-4c98-ae4b-ed0365a6fbac', 'f777f2e2-5e32-424e-a1ca-19d16cd8abce', 'height', 'Height'),
    ('3bac5985-6f7e-4e37-834a-608ec4b16ada', '2ded6008-a042-406f-93a7-10774f4cb18b', '068b59b0-aafb-4c98-ae4b-ed0365a6fbac', 'f777f2e2-5e32-424e-a1ca-19d16cd8abce', 'height', 'Height'),
    ('29cd4db3-1033-4c2b-a75d-00e241867c80', '189404d3-54e8-4ee5-ab81-b330845ca8b0', '068b59b0-aafb-4c98-ae4b-ed0365a6fbac', 'f777f2e2-5e32-424e-a1ca-19d16cd8abce', 'height', 'Height'),
    ('371cc881-9b6a-43ef-8a82-4f5a8f99b116', '09c69d40-c4c8-4997-9d82-ca827f03c695', '068b59b0-aafb-4c98-ae4b-ed0365a6fbac', 'f777f2e2-5e32-424e-a1ca-19d16cd8abce', 'height', 'Height'),
    ('0868fd99-1810-4f01-b076-bc80bb21740e', '57085ef6-e092-48e8-961f-a1f71dff7367', '068b59b0-aafb-4c98-ae4b-ed0365a6fbac', 'f777f2e2-5e32-424e-a1ca-19d16cd8abce', 'height', 'Height'),
    ('58a89c28-cc38-416d-b356-5f23464d016f', 'fc37f400-ed93-4d21-a721-e8612082e952', '068b59b0-aafb-4c98-ae4b-ed0365a6fbac', 'f777f2e2-5e32-424e-a1ca-19d16cd8abce', 'height', 'Height'),
    ('23e4bbed-3326-4f4c-a274-303ff9021690', '1913e25a-9442-4c79-abc5-b3d89a2ad612', '068b59b0-aafb-4c98-ae4b-ed0365a6fbac', 'f777f2e2-5e32-424e-a1ca-19d16cd8abce', 'height', 'Height'),
    ('28e09db7-a8da-4dcd-9010-c421fa641a16', 'db17ab89-abbf-4da6-9041-da00bd72366c', '068b59b0-aafb-4c98-ae4b-ed0365a6fbac', 'f777f2e2-5e32-424e-a1ca-19d16cd8abce', 'height', 'Height'),
    ('8d881b47-ac98-48c5-831b-7b669ed1935e', '54d3997b-cb08-4ea2-a93a-c8d9672a1197', '068b59b0-aafb-4c98-ae4b-ed0365a6fbac', 'f777f2e2-5e32-424e-a1ca-19d16cd8abce', 'height', 'Height'),
    ('61490d41-8d05-4988-98a1-cb03f54ff788', '3e03e18c-20aa-40f0-845a-07db1a664a14', '068b59b0-aafb-4c98-ae4b-ed0365a6fbac', 'f777f2e2-5e32-424e-a1ca-19d16cd8abce', 'height', 'Height'),
    ('9e012e32-409d-419b-8c1e-b9ce7f16d214', '6c5d6e05-4b7e-4abb-b4f2-456529f69b11', '068b59b0-aafb-4c98-ae4b-ed0365a6fbac', 'f777f2e2-5e32-424e-a1ca-19d16cd8abce', 'height', 'Height'),
    ('4ec70c17-33d1-42cc-8819-43e400bb4fb8', 'ca8643f3-4c99-4f77-bd7f-9cc5bbd27b06', '068b59b0-aafb-4c98-ae4b-ed0365a6fbac', 'f777f2e2-5e32-424e-a1ca-19d16cd8abce', 'height', 'Height'),
    ('521953be-7d65-4e86-9412-e239e217e82c', '65c88430-8a3c-42fd-8b96-64c214e3f854', '068b59b0-aafb-4c98-ae4b-ed0365a6fbac', 'f777f2e2-5e32-424e-a1ca-19d16cd8abce', 'height', 'Height'),
    ('4164b8ad-931c-403c-ae39-5178839e5211', 'adcbad4a-cd58-459d-9bbd-5f9a0f08d44a', '068b59b0-aafb-4c98-ae4b-ed0365a6fbac', 'f777f2e2-5e32-424e-a1ca-19d16cd8abce', 'height', 'Height'),
    ('0fe77ad0-2be6-484a-b1fa-96ab1f9bff4b', 'd661258d-4bcf-423c-9311-e51aa932b057', '068b59b0-aafb-4c98-ae4b-ed0365a6fbac', 'f777f2e2-5e32-424e-a1ca-19d16cd8abce', 'height', 'Height'),
    ('94ddeb9b-8e42-41c3-a52e-6019f3702b0d', 'b1e3537c-6ef8-4c57-84b6-8d66f896472b', '068b59b0-aafb-4c98-ae4b-ed0365a6fbac', 'f777f2e2-5e32-424e-a1ca-19d16cd8abce', 'height', 'Height'),
    ('094b6d1f-191e-464b-b6e6-6e5468dbaa0e', '7647df7e-88a4-4c1b-9881-2ab95fbad02c', '068b59b0-aafb-4c98-ae4b-ed0365a6fbac', 'f777f2e2-5e32-424e-a1ca-19d16cd8abce', 'height', 'Height'),
    ('5cd8992c-dd91-4bc3-aee6-22f36371fc34', '02688f1c-163e-4b1f-b3ae-906cb38e86f9', '068b59b0-aafb-4c98-ae4b-ed0365a6fbac', 'f777f2e2-5e32-424e-a1ca-19d16cd8abce', 'height', 'Height'),
    ('6923d6c0-50e5-4387-9531-5a9f5ad799b1', '36528cb7-98b1-45fc-919b-d1086c55d4a5', '068b59b0-aafb-4c98-ae4b-ed0365a6fbac', 'f777f2e2-5e32-424e-a1ca-19d16cd8abce', 'height', 'Height'),
    ('9b6a404c-a3e6-4b83-bb64-ca683f9b44fc', 'd32f6e60-2503-4b2a-8f0c-4ca475f46885', '068b59b0-aafb-4c98-ae4b-ed0365a6fbac', 'f777f2e2-5e32-424e-a1ca-19d16cd8abce', 'height', 'Height'),
    ('c677548c-bf5e-49f3-b6da-d243e3f180af', '6c94a3fa-023d-4f6e-87c2-1e3efdab9a25', '068b59b0-aafb-4c98-ae4b-ed0365a6fbac', 'f777f2e2-5e32-424e-a1ca-19d16cd8abce', 'height', 'Height'),
    ('ba9767a6-2356-4ca8-ac13-d67d3ea24d55', 'e0cce90d-e6cc-49e7-afcc-8eff75fabbc3', '068b59b0-aafb-4c98-ae4b-ed0365a6fbac', 'f777f2e2-5e32-424e-a1ca-19d16cd8abce', 'height', 'Height'),
    ('bfee231d-63a4-4761-9fa6-343e8640bdc9', '82f26f1c-467c-450f-acb7-0f1f56c0a77f', '068b59b0-aafb-4c98-ae4b-ed0365a6fbac', 'f777f2e2-5e32-424e-a1ca-19d16cd8abce', 'height', 'Height'),
    ('be8b8dae-2a19-4dab-9d2b-e22acfef19dd', '2555c05c-33f3-471b-b78f-2d39dcd434a4', '068b59b0-aafb-4c98-ae4b-ed0365a6fbac', 'f777f2e2-5e32-424e-a1ca-19d16cd8abce', 'height', 'Height'),
    ('bd01eb69-168c-4db6-8c76-65274f67fd9d', 'e040bf6b-774d-4887-81b4-043155ff216a', '068b59b0-aafb-4c98-ae4b-ed0365a6fbac', 'f777f2e2-5e32-424e-a1ca-19d16cd8abce', 'height', 'Height'),
    ('ca35d0e2-c7f5-4a90-857d-f546a97929bd', '2350badc-4653-48e0-8280-5d53cf8d1c14', '068b59b0-aafb-4c98-ae4b-ed0365a6fbac', 'f777f2e2-5e32-424e-a1ca-19d16cd8abce', 'height', 'Height'),
    ('0b735f38-a793-4295-832a-009dd6bc5c48', 'af2e3327-120f-4d36-a52c-b22f99c72433', '068b59b0-aafb-4c98-ae4b-ed0365a6fbac', 'f777f2e2-5e32-424e-a1ca-19d16cd8abce', 'height', 'Height'),
    ('cfaf57df-7a9b-453d-b66c-e34ecdb9f088', '4fd9d90f-1946-40a5-8d1e-7ddeb551d725', '068b59b0-aafb-4c98-ae4b-ed0365a6fbac', 'f777f2e2-5e32-424e-a1ca-19d16cd8abce', 'height', 'Height'),
    ('ba052883-3fef-41b6-b7b3-1370b9a1f8b7', 'd4bbab2b-4e1e-40bf-a80a-c82658cc4392', '068b59b0-aafb-4c98-ae4b-ed0365a6fbac', 'f777f2e2-5e32-424e-a1ca-19d16cd8abce', 'height', 'Height'),
    ('e3ac30f7-d61f-4bb0-93d5-2f22c6d1f62b', '237eb229-deae-45f0-a223-60ca1f463219', '068b59b0-aafb-4c98-ae4b-ed0365a6fbac', 'f777f2e2-5e32-424e-a1ca-19d16cd8abce', 'height', 'Height'),
    ('1dd80190-85f7-43cb-b4a0-5aa7759f2d0c', 'bb19ca54-24ba-4274-9ca6-7e497be363d9', '068b59b0-aafb-4c98-ae4b-ed0365a6fbac', 'f777f2e2-5e32-424e-a1ca-19d16cd8abce', 'height', 'Height'),
    ('904fa9ee-3413-4eb7-83f8-94d2c7eeac6f', 'dd3626a5-7ad4-457e-b5cf-c1f8715bb65b', '068b59b0-aafb-4c98-ae4b-ed0365a6fbac', 'f777f2e2-5e32-424e-a1ca-19d16cd8abce', 'height', 'Height'),
    ('5190397b-4264-4f7f-8507-454166902933', 'f3da2d70-decf-4a3b-9265-48378c6c37fa', '068b59b0-aafb-4c98-ae4b-ed0365a6fbac', 'f777f2e2-5e32-424e-a1ca-19d16cd8abce', 'height', 'Height'),
    ('6d9c71ad-677c-4cb6-9732-69e0f8d2dbba', '6ee25d06-e468-4247-80c1-d5917c71768d', '068b59b0-aafb-4c98-ae4b-ed0365a6fbac', 'f777f2e2-5e32-424e-a1ca-19d16cd8abce', 'height', 'Height'),
    ('f81f1660-d2ff-4c89-872a-84d2b32b5044', '3457bd46-5826-4993-8dcb-7fe9edbe1a23', '068b59b0-aafb-4c98-ae4b-ed0365a6fbac', 'f777f2e2-5e32-424e-a1ca-19d16cd8abce', 'height', 'Height'),
    ('003a7706-4f9f-4f5b-9310-b427d0c1eabe', '22bbbacc-2e4a-41ba-a74b-1f8a0588fcff', '068b59b0-aafb-4c98-ae4b-ed0365a6fbac', 'f777f2e2-5e32-424e-a1ca-19d16cd8abce', 'height', 'Height'),
    ('116d0f29-dde3-4dd7-ab38-818de54b0118', '11a884cb-503f-4afb-bd39-024a69162a59', '068b59b0-aafb-4c98-ae4b-ed0365a6fbac', 'f777f2e2-5e32-424e-a1ca-19d16cd8abce', 'height', 'Height'),
    ('3b8b7af7-cf96-4c66-81d7-2c6f930afbe4', '7ed57e45-a714-4487-9a31-4bb008173a10', '068b59b0-aafb-4c98-ae4b-ed0365a6fbac', 'f777f2e2-5e32-424e-a1ca-19d16cd8abce', 'height', 'Height'),
    ('8666238a-67f1-4de0-a835-0af0fd000c30', 'ffb69830-4354-4ebb-b4ac-87bd663059b5', '068b59b0-aafb-4c98-ae4b-ed0365a6fbac', 'f777f2e2-5e32-424e-a1ca-19d16cd8abce', 'height', 'Height'),
    ('741949e2-bf1e-4b82-b0f1-219b0f6f813e', 'dd7f15ec-f836-459f-a038-ede2913d20d4', '068b59b0-aafb-4c98-ae4b-ed0365a6fbac', 'f777f2e2-5e32-424e-a1ca-19d16cd8abce', 'height', 'Height'),
    ('fa709119-a95f-442f-bc37-e7f028cfc37d', 'cfd45cb4-b53d-4cff-8f02-271459b70207', '068b59b0-aafb-4c98-ae4b-ed0365a6fbac', 'f777f2e2-5e32-424e-a1ca-19d16cd8abce', 'height', 'Height'),
    ('37bffc9f-0cd5-48ed-9b4a-b44a2a38bbc2', 'ee099795-6f58-44a5-9147-59842442615a', '068b59b0-aafb-4c98-ae4b-ed0365a6fbac', 'f777f2e2-5e32-424e-a1ca-19d16cd8abce', 'height', 'Height'),
    ('12667025-c1d4-4ddc-8a79-b3cbaf92fad6', '331c47b0-9c96-4a36-badb-8b94f9917b7c', '068b59b0-aafb-4c98-ae4b-ed0365a6fbac', 'f777f2e2-5e32-424e-a1ca-19d16cd8abce', 'height', 'Height'),
    ('d1f904c4-5432-4168-ba91-10f00927a395', 'd80ed7f3-ec86-4b8b-8ffb-a7015e569a1a', '068b59b0-aafb-4c98-ae4b-ed0365a6fbac', 'f777f2e2-5e32-424e-a1ca-19d16cd8abce', 'height', 'Height'),
    ('6298534a-379d-4ab8-9326-d09db5a41908', 'abb0a9b4-2f69-4cec-a292-8e782ffbaea1', '068b59b0-aafb-4c98-ae4b-ed0365a6fbac', 'f777f2e2-5e32-424e-a1ca-19d16cd8abce', 'height', 'Height'),
    ('4dadc5ac-ed2d-422f-b78c-9c5aa437f994', '29d67832-4f8b-4470-8c05-2cd161ba6739', '068b59b0-aafb-4c98-ae4b-ed0365a6fbac', 'f777f2e2-5e32-424e-a1ca-19d16cd8abce', 'height', 'Height'),
    ('4c7afd56-caf2-4527-ad95-d743b1b5b836', '86c34efd-c26c-4663-8890-b58c3dca9510', '068b59b0-aafb-4c98-ae4b-ed0365a6fbac', 'f777f2e2-5e32-424e-a1ca-19d16cd8abce', 'height', 'Height'),
    ('d08e1040-b6a7-400d-acdb-c4cc376d7d92', '9a30d375-0800-4297-891e-699fa8878899', '068b59b0-aafb-4c98-ae4b-ed0365a6fbac', 'f777f2e2-5e32-424e-a1ca-19d16cd8abce', 'height', 'Height'),
    ('c5ed776d-d0b8-4f3d-ad85-0d83a802ebfa', '4e81c5a1-a25d-43e7-a1be-3a24930385f8', '068b59b0-aafb-4c98-ae4b-ed0365a6fbac', 'f777f2e2-5e32-424e-a1ca-19d16cd8abce', 'height', 'Height'),
    ('0cddde95-97c0-4708-9c5b-8441b45e5a08', '45587ca3-177c-480a-95d6-bba0984fb0ac', '068b59b0-aafb-4c98-ae4b-ed0365a6fbac', 'f777f2e2-5e32-424e-a1ca-19d16cd8abce', 'height', 'Height'),
    ('c14c764d-3679-4072-aa35-920a1df72ae1', 'b97885a9-027d-42ab-b4cd-e8752a896f4a', '068b59b0-aafb-4c98-ae4b-ed0365a6fbac', 'f777f2e2-5e32-424e-a1ca-19d16cd8abce', 'height', 'Height'),
    ('d9798f46-c256-47bc-b6d8-f05a465f77d7', 'b540f1d8-4917-4175-a605-3f4ae677b884', '068b59b0-aafb-4c98-ae4b-ed0365a6fbac', 'f777f2e2-5e32-424e-a1ca-19d16cd8abce', 'height', 'Height'),
    ('47175173-2207-4fb6-beeb-70f7971ccc72', '34c47545-55e4-4f7e-b15a-7f4b9f1cf720', '068b59b0-aafb-4c98-ae4b-ed0365a6fbac', 'f777f2e2-5e32-424e-a1ca-19d16cd8abce', 'height', 'Height'),
    ('f277ed95-f8f1-4349-a02b-e83509ab3483', '8f8a27f8-e3b4-4fa2-832d-1aae8947c532', '068b59b0-aafb-4c98-ae4b-ed0365a6fbac', 'f777f2e2-5e32-424e-a1ca-19d16cd8abce', 'height', 'Height'),
    ('bc2459bc-b1bb-40cc-ad1d-c768e4149371', '7b3ddf82-ef8a-42fc-9152-6e025185c3d3', '068b59b0-aafb-4c98-ae4b-ed0365a6fbac', 'f777f2e2-5e32-424e-a1ca-19d16cd8abce', 'height', 'Height'),
    ('b490ce70-e5c9-48e7-941f-8b99673aeca8', 'aaf9d446-f130-492c-9317-ccad6fcb6400', '068b59b0-aafb-4c98-ae4b-ed0365a6fbac', 'f777f2e2-5e32-424e-a1ca-19d16cd8abce', 'height', 'Height'),
    ('a914741b-74f6-402e-9c32-de9f7eb1a7f8', '5860aef9-1bcc-4c53-8e12-cfdb8d585dc5', '068b59b0-aafb-4c98-ae4b-ed0365a6fbac', 'f777f2e2-5e32-424e-a1ca-19d16cd8abce', 'height', 'Height'),
    ('cacb1e1f-eed1-47e2-a5ae-95c808d7d073', '1f19b500-addf-40cf-bac5-0085198907bf', '068b59b0-aafb-4c98-ae4b-ed0365a6fbac', 'f777f2e2-5e32-424e-a1ca-19d16cd8abce', 'height', 'Height'),
    ('691158f4-2334-49fa-b3ca-5e3874d33e27', 'e1ff124d-910c-495b-b48c-8d177e2e2bf8', '068b59b0-aafb-4c98-ae4b-ed0365a6fbac', 'f777f2e2-5e32-424e-a1ca-19d16cd8abce', 'height', 'Height'),
    ('781e7497-9f13-4752-ae8b-2c79f7749540', '02785b24-6065-4d6d-9f2b-148b128c2a6e', '068b59b0-aafb-4c98-ae4b-ed0365a6fbac', 'f777f2e2-5e32-424e-a1ca-19d16cd8abce', 'height', 'Height'),
    ('493451fe-bfe7-4bb9-aaf7-ecc2dbdbb4b5', '5fba3384-bc01-46c2-8fe7-d73de28baaab', '068b59b0-aafb-4c98-ae4b-ed0365a6fbac', 'f777f2e2-5e32-424e-a1ca-19d16cd8abce', 'height', 'Height'),
    ('a91c2631-806d-4755-8ad5-9aec0b0ae3c7', 'f17452a3-0f0b-4369-aac7-55aac67b74d1', '068b59b0-aafb-4c98-ae4b-ed0365a6fbac', 'f777f2e2-5e32-424e-a1ca-19d16cd8abce', 'height', 'Height'),
    ('4936937e-1653-4a45-b2c8-a8f08a2441e2', 'b3d98837-30a3-4faf-9de0-b4601623664d', '068b59b0-aafb-4c98-ae4b-ed0365a6fbac', 'f777f2e2-5e32-424e-a1ca-19d16cd8abce', 'height', 'Height'),
    ('5aabb898-de8d-42de-87c7-a8433e7e9475', '48d580ec-a436-4eb8-9f40-2cd4568b1c47', '068b59b0-aafb-4c98-ae4b-ed0365a6fbac', 'f777f2e2-5e32-424e-a1ca-19d16cd8abce', 'height', 'Height'),
    ('543131f4-5245-459e-aa6c-5c7d52950297', '3484764d-430c-4eec-9bfc-dcdb7f23199c', '068b59b0-aafb-4c98-ae4b-ed0365a6fbac', 'f777f2e2-5e32-424e-a1ca-19d16cd8abce', 'height', 'Height'),
    ('5a1d3c30-5fee-42cb-99ce-0e97c7ad7020', '7b9fcd4c-5211-41fe-a448-10c8255efb1a', '068b59b0-aafb-4c98-ae4b-ed0365a6fbac', 'f777f2e2-5e32-424e-a1ca-19d16cd8abce', 'height', 'Height'),
    ('4b61cbb4-9b5e-4e16-ac40-4e4d56289e58', '077b8b6a-c6a5-43df-b6cf-b20fd195573f', '068b59b0-aafb-4c98-ae4b-ed0365a6fbac', 'f777f2e2-5e32-424e-a1ca-19d16cd8abce', 'height', 'Height'),
    ('6952942d-3555-4db3-bb2d-71a92de5a2ba', '58eef99c-b6e8-4edc-85cc-8b0f0784131d', '068b59b0-aafb-4c98-ae4b-ed0365a6fbac', 'f777f2e2-5e32-424e-a1ca-19d16cd8abce', 'height', 'Height'),
    ('d635dea9-5e65-4fd5-ac52-df2ee35a2f2c', '04f90554-81d7-472e-ac92-2257042e349c', '068b59b0-aafb-4c98-ae4b-ed0365a6fbac', 'f777f2e2-5e32-424e-a1ca-19d16cd8abce', 'height', 'Height'),
    ('3424443e-2cde-4f21-a5d3-099f673f5cff', '23948838-a386-45bf-b0bc-29d1a76b5e46', '068b59b0-aafb-4c98-ae4b-ed0365a6fbac', 'f777f2e2-5e32-424e-a1ca-19d16cd8abce', 'height', 'Height'),
    ('c20f8729-d20e-48e4-8d53-181c2ee99cb2', 'dd5955a8-f20c-4496-bfae-336169b2eb75', '068b59b0-aafb-4c98-ae4b-ed0365a6fbac', 'f777f2e2-5e32-424e-a1ca-19d16cd8abce', 'height', 'Height'),
    ('faea1b28-18fd-46a8-ae08-5ee73b247265', 'e33653df-ec53-4126-91b3-af5774cb23eb', '068b59b0-aafb-4c98-ae4b-ed0365a6fbac', 'f777f2e2-5e32-424e-a1ca-19d16cd8abce', 'height', 'Height'),
    ('323fbedd-831f-40a7-ba30-24135edbe616', '69ad96ec-4696-407b-9c58-b8ec27a5bdfc', '068b59b0-aafb-4c98-ae4b-ed0365a6fbac', 'f777f2e2-5e32-424e-a1ca-19d16cd8abce', 'height', 'Height'),
    ('313f94ce-60c1-4fa3-a8ee-1ea141ea7185', 'ed54e540-3953-44ae-aca9-a95ea668d349', '068b59b0-aafb-4c98-ae4b-ed0365a6fbac', 'f777f2e2-5e32-424e-a1ca-19d16cd8abce', 'height', 'Height'),
    ('7ace0da8-89d0-426f-a5d6-1a66201d5837', '43c72cd2-8e0d-4876-bf0d-959642896ac6', '068b59b0-aafb-4c98-ae4b-ed0365a6fbac', 'f777f2e2-5e32-424e-a1ca-19d16cd8abce', 'height', 'Height'),
    ('9a9b0737-d4b1-4d6c-b56e-65a70882125e', '13ba47e5-5fcc-4e1e-8e1f-d2c76c839fb0', '068b59b0-aafb-4c98-ae4b-ed0365a6fbac', 'f777f2e2-5e32-424e-a1ca-19d16cd8abce', 'height', 'Height'),
    ('ef0546d9-f5f7-43e8-ab9d-94b2c2e8d422', '3f07285b-79bc-4cb6-8939-bb182ca939ce', '068b59b0-aafb-4c98-ae4b-ed0365a6fbac', 'f777f2e2-5e32-424e-a1ca-19d16cd8abce', 'height', 'Height'),
    ('aae2a11a-c533-4b69-9c99-3be514358fad', '9fdd0dd0-0e47-4aa5-8d53-34014ba67c4d', '068b59b0-aafb-4c98-ae4b-ed0365a6fbac', 'f777f2e2-5e32-424e-a1ca-19d16cd8abce', 'height', 'Height'),
    ('4af9c08f-5093-4d65-aacf-f352a87845ff', '0e2cb2b9-bf18-4ed9-8792-85c286b085ba', '068b59b0-aafb-4c98-ae4b-ed0365a6fbac', 'f777f2e2-5e32-424e-a1ca-19d16cd8abce', 'height', 'Height'),
    ('7d39a4a9-9603-4885-b04f-80ead677964e', '8b1fc50a-ce54-4ccf-b3c3-c9182e343647', '068b59b0-aafb-4c98-ae4b-ed0365a6fbac', 'f777f2e2-5e32-424e-a1ca-19d16cd8abce', 'height', 'Height'),
    ('ca7443d8-cd07-4c0c-b095-e3a98ccf96d0', 'ba42dd69-bbe0-411d-9a20-12fa5ec0ebf3', '068b59b0-aafb-4c98-ae4b-ed0365a6fbac', 'f777f2e2-5e32-424e-a1ca-19d16cd8abce', 'height', 'Height'),
    ('c451127c-6fb2-4031-bb01-c3e3f9bd61ae', '3629cbf6-1256-49ed-aebe-df2f661872a7', '068b59b0-aafb-4c98-ae4b-ed0365a6fbac', 'f777f2e2-5e32-424e-a1ca-19d16cd8abce', 'height', 'Height'),
    ('b0ed5d29-9045-4079-8034-fef356a1ae2b', '171b776b-224b-49e9-9f91-070d22d99075', '068b59b0-aafb-4c98-ae4b-ed0365a6fbac', 'f777f2e2-5e32-424e-a1ca-19d16cd8abce', 'height', 'Height'),
    ('9bffcbe4-ac79-4e76-91df-6a86ea9cd07d', '5940a676-a4c5-4114-897e-de874857d8d1', '068b59b0-aafb-4c98-ae4b-ed0365a6fbac', 'f777f2e2-5e32-424e-a1ca-19d16cd8abce', 'height', 'Height'),
    ('1035f2d4-c8a7-4d99-8e57-102356ebfba6', '0105cc43-5cb6-4f06-977c-da3da5abe556', '068b59b0-aafb-4c98-ae4b-ed0365a6fbac', 'f777f2e2-5e32-424e-a1ca-19d16cd8abce', 'height', 'Height'),
    ('fc79ead2-911a-41d5-9eae-871a47d8e6b1', '667ccd7b-4f4c-4126-9953-cc0c0e7eb35b', '068b59b0-aafb-4c98-ae4b-ed0365a6fbac', 'f777f2e2-5e32-424e-a1ca-19d16cd8abce', 'height', 'Height'),
    ('48b442db-03d8-4d18-a826-7a5162973b66', '68851dd7-b466-4831-b0e4-c8ce8a45ea43', '068b59b0-aafb-4c98-ae4b-ed0365a6fbac', 'f777f2e2-5e32-424e-a1ca-19d16cd8abce', 'height', 'Height'),
    ('01797db3-7da8-4329-97ff-34a6de42822c', 'a4c77d91-ca3d-4a5a-b75d-872bb10c314c', '068b59b0-aafb-4c98-ae4b-ed0365a6fbac', 'f777f2e2-5e32-424e-a1ca-19d16cd8abce', 'height', 'Height'),
    ('5fd6fa1c-a502-4a8f-961e-54e3caedc2b4', '8b3afa68-4b6a-491a-aff4-99ee06208d6b', '068b59b0-aafb-4c98-ae4b-ed0365a6fbac', 'f777f2e2-5e32-424e-a1ca-19d16cd8abce', 'height', 'Height'),
    ('6280ca3c-5cbb-4fde-af03-fae62e4e6f30', 'e6772734-05fb-4359-81e9-5ff2a164ba96', '068b59b0-aafb-4c98-ae4b-ed0365a6fbac', 'f777f2e2-5e32-424e-a1ca-19d16cd8abce', 'height', 'Height'),
    ('5e6d9911-7044-48c7-aca5-80ecf4ee3175', '8bd4e628-88a6-4ce7-8438-b50f3a6b3fd0', '068b59b0-aafb-4c98-ae4b-ed0365a6fbac', 'f777f2e2-5e32-424e-a1ca-19d16cd8abce', 'height', 'Height'),
    ('d39edf10-d685-4616-891c-9c0c33adba3d', '8a82bac3-61c5-4498-a2be-0cbb7e9f368c', '068b59b0-aafb-4c98-ae4b-ed0365a6fbac', 'f777f2e2-5e32-424e-a1ca-19d16cd8abce', 'height', 'Height'),
    ('9aa3c71d-2532-48f0-8890-0d53e435097a', 'dbcaa68b-29ff-45bf-befa-43ee159881ba', '068b59b0-aafb-4c98-ae4b-ed0365a6fbac', 'f777f2e2-5e32-424e-a1ca-19d16cd8abce', 'height', 'Height'),
    ('5a19cc37-14c5-4a4d-bdf8-ed7a0b7a717f', '77f0e427-e387-47b5-b707-b8dc5acad643', '068b59b0-aafb-4c98-ae4b-ed0365a6fbac', 'f777f2e2-5e32-424e-a1ca-19d16cd8abce', 'height', 'Height'),
    ('d347b306-877c-4447-b26e-9a28e4c640b5', '27a43e2d-6b8d-4a9d-92c3-7e7b6de96d4a', '068b59b0-aafb-4c98-ae4b-ed0365a6fbac', 'f777f2e2-5e32-424e-a1ca-19d16cd8abce', 'height', 'Height'),
    ('919fad7e-bb37-47c1-adf8-de0f422134c3', 'b0eccef9-ef09-44b4-b821-6cab400c0959', '068b59b0-aafb-4c98-ae4b-ed0365a6fbac', 'f777f2e2-5e32-424e-a1ca-19d16cd8abce', 'height', 'Height'),
    ('c62b6e9e-9d02-4028-a19b-e34f7c4b519f', '4cba3419-67ca-4ef6-ac4d-7f249e6fb996', '068b59b0-aafb-4c98-ae4b-ed0365a6fbac', 'f777f2e2-5e32-424e-a1ca-19d16cd8abce', 'height', 'Height'),
    ('9b812617-68f3-4d81-91c0-b84eb06e1095', '77bbd613-43e7-4d61-90bc-e81c8ad0d419', '068b59b0-aafb-4c98-ae4b-ed0365a6fbac', 'f777f2e2-5e32-424e-a1ca-19d16cd8abce', 'height', 'Height'),
    ('8a8cbcc5-bf1c-4f29-b90e-0c8dca175027', '226c6fa9-dd99-4767-a103-83d013a7c1dc', '068b59b0-aafb-4c98-ae4b-ed0365a6fbac', 'f777f2e2-5e32-424e-a1ca-19d16cd8abce', 'height', 'Height'),
    ('79c80748-dd94-4a89-8899-44a8360ba195', '6e05240f-be11-4d59-86d6-49e10f17f280', '068b59b0-aafb-4c98-ae4b-ed0365a6fbac', 'f777f2e2-5e32-424e-a1ca-19d16cd8abce', 'height', 'Height'),
    ('08096b55-d2c7-4464-b8aa-d408126fd906', 'baa747d5-4fac-4862-9a12-b3025a719d28', '068b59b0-aafb-4c98-ae4b-ed0365a6fbac', 'f777f2e2-5e32-424e-a1ca-19d16cd8abce', 'height', 'Height'),
    ('53ded8cb-8ecf-4693-8ee3-7bb32c0ae08b', '4a14ca5b-a228-4653-862c-c0a1092e2bef', '068b59b0-aafb-4c98-ae4b-ed0365a6fbac', 'f777f2e2-5e32-424e-a1ca-19d16cd8abce', 'height', 'Height'),
    ('6627b28b-adac-4171-bc78-d375667362f3', 'd8a794fa-655f-40f8-99fe-4e2c88342dfa', '068b59b0-aafb-4c98-ae4b-ed0365a6fbac', 'f777f2e2-5e32-424e-a1ca-19d16cd8abce', 'height', 'Height'),
    ('a5db63c1-fdd6-433c-88c6-f420b3f75933', 'f5903066-3828-41d4-abc2-ce62d07b4d2c', '068b59b0-aafb-4c98-ae4b-ed0365a6fbac', 'f777f2e2-5e32-424e-a1ca-19d16cd8abce', 'height', 'Height'),
    ('bb65a64d-f92d-444f-a5a1-58e5c993aada', '3dca1e11-4986-498a-93eb-9831628f30e4', '068b59b0-aafb-4c98-ae4b-ed0365a6fbac', 'f777f2e2-5e32-424e-a1ca-19d16cd8abce', 'height', 'Height'),
    ('43d95316-a887-48c5-bda2-18a306ea8a6e', '4b8d9e97-0bd6-4a96-b77c-0bbcc3ca7d2e', '068b59b0-aafb-4c98-ae4b-ed0365a6fbac', 'f777f2e2-5e32-424e-a1ca-19d16cd8abce', 'height', 'Height'),
    ('a81ce6d0-6671-4fee-8139-8e0018103323', 'fa1311df-c0e6-41e7-8d3c-56ba2810b085', '068b59b0-aafb-4c98-ae4b-ed0365a6fbac', 'f777f2e2-5e32-424e-a1ca-19d16cd8abce', 'height', 'Height');
