INSERT INTO alert (id, alert_config_id, create_date) VALUES
('e070be13-ef17-40f3-99c8-fef3ee1b9fb5', '1efd2d85-d3ee-4388-85a0-f824a761ff8b', '2024-09-12 18:13:38.483202+00');


INSERT INTO config (static_host, static_prefix) VALUES
('http://localhost', '/instrumentation');


INSERT INTO project (id, image, federal_id, deleted, slug, name, creator, create_date, updater, update_date, district_id) VALUES
('5b6f4f37-7755-4cf9-bd02-94f1e9bc5984', 'site_photo.jpg', NULL, false, 'blue-water-dam-example-project', 'Blue Water Dam Example Project', '00000000-0000-0000-0000-000000000000', '2024-09-12 18:13:37.54752+00', NULL, NULL, NULL),
('6c56c7b0-2d9f-4a1b-9173-b969942dacb5', 'midas-project-default.jpg', NULL, false, 'c-44', 'C-44', '00000000-0000-0000-0000-000000000000', '2024-09-12 18:13:37.54752+00', NULL, NULL, NULL),
('04d0a9a7-c170-4aba-a819-6f0b1e772a9d', 'midas-project-default.jpg', NULL, false, 'alaska-district', 'Alaska District', '00000000-0000-0000-0000-000000000000', '2024-09-12 18:13:37.54752+00', NULL, NULL, NULL),
('f714ccdd-9695-4284-ab98-ace2daba2545', 'midas-project-default.jpg', NULL, false, 'albuquerque-district', 'Albuquerque District', '00000000-0000-0000-0000-000000000000', '2024-09-12 18:13:37.54752+00', NULL, NULL, NULL),
('d559abfd-7ec7-4d0d-97bd-a04018f01e4c', 'midas-project-default.jpg', NULL, false, 'baltimore-district', 'Baltimore District', '00000000-0000-0000-0000-000000000000', '2024-09-12 18:13:37.54752+00', NULL, NULL, NULL),
('bb2e0cfd-41ac-4c49-9408-a1e423d37995', 'midas-project-default.jpg', NULL, false, 'buffalo-district', 'Buffalo District', '00000000-0000-0000-0000-000000000000', '2024-09-12 18:13:37.54752+00', NULL, NULL, NULL),
('7c45de1c-9ace-47ed-9ff8-ec31d0586dc4', 'midas-project-default.jpg', NULL, false, 'charleston-district', 'Charleston District', '00000000-0000-0000-0000-000000000000', '2024-09-12 18:13:37.54752+00', NULL, NULL, NULL),
('ef444d8e-b5bc-42a3-b40d-f502312858e1', 'midas-project-default.jpg', NULL, false, 'chicago-district', 'Chicago District', '00000000-0000-0000-0000-000000000000', '2024-09-12 18:13:37.54752+00', NULL, NULL, NULL),
('fb0cd440-846e-4f5a-a1bc-ed0866126378', 'midas-project-default.jpg', NULL, false, 'detroit-district', 'Detroit District', '00000000-0000-0000-0000-000000000000', '2024-09-12 18:13:37.54752+00', NULL, NULL, NULL),
('0c31a8ec-cf31-4998-8c7d-79e72c993048', 'midas-project-default.jpg', NULL, false, 'fort-worth-district', 'Fort Worth District', '00000000-0000-0000-0000-000000000000', '2024-09-12 18:13:37.54752+00', NULL, NULL, NULL),
('afbb602f-c0b4-463c-a718-568b263f69af', 'midas-project-default.jpg', NULL, false, 'galveston-district', 'Galveston District', '00000000-0000-0000-0000-000000000000', '2024-09-12 18:13:37.54752+00', NULL, NULL, NULL),
('b09015da-eae4-4f96-ad67-745ac0e3ea5b', 'midas-project-default.jpg', NULL, false, 'huntington-district', 'Huntington District', '00000000-0000-0000-0000-000000000000', '2024-09-12 18:13:37.54752+00', NULL, NULL, NULL),
('e0b13eab-6f52-4acd-b3b4-8332021db679', 'midas-project-default.jpg', NULL, false, 'jacksonville-district', 'Jacksonville District', '00000000-0000-0000-0000-000000000000', '2024-09-12 18:13:37.54752+00', NULL, NULL, NULL),
('78b0538f-8fd5-4484-b38e-0ab6cc2c2104', 'midas-project-default.jpg', NULL, false, 'kansas-city-district', 'Kansas City District', '00000000-0000-0000-0000-000000000000', '2024-09-12 18:13:37.54752+00', NULL, NULL, NULL),
('0356320d-c89b-45f0-9e77-faea8ee39d5c', 'midas-project-default.jpg', NULL, false, 'little-rock-district', 'Little Rock District', '00000000-0000-0000-0000-000000000000', '2024-09-12 18:13:37.54752+00', NULL, NULL, NULL),
('63e96826-4dac-4a7c-9d15-6cddf27965c3', 'midas-project-default.jpg', NULL, false, 'los-angeles-district', 'Los Angeles District', '00000000-0000-0000-0000-000000000000', '2024-09-12 18:13:37.54752+00', NULL, NULL, NULL),
('42869cd4-840f-4494-949e-6b5090ccfd41', 'midas-project-default.jpg', NULL, false, 'louisville-district', 'Louisville District', '00000000-0000-0000-0000-000000000000', '2024-09-12 18:13:37.54752+00', NULL, NULL, NULL),
('8db17b8e-8e5e-45cb-9816-ae3d4b6e8c54', 'midas-project-default.jpg', NULL, false, 'memphis-district', 'Memphis District', '00000000-0000-0000-0000-000000000000', '2024-09-12 18:13:37.54752+00', NULL, NULL, NULL),
('d8eba071-d9ce-4a9c-bfc0-79d55b602c8b', 'midas-project-default.jpg', NULL, false, 'mobile-district', 'Mobile District', '00000000-0000-0000-0000-000000000000', '2024-09-12 18:13:37.54752+00', NULL, NULL, NULL),
('d12c79b2-1adb-44ae-910b-ba29ad1e96d8', 'midas-project-default.jpg', NULL, false, 'nashville-district', 'Nashville District', '00000000-0000-0000-0000-000000000000', '2024-09-12 18:13:37.54752+00', NULL, NULL, NULL),
('e1b18976-12fc-4b6c-b615-3ffa5cde6a31', 'midas-project-default.jpg', NULL, false, 'new-england-district', 'New England District', '00000000-0000-0000-0000-000000000000', '2024-09-12 18:13:37.54752+00', NULL, NULL, NULL),
('e227908a-26a6-46e9-bd45-a9554c46a690', 'midas-project-default.jpg', NULL, false, 'norfolk-district', 'Norfolk District', '00000000-0000-0000-0000-000000000000', '2024-09-12 18:13:37.54752+00', NULL, NULL, NULL),
('278c353d-bd42-4906-b60a-152c9efafd2b', NULL, NULL, false, 'black-rock-dam', 'Black Rock Dam', '00000000-0000-0000-0000-000000000000', '2024-09-12 18:13:37.587297+00', NULL, NULL, NULL),
('9e129231-8445-4e10-8e7c-989c1535b3b2', NULL, NULL, false, 'hancock-brook-dam', 'Hancock Brook Dam', '00000000-0000-0000-0000-000000000000', '2024-09-12 18:13:37.587297+00', NULL, NULL, NULL),
('43428378-5c70-41b9-b0e0-11d58ecdc079', 'rapide-croche-lock-and-dam.jpg', NULL, false, 'rapide-croche-lock-and-dam', 'Rapide Croche Lock and Dam', '00000000-0000-0000-0000-000000000000', '2024-09-12 18:13:37.582911+00', NULL, NULL, NULL),
('64bf5f7d-b152-4218-b660-9d7581728aa7', 'cedars-lock-and-dam.jpg', NULL, false, 'cedars-lock-and-dam', 'Cedars Lock and Dam', '00000000-0000-0000-0000-000000000000', '2024-09-12 18:13:37.582911+00', NULL, NULL, NULL),
('5ca1e595-c6ad-4c3b-bc9d-99d6a7675b85', 'menasha-lock-and-dam.jpg', NULL, false, 'menasha-lock-and-dam', 'Menasha Lock and Dam', '00000000-0000-0000-0000-000000000000', '2024-09-12 18:13:37.582911+00', NULL, NULL, NULL),
('05154e39-3942-486d-912b-2c0561a14988', 'j-edward-roush-dam-markle-levee.jpg', NULL, false, 'j-edward-roush-dam-markle-levee', 'J. Edward Roush Dam - Markle Levee', '00000000-0000-0000-0000-000000000000', '2024-09-12 18:13:37.582911+00', NULL, NULL, NULL),
('88d63e1f-c491-4a8f-ba09-d9402ab1bdf3', 'herbert-hoover-dike.jpg', NULL, false, 'herbert-hoover-dike', 'Herbert Hoover Dike', '00000000-0000-0000-0000-000000000000', '2024-09-12 18:13:37.568207+00', NULL, NULL, NULL),
('c346a12b-c69b-4b43-9a86-7cfd0fbdc5b2', 'salamonie-dam.jpg', NULL, false, 'salamonie-dam', 'Salamonie Dam', '00000000-0000-0000-0000-000000000000', '2024-09-12 18:13:37.582911+00', NULL, NULL, NULL),
('b6474c93-c683-4080-8dd8-50b42a1676cd', 'midas-project-default.jpg', NULL, false, 'omaha-district', 'Omaha District', '00000000-0000-0000-0000-000000000000', '2024-09-12 18:13:37.54752+00', NULL, NULL, NULL),
('a2c0f965-b3da-44b3-bde3-2e8b27cac1aa', 'midas-project-default.jpg', NULL, false, 'philadelphia-district', 'Philadelphia District', '00000000-0000-0000-0000-000000000000', '2024-09-12 18:13:37.54752+00', NULL, NULL, NULL),
('7ae67773-1f5e-44ce-a9a9-7fcabf5d478d', 'midas-project-default.jpg', NULL, false, 'pittsburgh-district', 'Pittsburgh District', '00000000-0000-0000-0000-000000000000', '2024-09-12 18:13:37.54752+00', NULL, NULL, NULL),
('92d3a8f8-7c59-44c9-997a-cafaf61ee4ff', 'midas-project-default.jpg', NULL, false, 'portland-district', 'Portland District', '00000000-0000-0000-0000-000000000000', '2024-09-12 18:13:37.54752+00', NULL, NULL, NULL),
('40f931c7-3212-4d18-93da-2b1788eb18a9', 'midas-project-default.jpg', NULL, false, 'rock-island-district', 'Rock Island District', '00000000-0000-0000-0000-000000000000', '2024-09-12 18:13:37.54752+00', NULL, NULL, NULL),
('34c7a4bf-9eb5-44cd-971f-95f6246766b5', 'midas-project-default.jpg', NULL, false, 'sacramento-district', 'Sacramento District', '00000000-0000-0000-0000-000000000000', '2024-09-12 18:13:37.54752+00', NULL, NULL, NULL),
('5e2ec151-840b-43c0-a9e5-aeff3cbf08fa', 'midas-project-default.jpg', NULL, false, 'san-francisco-district', 'San Francisco District', '00000000-0000-0000-0000-000000000000', '2024-09-12 18:13:37.54752+00', NULL, NULL, NULL),
('2103b415-475e-443b-b637-a17ca626b6d2', 'midas-project-default.jpg', NULL, false, 'savannah-district', 'Savannah District', '00000000-0000-0000-0000-000000000000', '2024-09-12 18:13:37.54752+00', NULL, NULL, NULL),
('eb0ee6ca-9689-41a5-9131-5be0a753485e', 'midas-project-default.jpg', NULL, false, 'seattle-district', 'Seattle District', '00000000-0000-0000-0000-000000000000', '2024-09-12 18:13:37.54752+00', NULL, NULL, NULL),
('39ff3886-7279-41b8-b62a-c1d89d4aacf4', 'midas-project-default.jpg', NULL, false, 'st-louis-district', 'St. Louis District', '00000000-0000-0000-0000-000000000000', '2024-09-12 18:13:37.54752+00', NULL, NULL, NULL),
('30f68842-d8fb-42af-97f1-f677bd42f104', 'midas-project-default.jpg', NULL, false, 'st-paul-district', 'St. Paul District', '00000000-0000-0000-0000-000000000000', '2024-09-12 18:13:37.54752+00', NULL, NULL, NULL),
('c069709f-24d9-4878-a10c-09246a351a38', 'midas-project-default.jpg', NULL, false, 'tulsa-district', 'Tulsa District', '00000000-0000-0000-0000-000000000000', '2024-09-12 18:13:37.54752+00', NULL, NULL, NULL),
('be3320f5-977c-4923-a5ec-54d72f244d31', 'midas-project-default.jpg', NULL, false, 'vicksburg-district', 'Vicksburg District', '00000000-0000-0000-0000-000000000000', '2024-09-12 18:13:37.54752+00', NULL, NULL, NULL),
('215bedb9-0486-481c-a927-d747257ab265', 'midas-project-default.jpg', NULL, false, 'walla-walla-district', 'Walla Walla District', '00000000-0000-0000-0000-000000000000', '2024-09-12 18:13:37.54752+00', NULL, NULL, NULL),
('e0f8ab44-ae81-44fc-9e8a-d0d3f0b6b923', 'midas-project-default.jpg', NULL, false, 'wilmington-district', 'Wilmington District', '00000000-0000-0000-0000-000000000000', '2024-09-12 18:13:37.54752+00', NULL, NULL, NULL),
('57261121-e868-41d5-8046-20fabeb930e0', 'midas-project-default.jpg', 'NIST001', false, 'cts', 'CTS', '00000000-0000-0000-0000-000000000000', '2024-09-12 18:13:37.54752+00', NULL, NULL, NULL),
('c50bee37-011f-4f02-a60b-3ff4baa9b8e2', 'midas-project-default.jpg', 'TN06504', false, 'chickamauga-lock', 'Chickamauga Lock', '00000000-0000-0000-0000-000000000000', '2024-09-12 18:13:37.54752+00', NULL, NULL, NULL),
('676299fb-5c7a-4a96-95c7-fa81923920f6', 'midas-project-default.jpg', 'KY05017', false, 'kentucky-lock', 'Kentucky Lock', '00000000-0000-0000-0000-000000000000', '2024-09-12 18:13:37.54752+00', NULL, NULL, NULL),
('f31c5a2c-347e-4534-a002-deae09c87ee6', 'midas-project-default.jpg', 'OK22199', false, 'sardis-dam-ok', 'Sardis Dam OK', '00000000-0000-0000-0000-000000000000', '2024-09-12 18:13:37.54752+00', NULL, NULL, NULL),
('6756f41b-b5da-41ee-8a0d-d117d6f5b47a', 'midas-project-default.jpg', 'OH00927', false, 'caesar-creek-dam', 'Caesar Creek Dam', '00000000-0000-0000-0000-000000000000', '2024-09-12 18:13:37.54752+00', NULL, NULL, NULL),
('0bb21182-acfc-4f42-ac0e-9ad8cfc26261', 'midas-project-default.jpg', 'IL50745', false, 'olmsted-locks-and-dam', 'Olmsted Locks and Dam', '00000000-0000-0000-0000-000000000000', '2024-09-12 18:13:37.54752+00', NULL, NULL, NULL),
('26cec4a7-b178-4906-9bde-8a968a5cdf24', 'little-chute-locks-and-dam.jpg', NULL, false, 'little-chute-locks-and-dam', 'Little Chute Locks and Dam', '00000000-0000-0000-0000-000000000000', '2024-09-12 18:13:37.582911+00', NULL, NULL, NULL),
('02f82a4d-6ff8-4611-add8-147d398526f3', 'depere-lock-and-dam.jpg', NULL, false, 'depere-lock-and-dam', 'Depere Lock and Dam', '00000000-0000-0000-0000-000000000000', '2024-09-12 18:13:37.582911+00', NULL, NULL, NULL),
('af127b95-e99e-42b9-aca1-dd51c02741d6', 'j-edward-roush-dam.jpg', NULL, false, 'j-edward-roush-dam', 'J. Edward Roush Dam', '00000000-0000-0000-0000-000000000000', '2024-09-12 18:13:37.582911+00', NULL, NULL, NULL),
('defb5442-9183-4ea1-9093-3e718836e916', 'chicago-sanitary-and-ship-canal-dispersal-barrier.jpg', NULL, false, 'chicago-sanitary-and-ship-canal-dispersal-barrier', 'Chicago Sanitarty and Ship Canal Dispersal Barrier', '00000000-0000-0000-0000-000000000000', '2024-09-12 18:13:37.582911+00', NULL, NULL, NULL),
('94997b5f-b276-4db7-ade4-e3095239573c', 'upper-appleton-locks-and-dam.jpg', NULL, false, 'upper-appleton-locks-and-dam', 'Upper Appleton Locks and Dam', '00000000-0000-0000-0000-000000000000', '2024-09-12 18:13:37.582911+00', NULL, NULL, NULL),
('1ece19a3-72ba-4617-bc07-a9a1a059d00f', 'thomas-j-obrien-lock-and-controlling-works.jpg', NULL, false, 'thomas-j-obrien-lock-and-controlling-works', 'Thomas J. O''brien Lock and Controlling Works', '00000000-0000-0000-0000-000000000000', '2024-09-12 18:13:37.582911+00', NULL, NULL, NULL),
('b587dc96-1f63-4943-b666-5f4a79868db5', 'little-kaukauna-lock-and-dam.jpg', NULL, false, 'little-kaukauna-lock-and-dam', 'Little Kaukauna Lock and Dam', '00000000-0000-0000-0000-000000000000', '2024-09-12 18:13:37.582911+00', NULL, NULL, NULL),
('4981e7ea-94ba-460d-b059-8f05c2567b31', 'moose-creek-dam.jpg', NULL, false, 'moose-creek-dam', 'Moose Creek Dam', '00000000-0000-0000-0000-000000000000', '2024-09-12 18:13:37.590473+00', NULL, NULL, NULL),
('a2361da3-b440-4459-8d61-fe87ad2a3d27', 'lower-appleton-locks-and-dam.jpg', NULL, false, 'lower-appleton-locks-and-dam', 'Lower Appleton Locks and Dam', '00000000-0000-0000-0000-000000000000', '2024-09-12 18:13:37.582911+00', NULL, NULL, NULL),
('551809b9-d828-46a3-bf4a-bff158e2d203', 'lockport-lock-and-controlling-works.jpg', NULL, false, 'lockport-lock-and-controlling-works', 'Lockport Lock and Controlling Works', '00000000-0000-0000-0000-000000000000', '2024-09-12 18:13:37.582911+00', NULL, NULL, NULL),
('c4e8a1f1-e2c9-4d3d-832d-2dfb25d4c2d8', 'mississinewa-dam.jpg', NULL, false, 'mississinewa-dam', 'Mississinewa Dam', '00000000-0000-0000-0000-000000000000', '2024-09-12 18:13:37.582911+00', NULL, NULL, NULL),
('41b3aa64-9236-4b28-bb4f-b34f126d0e9b', 'kaukauna-locks-and-dam.jpg', NULL, false, 'kaukauna-locks-and-dam', 'Kaukauna Locks and Dam', '00000000-0000-0000-0000-000000000000', '2024-09-12 18:13:37.582911+00', NULL, NULL, NULL),
('5d259358-c30a-486c-8161-d870dcecc26c', 'chicago-river-and-harbor-controlling-works.jpg', NULL, false, 'chicago-river-and-harbor-controlling-works', 'Chicago River and Harbor Controlling Works', '00000000-0000-0000-0000-000000000000', '2024-09-12 18:13:37.582911+00', NULL, NULL, NULL),
('a6e542eb-41bc-45b3-aab7-7f45004ad8d3', 'huntington-district-streamgages.jpg', NULL, false, 'huntington-district-streamgages', 'Huntington District Streamgages', '00000000-0000-0000-0000-000000000000', '2024-09-12 18:13:37.646838+00', NULL, NULL, '2fefd988-9d42-4289-b21a-753756ee8748'),
('2bd0903c-6e4d-4d83-8558-1eab52079de0', 'nashville-district-streamgages.jpg', NULL, false, 'nashville-district-streamgages', 'Nashville District Streamgages', '00000000-0000-0000-0000-000000000000', '2024-09-12 18:13:37.731687+00', NULL, NULL, 'be865d1c-8348-44b1-a2b2-accf959ed41d'),
('adb903f3-c9d0-44ef-b515-c6fd5e7dc682', 'vicksburg-district-streamgages.jpg', NULL, false, 'vicksburg-district-streamgages', 'Vicksburg District Streamgages', '00000000-0000-0000-0000-000000000000', '2024-09-12 18:13:37.821288+00', NULL, NULL, 'e8e87a67-9c8f-4a6b-8345-866b5845b910'),
('e38f3d27-21fe-4e35-8de5-3aea8580e909', 'new-orleans-district-streamgages.jpg', NULL, false, 'new-orleans-district-streamgages', 'New Orleans District Streamgages', '00000000-0000-0000-0000-000000000000', '2024-09-12 18:13:37.887095+00', NULL, NULL, '8450b1c6-e71e-4e7c-89a9-4b5b198d6595'),
('5ce8a0b5-876a-49bc-9e06-05f49724b794', 'northwestern-division-missouri-river-streamgages.jpg', NULL, false, 'northwestern-division-missouri-river-streamgages', 'Northwestern Division Missouri River Streamgages', '00000000-0000-0000-0000-000000000000', '2024-09-12 18:13:37.959488+00', NULL, NULL, NULL),
('6b60b4e6-ff3a-4b8a-8426-93347824588f', 'savannah-district-streamgages.jpg', NULL, false, 'savannah-district-streamgages', 'Savannah District Streamgages', '00000000-0000-0000-0000-000000000000', '2024-09-12 18:13:38.041329+00', NULL, NULL, 'c3cb72c5-a082-430a-b682-6e6765fea619'),
('7601b4d7-a2f2-45cc-99c8-55f61b35e6f3', 'new-england-district-streamgages.jpg', NULL, false, 'new-england-district-streamgages', 'New England District Streamgages', '00000000-0000-0000-0000-000000000000', '2024-09-12 18:13:38.081672+00', NULL, NULL, '41219a9a-d689-4bef-9aef-bea23b17ea8d'),
('57fc22a2-b536-45a3-afbb-e5d0e3a422c6', 'albuquerque-district-streamgages.jpg', NULL, false, 'albuquerque-district-streamgages', 'Albuquerque District Streamgages', '00000000-0000-0000-0000-000000000000', '2024-09-12 18:13:38.139939+00', NULL, NULL, '58cc7a26-21dd-400b-b5ec-e84b8ae9f2eb'),
('a012e753-9eff-426d-b0ee-090b430d1980', 'buffalo-district-streamgages.jpg', NULL, false, 'buffalo-district-streamgages', 'Buffalo District Streamgages', '00000000-0000-0000-0000-000000000000', '2024-09-12 18:13:38.180972+00', NULL, NULL, NULL),
('1fa28968-d0b1-4832-b4b3-e58206056819', 'chicago-district-streamgages.jpg', NULL, false, 'chicago-district-streamgages', 'Chicago District Streamgages', '00000000-0000-0000-0000-000000000000', '2024-09-12 18:13:38.202761+00', NULL, NULL, '7d7636a0-9607-46d0-b3d1-89b19e2efded'),
('7460dd1a-7e76-41e0-a9cd-f24473548156', 'midas-project-default.jpg', NULL, false, 'district-example-1', 'District Example 1', '00000000-0000-0000-0000-000000000000', '2024-09-12 18:13:38.483202+00', NULL, NULL, '321cc3d1-99e9-4b14-850e-7564afd47a79'),
('fc9e5bad-9ace-41ca-ab57-c3bce67859c6', 'midas-project-default.jpg', NULL, false, 'district-example-2', 'District Example 2', '00000000-0000-0000-0000-000000000000', '2024-09-12 18:13:38.483202+00', NULL, NULL, '321cc3d1-99e9-4b14-850e-7564afd47a79');


INSERT INTO alert_config (id, project_id, name, body, creator, create_date, updater, update_date, alert_type_id, start_date, schedule_interval, n_missed_before_alert, warning_interval, remind_interval, last_checked, last_reminded, deleted, mute_consecutive_alerts) VALUES
('313c9d2e-8849-4625-a49b-89b4abf8aa26', 'fc9e5bad-9ace-41ca-ab57-c3bce67859c6', 'Test 2 Measurement Submittal Warning', 'Warning for demonstration purposes.', '00000000-0000-0000-0000-000000000000', '2023-09-12 18:13:38.483202+00', NULL, NULL, '97e7a25c-d5c7-4ded-b272-1bb6e5914fe3', '2024-09-12 18:13:38.483202+00', '00:01:00', 1, '00:00:20', '00:00:00', '2024-09-12 18:25:26.539493+00', NULL, false, true),
('90ba20d7-6fb5-4c2a-99fd-a8750a67a15b', 'fc9e5bad-9ace-41ca-ab57-c3bce67859c6', 'Test 2 Evaluation Submittal Alert', 'Alert for demonstration purposes.', '00000000-0000-0000-0000-000000000000', '2023-09-12 18:13:38.483202+00', NULL, NULL, 'da6ee89e-58cc-4d85-8384-43c3c33a68bd', '2024-09-12 18:13:38.483202+00', '00:01:00', 1, '00:00:00', '00:00:00', '2024-09-12 18:25:26.539493+00', '2024-09-12 18:13:40.135287+00', false, true),
('d3738f72-4c0b-47f8-8ff9-8bea46022309', '5b6f4f37-7755-4cf9-bd02-94f1e9bc5984', 'Blue Water Dam Evaluation Submittal Warning', 'Warning for demonstration purposes.', '00000000-0000-0000-0000-000000000000', '2023-09-12 18:13:38.483202+00', NULL, NULL, 'da6ee89e-58cc-4d85-8384-43c3c33a68bd', '2024-09-12 18:13:38.483202+00', '00:01:00', 1, '00:00:20', '00:00:00', '2024-09-12 18:25:26.539493+00', '2024-09-12 18:13:40.135287+00', false, true),
('bd2d07fc-d5f2-4390-afeb-8d84b65c3759', 'fc9e5bad-9ace-41ca-ab57-c3bce67859c6', 'Test 2 Evaluation Submittal Warning', 'Warning for demonstration purposes.', '00000000-0000-0000-0000-000000000000', '2023-09-12 18:13:38.483202+00', NULL, NULL, 'da6ee89e-58cc-4d85-8384-43c3c33a68bd', '2024-09-12 18:13:38.483202+00', '00:01:00', 1, '00:00:20', '00:00:00', '2024-09-12 18:25:26.539493+00', '2024-09-12 18:13:40.135287+00', false, true),
('c02ada21-db96-4260-aafa-6edcbcbe965f', '7460dd1a-7e76-41e0-a9cd-f24473548156', 'Test 1 Evaluation Submittal Reminder', 'Reminder for demonstration purposes.', '00000000-0000-0000-0000-000000000000', '2023-09-12 18:13:38.483202+00', NULL, NULL, 'da6ee89e-58cc-4d85-8384-43c3c33a68bd', '2024-09-12 18:13:38.483202+00', '00:01:00', 1, '00:00:00', '1 day', '2024-09-12 18:25:26.539493+00', '2024-09-12 18:13:40.135287+00', false, true),
('7236596c-f89a-4212-913c-e4369b182e17', '7460dd1a-7e76-41e0-a9cd-f24473548156', 'Test 1 Measurement Submittal Alert', 'Alert for demonstration purposes.', '00000000-0000-0000-0000-000000000000', '2023-09-12 18:13:38.483202+00', NULL, NULL, '97e7a25c-d5c7-4ded-b272-1bb6e5914fe3', '2024-09-12 18:13:38.483202+00', '00:01:00', 1, '00:00:00', '00:00:00', '2024-09-12 18:25:26.539493+00', NULL, false, true),
('90ff91d6-ab39-40db-9160-34ce17416281', '5b6f4f37-7755-4cf9-bd02-94f1e9bc5984', 'Blue Water Dam Measurement Submittal Warning', 'Warning for demonstration purposes.', '00000000-0000-0000-0000-000000000000', '2023-09-12 18:13:38.483202+00', NULL, NULL, '97e7a25c-d5c7-4ded-b272-1bb6e5914fe3', '2024-09-12 18:13:38.483202+00', '00:01:00', 1, '00:00:20', '00:00:00', '2024-09-12 18:25:26.539493+00', '2024-09-12 18:14:41.567125+00', false, true),
('15c106f5-a293-4a0e-b45a-6a4c7206ac6a', '5b6f4f37-7755-4cf9-bd02-94f1e9bc5984', 'Blue Water Dam Measurement Submittal Reminder', 'Reminder for demonstration purposes.', '00000000-0000-0000-0000-000000000000', '2023-09-12 18:13:38.483202+00', NULL, NULL, '97e7a25c-d5c7-4ded-b272-1bb6e5914fe3', '2024-09-12 18:13:38.483202+00', '00:01:00', 1, '00:00:00', '1 day', '2024-09-12 18:25:26.539493+00', '2024-09-12 18:14:41.567125+00', false, true),
('1efd2d85-d3ee-4388-85a0-f824a761ff8b', '5b6f4f37-7755-4cf9-bd02-94f1e9bc5984', 'Blue Water Dam Measurement Submittal Alert', 'Alert for demonstration purposes.', '00000000-0000-0000-0000-000000000000', '2023-09-12 18:13:38.483202+00', NULL, NULL, '97e7a25c-d5c7-4ded-b272-1bb6e5914fe3', '2024-09-12 18:13:38.483202+00', '00:01:00', 1, '00:00:00', '00:00:00', '2024-09-12 18:25:26.539493+00', '2024-09-12 18:24:40.705874+00', false, false),
('b8e60c27-a0a5-45f1-b865-690d381d0d55', '7460dd1a-7e76-41e0-a9cd-f24473548156', 'Test 1 Measurement Submittal Reminder', 'Reminder for demonstration purposes.', '00000000-0000-0000-0000-000000000000', '2023-09-12 18:13:38.483202+00', NULL, NULL, '97e7a25c-d5c7-4ded-b272-1bb6e5914fe3', '2024-09-12 18:13:38.483202+00', '00:01:00', 1, '00:00:00', '1 day', '2024-09-12 18:25:26.539493+00', NULL, false, true),
('e49ad07a-5831-48dc-8e5b-cb72dedd4db5', 'fc9e5bad-9ace-41ca-ab57-c3bce67859c6', 'Test 2 Measurement Submittal Alert', 'Alert for demonstration purposes.', '00000000-0000-0000-0000-000000000000', '2023-09-12 18:13:38.483202+00', NULL, NULL, '97e7a25c-d5c7-4ded-b272-1bb6e5914fe3', '2024-09-12 18:13:38.483202+00', '00:01:00', 1, '00:00:00', '00:00:00', '2024-09-12 18:25:26.539493+00', NULL, false, true),
('425b4e0e-dd06-45f2-b5dd-4e7ea5b626f0', '7460dd1a-7e76-41e0-a9cd-f24473548156', 'Test 1 Measurement Submittal Warning', 'Warning for demonstration purposes.', '00000000-0000-0000-0000-000000000000', '2023-09-12 18:13:38.483202+00', NULL, NULL, '97e7a25c-d5c7-4ded-b272-1bb6e5914fe3', '2024-09-12 18:13:38.483202+00', '00:01:00', 1, '00:00:20', '00:00:00', '2024-09-12 18:25:26.539493+00', NULL, false, true),
('852716a3-abb8-4367-8c69-f3c36d5e1102', 'fc9e5bad-9ace-41ca-ab57-c3bce67859c6', 'Test 2 Measurement Submittal Reminder', 'Reminder for demonstration purposes.', '00000000-0000-0000-0000-000000000000', '2023-09-12 18:13:38.483202+00', NULL, NULL, '97e7a25c-d5c7-4ded-b272-1bb6e5914fe3', '2024-09-12 18:13:38.483202+00', '00:01:00', 1, '00:00:00', '1 day', '2024-09-12 18:25:26.539493+00', NULL, false, true),
('5f9555df-c616-4530-bdcd-6b664fc91255', '5b6f4f37-7755-4cf9-bd02-94f1e9bc5984', 'Blue Water Dam Evaluation Submittal Reminder', 'Reminder for demonstration purposes.', '00000000-0000-0000-0000-000000000000', '2023-09-12 18:13:38.483202+00', NULL, NULL, 'da6ee89e-58cc-4d85-8384-43c3c33a68bd', '2024-09-12 18:13:38.483202+00', '00:01:00', 1, '00:00:00', '1 day', '2024-09-12 18:25:26.539493+00', '2024-09-12 18:13:40.135287+00', false, true),
('a16c5409-0a79-417f-9bb6-e27d65b37ec5', '7460dd1a-7e76-41e0-a9cd-f24473548156', 'Test 1 Evaluation Submittal Warning', 'Warning for demonstration purposes.', '00000000-0000-0000-0000-000000000000', '2023-09-12 18:13:38.483202+00', NULL, NULL, 'da6ee89e-58cc-4d85-8384-43c3c33a68bd', '2024-09-12 18:13:38.483202+00', '00:01:00', 1, '00:00:20', '00:00:00', '2024-09-12 18:25:26.539493+00', '2024-09-12 18:13:40.135287+00', false, true),
('25213444-4d4f-45b0-b0f1-e7df7db84f96', '7460dd1a-7e76-41e0-a9cd-f24473548156', 'Test 1 Evaluation Submittal Alert', 'Alert for demonstration purposes.', '00000000-0000-0000-0000-000000000000', '2023-09-12 18:13:38.483202+00', NULL, NULL, 'da6ee89e-58cc-4d85-8384-43c3c33a68bd', '2024-09-12 18:13:38.483202+00', '00:01:00', 1, '00:00:00', '00:00:00', '2024-09-12 18:25:26.539493+00', '2024-09-12 18:13:40.135287+00', false, true),
('c07165de-71ec-40c4-b25b-c42deefea636', '5b6f4f37-7755-4cf9-bd02-94f1e9bc5984', 'Blue Water Dam Evaluation Submittal Alert', 'Alert for demonstration purposes.', '00000000-0000-0000-0000-000000000000', '2023-09-12 18:13:38.483202+00', NULL, NULL, 'da6ee89e-58cc-4d85-8384-43c3c33a68bd', '2024-09-12 18:13:38.483202+00', '00:01:00', 1, '00:00:00', '00:00:00', '2024-09-12 18:25:26.539493+00', '2024-09-12 18:24:40.714169+00', false, false),
('9e35c876-0a76-4f0a-99bd-1e8a1971933a', 'fc9e5bad-9ace-41ca-ab57-c3bce67859c6', 'Test 2 Evaluation Submittal Reminder', 'Reminder for demonstration purposes.', '00000000-0000-0000-0000-000000000000', '2023-09-12 18:13:38.483202+00', NULL, NULL, 'da6ee89e-58cc-4d85-8384-43c3c33a68bd', '2024-09-12 18:13:38.483202+00', '00:01:00', 1, '00:00:00', '1 day', '2024-09-12 18:25:26.539493+00', '2024-09-12 18:13:40.135287+00', false, true);


INSERT INTO email (id, email) VALUES
('1ebf9e14-2b1c-404e-9535-6c2ee24944b6', 'no.profile@fake.usace.army.mil');


INSERT INTO profile (id, edipi, is_admin, username, display_name, email) VALUES
('57329df6-9f7a-4dad-9383-4633b452efab', 2, true, 'AnthonyLambert', 'AnthonyLambert', 'anthony.lambert@fake.usace.army.mil'),
('f320df83-e2ea-4fe9-969a-4e0239b8da51', 3, false, 'nocactest', 'nocactest', 'molly.rutherford@fake.usace.army.mil'),
('89aa1e13-041a-4d15-9e45-f76eba3b0551', 4, false, 'DominicGlover', 'DominicGlover', 'dominic.glover@fake.usace.army.mil'),
('405ab7e1-20fc-4d26-a074-eccad88bf0a9', 5, false, 'JoeQuinn', 'JoeQuinn', 'joe.quinn@fake.usace.army.mil'),
('81c77210-6244-46fe-bdf6-35da4f00934b', 6, false, 'TrevorDavidson', 'TrevorDavidson', 'trevor.davidson@fake.usace.army.mil'),
('f056201a-ffec-4f5b-aec5-14b34bb5e3d8', 7, false, 'ClaireButler', 'ClaireButler', 'claire.butler@fake.usace.army.mil'),
('9effda27-49f7-4745-8e55-fa819f550b09', 8, false, 'SophieBower', 'SophieBower', 'sophie.bower@fake.usace.army.mil'),
('37407aba-904a-42fa-af73-6ab748ee1f98', 9, false, 'NeilMcLean', 'NeilMcLean', 'neil.mclean@fake.usace.army.mil'),
('c0fd72ae-cccc-45c9-ba1d-4353170c352d', 10, false, 'JakeBurgess', 'JakeBurgess', 'jake.burgess@fake.usace.army.mil'),
('be549c16-3f65-4af4-afb6-e18c814c44dc', 11, false, 'DanQuinn', 'DanQuinn', 'dan.quinn@fake.usace.army.mil');


INSERT INTO alert_email_subscription (id, alert_config_id, email_id, mute_notify) VALUES
('7c552041-e546-47a2-bef6-8276d1e24ffd', '1efd2d85-d3ee-4388-85a0-f824a761ff8b', '1ebf9e14-2b1c-404e-9535-6c2ee24944b6', false),
('7e7648bc-bdd0-4ba0-86d4-db7975df2f69', 'c07165de-71ec-40c4-b25b-c42deefea636', '1ebf9e14-2b1c-404e-9535-6c2ee24944b6', false);
