INSERT INTO project (id, office_id, slug, name, image) VALUES
    ('7601b4d7-a2f2-45cc-99c8-55f61b35e6f3', '30cb06ee-bd94-4c49-a945-e92735e7bdc1', 'new-england-district-streamgages', 'New England District Streamgages', 'new-england-district-streamgages.jpg');



--Ignoring HUB site/instrument, already in instruments unique list
--Ignoring PEG site/instrument, already in instruments unique list
--Ignoring PEG site/instrument, already in instruments unique list
--Ignoring NSD site/instrument, already in instruments unique list
--Ignoring HBD site/instrument, already in instruments unique list
--Ignoring TMD site/instrument, already in instruments unique list
--Ignoring BVD site/instrument, already in instruments unique list
--Ignoring LVD site/instrument, already in instruments unique list
--Ignoring MHD site/instrument, already in instruments unique list
--Ignoring BMD site/instrument, already in instruments unique list
--Ignoring BWD site/instrument, already in instruments unique list
--Ignoring HUB site/instrument, already in instruments unique list
--Ignoring PEG site/instrument, already in instruments unique list
--Ignoring PEG site/instrument, already in instruments unique list
--Ignoring CRD site/instrument, already in instruments unique list
--Ignoring BRD site/instrument, already in instruments unique list
--Ignoring HUB site/instrument, already in instruments unique list
--Ignoring PEG site/instrument, already in instruments unique list
--Ignoring BMD site/instrument, already in instruments unique list
--Ignoring GUL site/instrument, already in instruments unique list
--Ignoring WFD site/instrument, already in instruments unique list
--Ignoring KVD site/instrument, already in instruments unique list
--Ignoring TMD site/instrument, already in instruments unique list
--Ignoring SMD site/instrument, already in instruments unique list
--Ignoring HKD site/instrument, already in instruments unique list
--Ignoring TSD site/instrument, already in instruments unique list
--Ignoring HVD site/instrument, already in instruments unique list
--Ignoring THL site/instrument, already in instruments unique list
--Ignoring ING site/instrument, already in instruments unique list
--Ignoring ING site/instrument, already in instruments unique list

--INSERT INSTRUMENTS--COUNT:153
INSERT INTO public.instrument(id, deleted, slug, name, formula, geometry, station, station_offset, create_date, update_date, type_id, project_id, creator, updater, usgs_id)
 VALUES 
('3b4e1f2c-381e-44bd-9945-3c7cc3e6def4', False, 'hub', 'HUB', null, ST_GeomFromText('POINT(-139.4864 59.9944)',4326), null, null, '2021-03-08T19:41:33.103381Z', null, '98a61f29-18a8-430a-9d02-0f53486e0984', '7601b4d7-a2f2-45cc-99c8-55f61b35e6f3', '00000000-0000-0000-0000-000000000000', null, null),
('2f525323-e8d1-4e94-a9ee-d06731c29568', False, 'peg', 'PEG', null, ST_GeomFromText('POINT(166.3611 -78.0911)',4326), null, null, '2021-03-08T19:41:33.104599Z', null, '98a61f29-18a8-430a-9d02-0f53486e0984', '7601b4d7-a2f2-45cc-99c8-55f61b35e6f3', '00000000-0000-0000-0000-000000000000', null, null),
('ba7f146c-ade1-4c0c-b5e2-9a9e85c7d82d', False, 'hns', 'HNS', null, ST_GeomFromText('POINT(0.0 0.0)',4326), null, null, '2021-03-08T19:41:33.105937Z', null, '98a61f29-18a8-430a-9d02-0f53486e0984', '7601b4d7-a2f2-45cc-99c8-55f61b35e6f3', '00000000-0000-0000-0000-000000000000', null, null),
('a16dc8f6-009e-42d1-ad4e-95c3d2ea2673', False, 'hcd', 'HCD', null, ST_GeomFromText('POINT(-73.0381 41.6219)',4326), null, null, '2021-03-08T19:41:33.107779Z', null, '98a61f29-18a8-430a-9d02-0f53486e0984', '7601b4d7-a2f2-45cc-99c8-55f61b35e6f3', '00000000-0000-0000-0000-000000000000', null, null),
('96945d06-8d27-4d10-b652-a8f2e51f2557', False, 'brd', 'BRD', null, ST_GeomFromText('POINT(-73.1056 41.6575)',4326), null, null, '2021-03-08T19:41:33.108627Z', null, '98a61f29-18a8-430a-9d02-0f53486e0984', '7601b4d7-a2f2-45cc-99c8-55f61b35e6f3', '00000000-0000-0000-0000-000000000000', null, '01208011'),
('0827aea6-82b2-4525-b257-d06eb6489296', False, 'tmd', 'TMD', null, ST_GeomFromText('POINT(-73.0625 41.6947)',4326), null, null, '2021-03-08T19:41:33.110433Z', null, '98a61f29-18a8-430a-9d02-0f53486e0984', '7601b4d7-a2f2-45cc-99c8-55f61b35e6f3', '00000000-0000-0000-0000-000000000000', null, '01206600'),
('7bc1bd4a-44a3-4105-88d2-338c282a3cbf', False, 'mrd', 'MRD', null, ST_GeomFromText('POINT(-73.09 41.9314)',4326), null, null, '2021-03-08T19:41:33.112919Z', null, '98a61f29-18a8-430a-9d02-0f53486e0984', '7601b4d7-a2f2-45cc-99c8-55f61b35e6f3', '00000000-0000-0000-0000-000000000000', null, '01186090'),
('e77fd949-af05-45f1-baa7-0e045302ab2e', False, 'hmd', 'HMD', null, ST_GeomFromText('POINT(-73.1683 41.8689)',4326), null, null, '2021-03-08T19:41:33.113196Z', null, '98a61f29-18a8-430a-9d02-0f53486e0984', '7601b4d7-a2f2-45cc-99c8-55f61b35e6f3', '00000000-0000-0000-0000-000000000000', null, '01205560'),
('9be6949e-5129-4be7-b924-6b3612b5db34', False, 'hbd', 'HBD', null, ST_GeomFromText('POINT(-73.0664 41.5144)',4326), null, null, '2021-03-08T19:41:33.113418Z', null, '98a61f29-18a8-430a-9d02-0f53486e0984', '7601b4d7-a2f2-45cc-99c8-55f61b35e6f3', '00000000-0000-0000-0000-000000000000', null, '01208410'),
('2d8e0e00-a43c-456c-9b00-7647e2e3ac89', False, 'nbd', 'NBD', null, ST_GeomFromText('POINT(-73.0908 41.6814)',4326), null, null, '2021-03-08T19:41:33.115008Z', null, '98a61f29-18a8-430a-9d02-0f53486e0984', '7601b4d7-a2f2-45cc-99c8-55f61b35e6f3', '00000000-0000-0000-0000-000000000000', null, '01206940'),
('00f9733d-07d0-4e28-ae35-26c01366aaaf', False, 'uvd', 'UVD', null, ST_GeomFromText('POINT(-72.2575 43.7937)',4326), null, null, '2021-03-08T19:41:33.115825Z', null, '98a61f29-18a8-430a-9d02-0f53486e0984', '7601b4d7-a2f2-45cc-99c8-55f61b35e6f3', '00000000-0000-0000-0000-000000000000', null, '01141500'),
('8578af90-d100-44da-85ae-3a49d8d128fe', False, 'nsd', 'NSD', null, ST_GeomFromText('POINT(-72.5075 43.3375)',4326), null, null, '2021-03-08T19:41:33.118417Z', null, '98a61f29-18a8-430a-9d02-0f53486e0984', '7601b4d7-a2f2-45cc-99c8-55f61b35e6f3', '00000000-0000-0000-0000-000000000000', null, null),
('94911500-32be-4460-8b45-a0205172669c', False, 'bmd', 'BMD', null, ST_GeomFromText('POINT(-72.7744 43.1274)',4326), null, null, '2021-03-08T19:41:33.120916Z', null, '98a61f29-18a8-430a-9d02-0f53486e0984', '7601b4d7-a2f2-45cc-99c8-55f61b35e6f3', '00000000-0000-0000-0000-000000000000', null, null),
('cb8de53b-f044-4771-ac3b-1d996af38c16', False, 'tsd', 'TSD', null, ST_GeomFromText('POINT(-72.7022 43.0531)',4326), null, null, '2021-03-08T19:41:33.123987Z', null, '98a61f29-18a8-430a-9d02-0f53486e0984', '7601b4d7-a2f2-45cc-99c8-55f61b35e6f3', '00000000-0000-0000-0000-000000000000', null, '01155910'),
('1a687a2d-4995-4dae-90b9-6c20a167cfe4', False, 'smd', 'SMD', null, ST_GeomFromText('POINT(-72.312 42.998)',4326), null, null, '2021-03-08T19:41:33.126815Z', null, '98a61f29-18a8-430a-9d02-0f53486e0984', '7601b4d7-a2f2-45cc-99c8-55f61b35e6f3', '00000000-0000-0000-0000-000000000000', null, '01158000'),
('136cb9e0-3b46-43be-8182-e5e729db3a55', False, 'obd', 'OBD', null, ST_GeomFromText('POINT(-72.2367 42.9465)',4326), null, null, '2021-03-08T19:41:33.129623Z', null, '98a61f29-18a8-430a-9d02-0f53486e0984', '7601b4d7-a2f2-45cc-99c8-55f61b35e6f3', '00000000-0000-0000-0000-000000000000', null, '01158600'),
('1a127876-f15b-4d84-a547-63ce43e68012', False, 'bhd', 'BHD', null, ST_GeomFromText('POINT(-72.1239 42.6322)',4326), null, null, '2021-03-08T19:41:33.133334Z', null, '98a61f29-18a8-430a-9d02-0f53486e0984', '7601b4d7-a2f2-45cc-99c8-55f61b35e6f3', '00000000-0000-0000-0000-000000000000', null, '01163500'),
('0ca2fc25-32a2-4cd6-9207-d2e988ec122d', False, 'tld', 'TLD', null, ST_GeomFromText('POINT(-72.225 42.6414)',4326), null, null, '2021-03-08T19:41:33.136126Z', null, '98a61f29-18a8-430a-9d02-0f53486e0984', '7601b4d7-a2f2-45cc-99c8-55f61b35e6f3', '00000000-0000-0000-0000-000000000000', null, '01165000'),
('818b694f-feec-43cc-98d0-4aa8397616bf', False, 'bfd', 'BFD', null, ST_GeomFromText('POINT(-72.0261 42.4278)',4326), null, null, '2021-03-08T19:41:33.137885Z', null, '98a61f29-18a8-430a-9d02-0f53486e0984', '7601b4d7-a2f2-45cc-99c8-55f61b35e6f3', '00000000-0000-0000-0000-000000000000', null, '01172500'),
('b42a6ac5-9c15-4851-8519-d4074580c794', False, 'kvd', 'KVD', null, ST_GeomFromText('POINT(-72.8636 42.2906)',4326), null, null, '2021-03-08T19:41:33.139785Z', null, '98a61f29-18a8-430a-9d02-0f53486e0984', '7601b4d7-a2f2-45cc-99c8-55f61b35e6f3', '00000000-0000-0000-0000-000000000000', null, '01179500'),
('bf4dc42b-f317-41e7-b27e-0efc2f90a176', False, 'lvd', 'LVD', null, ST_GeomFromText('POINT(-72.8808 42.2656)',4326), null, null, '2021-03-08T19:41:33.143029Z', null, '98a61f29-18a8-430a-9d02-0f53486e0984', '7601b4d7-a2f2-45cc-99c8-55f61b35e6f3', '00000000-0000-0000-0000-000000000000', null, null),
('593d9f2d-0ed0-4899-81f0-1408e4e4fd18', False, 'crd', 'CRD', null, ST_GeomFromText('POINT(-73.0364 42.0064)',4326), null, null, '2021-03-08T19:41:33.146646Z', null, '98a61f29-18a8-430a-9d02-0f53486e0984', '7601b4d7-a2f2-45cc-99c8-55f61b35e6f3', '00000000-0000-0000-0000-000000000000', null, '01185850'),
('9eeca841-ee77-4824-84bd-f0a9d97fdda7', False, 'ffd', 'FFD', null, ST_GeomFromText('POINT(-71.6593 43.4691)',4326), null, null, '2021-03-08T19:41:33.148734Z', null, '98a61f29-18a8-430a-9d02-0f53486e0984', '7601b4d7-a2f2-45cc-99c8-55f61b35e6f3', '00000000-0000-0000-0000-000000000000', null, null),
('df4c0585-fbbf-422c-a1ba-988c9629f5e6', False, 'bwd', 'BWD', null, ST_GeomFromText('POINT(-71.7231 43.3156)',4326), null, null, '2021-03-08T19:41:33.152268Z', null, '98a61f29-18a8-430a-9d02-0f53486e0984', '7601b4d7-a2f2-45cc-99c8-55f61b35e6f3', '00000000-0000-0000-0000-000000000000', null, null),
('75c56d48-5840-4740-961d-453bd3f40987', False, 'emd', 'EMD', null, ST_GeomFromText('POINT(-71.9878 42.8939)',4326), null, null, '2021-03-08T19:41:33.153995Z', null, '98a61f29-18a8-430a-9d02-0f53486e0984', '7601b4d7-a2f2-45cc-99c8-55f61b35e6f3', '00000000-0000-0000-0000-000000000000', null, '01083000'),
('a4a385d9-d079-4065-a6fb-2ba243f86c11', False, 'hkd', 'HKD', null, ST_GeomFromText('POINT(-71.7472 43.1886)',4326), null, null, '2021-03-08T19:41:33.157005Z', null, '98a61f29-18a8-430a-9d02-0f53486e0984', '7601b4d7-a2f2-45cc-99c8-55f61b35e6f3', '00000000-0000-0000-0000-000000000000', null, null),
('3bc0a05a-c70e-4d13-a373-40a413500ebc', False, 'evd', 'EVD', null, ST_GeomFromText('POINT(-71.6603 43.0933)',4326), null, null, '2021-03-08T19:41:33.160973Z', null, '98a61f29-18a8-430a-9d02-0f53486e0984', '7601b4d7-a2f2-45cc-99c8-55f61b35e6f3', '00000000-0000-0000-0000-000000000000', null, '01090800'),
('d85ca5c2-6f51-4afb-a52c-c1c098f354ac', False, 'ebd', 'EBD', null, ST_GeomFromText('POINT(-72.1269 42.1083)',4326), null, null, '2021-03-08T19:41:33.164021Z', null, '98a61f29-18a8-430a-9d02-0f53486e0984', '7601b4d7-a2f2-45cc-99c8-55f61b35e6f3', '00000000-0000-0000-0000-000000000000', null, '01123360'),
('9d24e2ce-8572-4520-8157-7a03cc76bd85', False, 'wvd', 'WVD', null, ST_GeomFromText('POINT(-72.0589 42.0825)',4326), null, null, '2021-03-08T19:41:33.166195Z', null, '98a61f29-18a8-430a-9d02-0f53486e0984', '7601b4d7-a2f2-45cc-99c8-55f61b35e6f3', '00000000-0000-0000-0000-000000000000', null, '01123600'),
('834aaa95-c01e-4a8b-84b7-27af345ca78c', False, 'wtd', 'WTD', null, ST_GeomFromText('POINT(-71.9014 41.945)',4326), null, null, '2021-03-08T19:41:33.173608Z', null, '98a61f29-18a8-430a-9d02-0f53486e0984', '7601b4d7-a2f2-45cc-99c8-55f61b35e6f3', '00000000-0000-0000-0000-000000000000', null, '01124151'),
('cfe992d9-8c5c-46b3-b790-98bd6fde35b2', False, 'bvd', 'BVD', null, ST_GeomFromText('POINT(-71.9083 42.1158)',4326), null, null, '2021-03-08T19:41:33.177343Z', null, '98a61f29-18a8-430a-9d02-0f53486e0984', '7601b4d7-a2f2-45cc-99c8-55f61b35e6f3', '00000000-0000-0000-0000-000000000000', null, null),
('bc2fdcb8-0b2f-474f-976c-6c87dd260143', False, 'hvd', 'HVD', null, ST_GeomFromText('POINT(-71.8819 42.1192)',4326), null, null, '2021-03-08T19:41:33.178574Z', null, '98a61f29-18a8-430a-9d02-0f53486e0984', '7601b4d7-a2f2-45cc-99c8-55f61b35e6f3', '00000000-0000-0000-0000-000000000000', null, '01124350'),
('8c00f847-da05-4965-8119-f04158da3b54', False, 'mhd', 'MHD', null, ST_GeomFromText('POINT(-72.1817 41.765)',4326), null, null, '2021-03-08T19:41:33.183161Z', null, '98a61f29-18a8-430a-9d02-0f53486e0984', '7601b4d7-a2f2-45cc-99c8-55f61b35e6f3', '00000000-0000-0000-0000-000000000000', null, '01121500'),
('27d550b2-e59f-45a5-9b28-9846a77efdfa', False, 'whd', 'WHD', null, ST_GeomFromText('POINT(-71.6092 42.1058)',4326), null, null, '2021-03-08T19:41:33.210203Z', null, '98a61f29-18a8-430a-9d02-0f53486e0984', '7601b4d7-a2f2-45cc-99c8-55f61b35e6f3', '00000000-0000-0000-0000-000000000000', null, '01111200'),
('840a3367-1818-4385-89b7-10baee0f9490', False, 'cbd', 'CBD', null, ST_GeomFromText('POINT(-72.2904 42.0735)',4326), null, null, '2021-03-08T19:41:33.219627Z', null, '98a61f29-18a8-430a-9d02-0f53486e0984', '7601b4d7-a2f2-45cc-99c8-55f61b35e6f3', '00000000-0000-0000-0000-000000000000', null, '01176410'),
('6d846897-1083-49dd-9a32-3c650e1578f6', False, 'wds', 'WDS', null, ST_GeomFromText('POINT(-71.68 43.9764)',4326), null, null, '2021-03-08T19:41:33.223777Z', null, '98a61f29-18a8-430a-9d02-0f53486e0984', '7601b4d7-a2f2-45cc-99c8-55f61b35e6f3', '00000000-0000-0000-0000-000000000000', null, '01075000'),
('5d282c8e-ff28-4227-b90f-66cc87834553', False, 'wil', 'WIL', null, ST_GeomFromText('POINT(-72.1828 41.7003)',4326), null, null, '2021-03-08T19:41:33.224923Z', null, '98a61f29-18a8-430a-9d02-0f53486e0984', '7601b4d7-a2f2-45cc-99c8-55f61b35e6f3', '00000000-0000-0000-0000-000000000000', null, '01122500'),
('a79c2f39-a23c-4b94-9656-a7b1ca5eaccc', False, 'web', 'WEB', null, ST_GeomFromText('POINT(-71.8853 42.0508)',4326), null, null, '2021-03-08T19:41:33.225614Z', null, '98a61f29-18a8-430a-9d02-0f53486e0984', '7601b4d7-a2f2-45cc-99c8-55f61b35e6f3', '00000000-0000-0000-0000-000000000000', null, '01125000'),
('e745ca0e-b476-45f4-829b-691ed48c6d4b', False, 'hen', 'HEN', null, ST_GeomFromText('POINT(-71.8578 43.1517)',4326), null, null, '2021-03-08T19:41:33.225972Z', null, '98a61f29-18a8-430a-9d02-0f53486e0984', '7601b4d7-a2f2-45cc-99c8-55f61b35e6f3', '00000000-0000-0000-0000-000000000000', null, '01085000'),
('0d2cd5d3-e139-43c7-896a-1526449c7e52', False, 'jcy', 'JCY', null, ST_GeomFromText('POINT(-71.9847 41.5978)',4326), null, null, '2021-03-08T19:41:33.226304Z', null, '98a61f29-18a8-430a-9d02-0f53486e0984', '7601b4d7-a2f2-45cc-99c8-55f61b35e6f3', '00000000-0000-0000-0000-000000000000', null, '01127000'),
('b62ff707-ae3c-416d-9718-b19e63bde806', False, 'gib', 'GIB', null, ST_GeomFromText('POINT(-72.2733 42.2358)',4326), null, null, '2021-03-08T19:41:33.226653Z', null, '98a61f29-18a8-430a-9d02-0f53486e0984', '7601b4d7-a2f2-45cc-99c8-55f61b35e6f3', '00000000-0000-0000-0000-000000000000', null, '01173500'),
('04aad57c-23be-4799-a527-adcadee079ee', False, 'drf', 'DRF', null, ST_GeomFromText('POINT(-72.6547 42.5367)',4326), null, null, '2021-03-08T19:41:33.227009Z', null, '98a61f29-18a8-430a-9d02-0f53486e0984', '7601b4d7-a2f2-45cc-99c8-55f61b35e6f3', '00000000-0000-0000-0000-000000000000', null, '01170000'),
('9712ade8-cd53-4020-9f16-104bb4992834', False, 'gft', 'GFT', null, ST_GeomFromText('POINT(-71.5511 43.0167)',4326), null, null, '2021-03-08T19:41:33.227739Z', null, '98a61f29-18a8-430a-9d02-0f53486e0984', '7601b4d7-a2f2-45cc-99c8-55f61b35e6f3', '00000000-0000-0000-0000-000000000000', null, '01091500'),
('9b2fc48a-fcad-408f-a22a-cc80004b8854', False, 'gfl', 'GFL', null, ST_GeomFromText('POINT(-71.4639 42.9481)',4326), null, null, '2021-03-08T19:41:33.228508Z', null, '98a61f29-18a8-430a-9d02-0f53486e0984', '7601b4d7-a2f2-45cc-99c8-55f61b35e6f3', '00000000-0000-0000-0000-000000000000', null, '01092000'),
('6f927220-aa7c-4534-acd7-97d56797adbf', False, 'rvh', 'RVH', null, ST_GeomFromText('POINT(-71.62 43.2494)',4326), null, null, '2021-03-08T19:41:33.230076Z', null, '98a61f29-18a8-430a-9d02-0f53486e0984', '7601b4d7-a2f2-45cc-99c8-55f61b35e6f3', '00000000-0000-0000-0000-000000000000', null, '01087850'),
('b8f39348-ad52-4e3e-bc32-1b204108bd30', False, 'con', 'CON', null, ST_GeomFromText('POINT(-71.5308 43.2089)',4326), null, null, '2021-03-08T19:41:33.230880Z', null, '98a61f29-18a8-430a-9d02-0f53486e0984', '7601b4d7-a2f2-45cc-99c8-55f61b35e6f3', '00000000-0000-0000-0000-000000000000', null, '01088400'),
('ac669939-8e61-4fc9-81de-f7b5eabf28ec', False, 'wns', 'WNS', null, ST_GeomFromText('POINT(-71.5036 42.0061)',4326), null, null, '2021-03-08T19:41:33.231885Z', null, '98a61f29-18a8-430a-9d02-0f53486e0984', '7601b4d7-a2f2-45cc-99c8-55f61b35e6f3', '00000000-0000-0000-0000-000000000000', null, '01112500'),
('cb60fe8a-6898-4bf8-8a74-d68e44e87ba8', False, 'ntb', 'NTB', null, ST_GeomFromText('POINT(-71.6523 42.1539)',4326), null, null, '2021-03-08T19:41:33.232738Z', null, '98a61f29-18a8-430a-9d02-0f53486e0984', '7601b4d7-a2f2-45cc-99c8-55f61b35e6f3', '00000000-0000-0000-0000-000000000000', null, '01110500'),
('f33df158-81c1-468c-84f0-bc5735fd849e', False, 'low', 'LOW', null, ST_GeomFromText('POINT(-71.2989 42.6458)',4326), null, null, '2021-03-08T19:41:33.233435Z', null, '98a61f29-18a8-430a-9d02-0f53486e0984', '7601b4d7-a2f2-45cc-99c8-55f61b35e6f3', '00000000-0000-0000-0000-000000000000', null, '01100000'),
('66150415-b2db-46ba-8aa2-4246cc463d9a', False, 'kee', 'KEE', null, ST_GeomFromText('POINT(-72.2797 42.9192)',4326), null, null, '2021-03-08T19:41:33.234027Z', null, '98a61f29-18a8-430a-9d02-0f53486e0984', '7601b4d7-a2f2-45cc-99c8-55f61b35e6f3', '00000000-0000-0000-0000-000000000000', null, '01158110'),
('44ac1f0e-d8b3-4e9e-8f86-11ae7e50fe5f', False, 'tvl', 'TVL', null, ST_GeomFromText('POINT(-72.6061 41.9869)',4326), null, null, '2021-03-08T19:41:33.234836Z', null, '98a61f29-18a8-430a-9d02-0f53486e0984', '7601b4d7-a2f2-45cc-99c8-55f61b35e6f3', '00000000-0000-0000-0000-000000000000', null, '01184000'),
('e5960d2c-3fc0-4e99-a5fe-16722bcbad47', False, 'ind', 'IND', null, ST_GeomFromText('POINT(-72.5147 42.1603)',4326), null, null, '2021-03-08T19:41:33.235451Z', null, '98a61f29-18a8-430a-9d02-0f53486e0984', '7601b4d7-a2f2-45cc-99c8-55f61b35e6f3', '00000000-0000-0000-0000-000000000000', null, '01177000'),
('01a956f6-158c-424b-9f41-33e8b0fc6975', False, 'wsf', 'WSF', null, ST_GeomFromText('POINT(-72.6997 42.1064)',4326), null, null, '2021-03-08T19:41:33.236044Z', null, '98a61f29-18a8-430a-9d02-0f53486e0984', '7601b4d7-a2f2-45cc-99c8-55f61b35e6f3', '00000000-0000-0000-0000-000000000000', null, '01183500'),
('f5fc2904-a4aa-4f12-8bbb-85f2295a2069', False, 'htf', 'HTF', null, ST_GeomFromText('POINT(-72.6675 41.7689)',4326), null, null, '2021-03-08T19:41:33.236601Z', null, '98a61f29-18a8-430a-9d02-0f53486e0984', '7601b4d7-a2f2-45cc-99c8-55f61b35e6f3', '00000000-0000-0000-0000-000000000000', null, '01190070'),
('f65ecead-ce27-49a6-a5a9-b74113f56d95', False, 'sim', 'SIM', null, ST_GeomFromText('POINT(-72.7981 41.8697)',4326), null, null, '2021-03-08T19:41:33.237233Z', null, '98a61f29-18a8-430a-9d02-0f53486e0984', '7601b4d7-a2f2-45cc-99c8-55f61b35e6f3', '00000000-0000-0000-0000-000000000000', null, '01189213'),
('82882c0b-2013-4dc7-a801-1166064e6484', False, 'stv', 'STV', null, ST_GeomFromText('POINT(-73.1675 41.3836)',4326), null, null, '2021-03-08T19:41:33.237827Z', null, '98a61f29-18a8-430a-9d02-0f53486e0984', '7601b4d7-a2f2-45cc-99c8-55f61b35e6f3', '00000000-0000-0000-0000-000000000000', null, '01205500'),
('0a4a6fae-95ae-4943-8499-a88a2e805bac', False, 'unv', 'UNV', null, ST_GeomFromText('POINT(-72.8869 41.7556)',4326), null, null, '2021-03-08T19:41:33.238399Z', null, '98a61f29-18a8-430a-9d02-0f53486e0984', '7601b4d7-a2f2-45cc-99c8-55f61b35e6f3', '00000000-0000-0000-0000-000000000000', null, '01188090'),
('537ae103-2df7-472a-856b-f317e5fa26f1', False, 'ply', 'PLY', null, ST_GeomFromText('POINT(-71.6864 43.7592)',4326), null, null, '2021-03-08T19:41:33.238954Z', null, '98a61f29-18a8-430a-9d02-0f53486e0984', '7601b4d7-a2f2-45cc-99c8-55f61b35e6f3', '00000000-0000-0000-0000-000000000000', null, '01076500'),
('553eb778-60ff-4ddd-af6a-6d8fec279cfe', False, 'rum', 'RUM', null, ST_GeomFromText('POINT(-71.8458 43.7956)',4326), null, null, '2021-03-08T19:41:33.239717Z', null, '98a61f29-18a8-430a-9d02-0f53486e0984', '7601b4d7-a2f2-45cc-99c8-55f61b35e6f3', '00000000-0000-0000-0000-000000000000', null, '01076000'),
('1bd4a9e8-fcac-46ca-8c84-b9fe5cff9680', False, 'leb', 'LEB', null, ST_GeomFromText('POINT(-72.3131 43.6464)',4326), null, null, '2021-03-08T19:41:33.240276Z', null, '98a61f29-18a8-430a-9d02-0f53486e0984', '7601b4d7-a2f2-45cc-99c8-55f61b35e6f3', '00000000-0000-0000-0000-000000000000', null, '01144500'),
('5fad6bf6-639c-47d3-bad4-b8b2f24917bc', False, 'wha', 'WHA', null, ST_GeomFromText('POINT(-72.4186 43.7142)',4326), null, null, '2021-03-08T19:41:33.240834Z', null, '98a61f29-18a8-430a-9d02-0f53486e0984', '7601b4d7-a2f2-45cc-99c8-55f61b35e6f3', '00000000-0000-0000-0000-000000000000', null, '01144000'),
('eb70854b-a8f0-471f-bcc6-b5c9ad7fae1c', False, 'nwa', 'NWA', null, ST_GeomFromText('POINT(-72.4358 43.125)',4326), null, null, '2021-03-08T19:41:33.241424Z', null, '98a61f29-18a8-430a-9d02-0f53486e0984', '7601b4d7-a2f2-45cc-99c8-55f61b35e6f3', '00000000-0000-0000-0000-000000000000', null, '01154500'),
('5a767c06-565d-4504-91bb-bbfa38938147', False, 'wls', 'WLS', null, ST_GeomFromText('POINT(-72.0425 44.1533)',4326), null, null, '2021-03-08T19:41:33.242574Z', null, '98a61f29-18a8-430a-9d02-0f53486e0984', '7601b4d7-a2f2-45cc-99c8-55f61b35e6f3', '00000000-0000-0000-0000-000000000000', null, '01138500'),
('4a835069-bc18-4675-9cf0-371728c2d180', False, 'tlt', 'TLT', null, ST_GeomFromText('POINT(-71.5883 43.4417)',4326), null, null, '2021-03-08T19:41:33.243157Z', null, '98a61f29-18a8-430a-9d02-0f53486e0984', '7601b4d7-a2f2-45cc-99c8-55f61b35e6f3', '00000000-0000-0000-0000-000000000000', null, '01081000'),
('8b9e5146-f636-43b0-994f-bb5409bf5d8f', False, 'brs', 'BRS', null, ST_GeomFromText('POINT(-71.7483 43.5667)',4326), null, null, '2021-03-08T19:41:33.244061Z', null, '98a61f29-18a8-430a-9d02-0f53486e0984', '7601b4d7-a2f2-45cc-99c8-55f61b35e6f3', '00000000-0000-0000-0000-000000000000', null, '01078000'),
('6aa941d4-526f-4954-9cd9-4a9e1b594458', False, 'sgn', 'SGN', null, ST_GeomFromText('POINT(-71.5069 42.8572)',4326), null, null, '2021-03-08T19:41:33.244606Z', null, '98a61f29-18a8-430a-9d02-0f53486e0984', '7601b4d7-a2f2-45cc-99c8-55f61b35e6f3', '00000000-0000-0000-0000-000000000000', null, '01094000'),
('a4de2bc1-81c0-4c1d-8f8b-b40f5ee7c032', False, 'wat', 'WAT', null, ST_GeomFromText('POINT(-73.0547 41.5572)',4326), null, null, '2021-03-08T19:41:33.245184Z', null, '98a61f29-18a8-430a-9d02-0f53486e0984', '7601b4d7-a2f2-45cc-99c8-55f61b35e6f3', '00000000-0000-0000-0000-000000000000', null, '01208171'),
('d8838f8d-d360-46cb-845c-c5897fb9ed45', False, 'ptb', 'PTB', null, ST_GeomFromText('POINT(-71.9597 42.8625)',4326), null, null, '2021-03-08T19:41:33.245747Z', null, '98a61f29-18a8-430a-9d02-0f53486e0984', '7601b4d7-a2f2-45cc-99c8-55f61b35e6f3', '00000000-0000-0000-0000-000000000000', null, '01082000'),
('cb832c4d-e625-4c83-903a-9e9b1ffd5af4', False, 'put', 'PUT', null, ST_GeomFromText('POINT(-71.9131 41.9092)',4326), null, null, '2021-03-08T19:41:33.246283Z', null, '98a61f29-18a8-430a-9d02-0f53486e0984', '7601b4d7-a2f2-45cc-99c8-55f61b35e6f3', '00000000-0000-0000-0000-000000000000', null, '01125500'),
('4f456122-f3cd-4c72-a124-a806b396ee8f', False, 'bar', 'BAR', null, ST_GeomFromText('POINT(-72.1144 42.3803)',4326), null, null, '2021-03-08T19:41:33.246825Z', null, '98a61f29-18a8-430a-9d02-0f53486e0984', '7601b4d7-a2f2-45cc-99c8-55f61b35e6f3', '00000000-0000-0000-0000-000000000000', null, '01173180'),
('c8ddcc69-4834-4621-b48d-c64d52bfc07b', False, 'frn', 'FRN', null, ST_GeomFromText('POINT(-71.6533 43.4225)',4326), null, null, '2021-03-08T19:41:33.247413Z', null, '98a61f29-18a8-430a-9d02-0f53486e0984', '7601b4d7-a2f2-45cc-99c8-55f61b35e6f3', '00000000-0000-0000-0000-000000000000', null, '01081500'),
('cff98845-d6eb-4b98-95fe-6ab991340ff4', False, 'ath', 'ATH', null, ST_GeomFromText('POINT(-72.2391 42.5928)',4326), null, null, '2021-03-08T19:41:33.247993Z', null, '98a61f29-18a8-430a-9d02-0f53486e0984', '7601b4d7-a2f2-45cc-99c8-55f61b35e6f3', '00000000-0000-0000-0000-000000000000', null, null),
('ed4d243e-5277-4707-8a17-443659d26e79', False, 'nbs', 'NBS', null, ST_GeomFromText('POINT(-73.0728 42.079)',4326), null, null, '2021-03-08T19:41:33.248429Z', null, '98a61f29-18a8-430a-9d02-0f53486e0984', '7601b4d7-a2f2-45cc-99c8-55f61b35e6f3', '00000000-0000-0000-0000-000000000000', null, '01185500'),
('877903b5-8bdb-4df7-9eea-5102159f4c8f', False, 'hol', 'HOL', null, ST_GeomFromText('POINT(-72.6089 42.1906)',4326), null, null, '2021-03-08T19:41:33.249019Z', null, '98a61f29-18a8-430a-9d02-0f53486e0984', '7601b4d7-a2f2-45cc-99c8-55f61b35e6f3', '00000000-0000-0000-0000-000000000000', null, '01172010'),
('da8062b8-3875-480e-91ce-218794860ec0', False, 'hun', 'HUN', null, ST_GeomFromText('POINT(-72.8961 42.2372)',4326), null, null, '2021-03-08T19:41:33.249621Z', null, '98a61f29-18a8-430a-9d02-0f53486e0984', '7601b4d7-a2f2-45cc-99c8-55f61b35e6f3', '00000000-0000-0000-0000-000000000000', null, '01181000'),
('3d939d27-2cee-43e9-919a-c490ebbd2db1', False, 'rvt', 'RVT', null, ST_GeomFromText('POINT(-73.0181 41.9628)',4326), null, null, '2021-03-08T19:41:33.250231Z', null, '98a61f29-18a8-430a-9d02-0f53486e0984', '7601b4d7-a2f2-45cc-99c8-55f61b35e6f3', '00000000-0000-0000-0000-000000000000', null, '01186000'),
('530763d9-01dd-49fa-a8ac-a5af2f971294', False, 'dav', 'DAV', null, ST_GeomFromText('POINT(-71.7317 43.2517)',4326), null, null, '2021-03-08T19:41:33.250804Z', null, '98a61f29-18a8-430a-9d02-0f53486e0984', '7601b4d7-a2f2-45cc-99c8-55f61b35e6f3', '00000000-0000-0000-0000-000000000000', null, '01086000'),
('27f192ae-4ba8-466e-b3d8-918c4a00acea', False, 'nbb', 'NBB', null, ST_GeomFromText('POINT(-70.9061 41.6242)',4326), null, null, '2021-03-08T19:41:33.253137Z', null, '98a61f29-18a8-430a-9d02-0f53486e0984', '7601b4d7-a2f2-45cc-99c8-55f61b35e6f3', '00000000-0000-0000-0000-000000000000', null, null),
('a49e5740-1db1-4564-a2d2-c7bcb4fa9c83', False, 'met', 'MET', null, ST_GeomFromText('POINT(-71.2089 42.7431)',4326), null, null, '2021-03-08T19:41:33.254072Z', null, '98a61f29-18a8-430a-9d02-0f53486e0984', '7601b4d7-a2f2-45cc-99c8-55f61b35e6f3', '00000000-0000-0000-0000-000000000000', null, '01100561'),
('4d10bd0f-afb1-4cf1-8daa-b28757b58731', False, 'win', 'WIN', null, ST_GeomFromText('POINT(-72.1156 42.6825)',4326), null, null, '2021-03-08T19:41:33.254659Z', null, '98a61f29-18a8-430a-9d02-0f53486e0984', '7601b4d7-a2f2-45cc-99c8-55f61b35e6f3', '00000000-0000-0000-0000-000000000000', null, '01162500'),
('3bba455b-4a3b-4d7e-987c-f6e89b9f4817', False, 'war', 'WAR', null, ST_GeomFromText('POINT(-72.1694 41.8436)',4326), null, null, '2021-03-08T19:41:33.255185Z', null, '98a61f29-18a8-430a-9d02-0f53486e0984', '7601b4d7-a2f2-45cc-99c8-55f61b35e6f3', '00000000-0000-0000-0000-000000000000', null, '01121000'),
('0cd55a61-8fbe-4bdf-b2d3-ce828c5f79e0', False, 'erv', 'ERV', null, ST_GeomFromText('POINT(-72.4386 42.5975)',4326), null, null, '2021-03-08T19:41:33.255764Z', null, '98a61f29-18a8-430a-9d02-0f53486e0984', '7601b4d7-a2f2-45cc-99c8-55f61b35e6f3', '00000000-0000-0000-0000-000000000000', null, '01166500'),
('a537df19-b26c-4c12-92fa-8e1b04914301', False, 'lin', 'LIN', null, ST_GeomFromText('POINT(-71.6603 44.0475)',4326), null, null, '2021-03-08T19:41:33.256137Z', null, '98a61f29-18a8-430a-9d02-0f53486e0984', '7601b4d7-a2f2-45cc-99c8-55f61b35e6f3', '00000000-0000-0000-0000-000000000000', null, '01074520'),
('93358fb8-1751-493d-b7af-2dba3a50817f', False, 'swy', 'SWY', null, ST_GeomFromText('POINT(-72.3281 42.8717)',4326), null, null, '2021-03-08T19:41:33.256464Z', null, '98a61f29-18a8-430a-9d02-0f53486e0984', '7601b4d7-a2f2-45cc-99c8-55f61b35e6f3', '00000000-0000-0000-0000-000000000000', null, '01160350'),
('28705721-77a2-413d-b189-51e727bb9614', False, 'sbd', 'SBD', null, ST_GeomFromText('POINT(-73.1 41.9031)',4326), null, null, '2021-03-08T19:41:33.256756Z', null, '98a61f29-18a8-430a-9d02-0f53486e0984', '7601b4d7-a2f2-45cc-99c8-55f61b35e6f3', '00000000-0000-0000-0000-000000000000', null, null),
('37de6afd-08b7-4bf5-a3fd-5a9ee0575664', False, 'ccc', 'CCC', null, ST_GeomFromText('POINT(-70.5903 41.7486)',4326), null, null, '2021-03-08T19:41:33.257065Z', null, '98a61f29-18a8-430a-9d02-0f53486e0984', '7601b4d7-a2f2-45cc-99c8-55f61b35e6f3', '00000000-0000-0000-0000-000000000000', null, null),
('a70157ad-7568-40ff-a5ff-3a9059dd3999', False, 'cha', 'CHA', null, ST_GeomFromText('POINT(-72.1067 41.8158)',4326), null, null, '2021-03-08T19:41:33.257408Z', null, '98a61f29-18a8-430a-9d02-0f53486e0984', '7601b4d7-a2f2-45cc-99c8-55f61b35e6f3', '00000000-0000-0000-0000-000000000000', null, '01120790'),
('f5e0a98a-541f-42f9-8366-92939535ea02', False, 'clo', 'CLO', null, ST_GeomFromText('POINT(-71.3025 42.6367)',4326), null, null, '2021-03-08T19:41:33.257733Z', null, '98a61f29-18a8-430a-9d02-0f53486e0984', '7601b4d7-a2f2-45cc-99c8-55f61b35e6f3', '00000000-0000-0000-0000-000000000000', null, '01099500'),
('57bcaa31-0d89-4041-9d33-471e606aa44f', False, 'cov', 'COV', null, ST_GeomFromText('POINT(-72.2661 41.7506)',4326), null, null, '2021-03-08T19:41:33.258057Z', null, '98a61f29-18a8-430a-9d02-0f53486e0984', '7601b4d7-a2f2-45cc-99c8-55f61b35e6f3', '00000000-0000-0000-0000-000000000000', null, '01119500'),
('ce09a25f-3018-4bd4-9138-a36622bc7859', False, 'fen', 'FEN', null, ST_GeomFromText('POINT(-72.2433 41.8333)',4326), null, null, '2021-03-08T19:41:33.259030Z', null, '98a61f29-18a8-430a-9d02-0f53486e0984', '7601b4d7-a2f2-45cc-99c8-55f61b35e6f3', '00000000-0000-0000-0000-000000000000', null, '01121330'),
('9db49d0c-7e1a-4ce5-97c1-6c5e3c068e3d', False, 'hav', 'HAV', null, ST_GeomFromText('POINT(-71.0831 42.7728)',4326), null, null, '2021-03-08T19:41:33.259451Z', null, '98a61f29-18a8-430a-9d02-0f53486e0984', '7601b4d7-a2f2-45cc-99c8-55f61b35e6f3', '00000000-0000-0000-0000-000000000000', null, '01100693'),
('edfd48f9-27de-4cd7-80e5-7d7dc5560551', False, 'hin', 'HIN', null, ST_GeomFromText('POINT(-72.4867 42.7858)',4326), null, null, '2021-03-08T19:41:33.259791Z', null, '98a61f29-18a8-430a-9d02-0f53486e0984', '7601b4d7-a2f2-45cc-99c8-55f61b35e6f3', '00000000-0000-0000-0000-000000000000', null, '01161000'),
('affd94dd-3d0f-4eee-ae6a-2d0fe36c7fd1', False, 'lon', 'LON', null, ST_GeomFromText('POINT(-72.7972 43.1568)',4326), null, null, '2021-03-08T19:41:33.260257Z', null, '98a61f29-18a8-430a-9d02-0f53486e0984', '7601b4d7-a2f2-45cc-99c8-55f61b35e6f3', '00000000-0000-0000-0000-000000000000', null, null),
('b762b187-d886-4edf-83e1-6a1a26996c0c', False, 'mil', 'MIL', null, ST_GeomFromText('POINT(-71.7656 42.1889)',4326), null, null, '2021-03-08T19:41:33.260523Z', null, '98a61f29-18a8-430a-9d02-0f53486e0984', '7601b4d7-a2f2-45cc-99c8-55f61b35e6f3', '00000000-0000-0000-0000-000000000000', null, '01109730'),
('d0380d12-1265-49a8-8d68-78655951ca54', False, 'nbf', 'NBF', null, ST_GeomFromText('POINT(-72.0261 42.4278)',4326), null, null, '2021-03-08T19:41:33.260830Z', null, '98a61f29-18a8-430a-9d02-0f53486e0984', '7601b4d7-a2f2-45cc-99c8-55f61b35e6f3', '00000000-0000-0000-0000-000000000000', null, null),
('dcdafb50-2824-405a-8a66-c3569ea2e5ce', False, 'nuv', 'NUV', null, ST_GeomFromText('POINT(0.0 0.0)',4326), null, null, '2021-03-08T19:41:33.261077Z', null, '98a61f29-18a8-430a-9d02-0f53486e0984', '7601b4d7-a2f2-45cc-99c8-55f61b35e6f3', '00000000-0000-0000-0000-000000000000', null, null),
('31b1b10b-4eab-4769-ab4a-cdc4d698778b', False, 'uxb', 'UXB', null, ST_GeomFromText('POINT(-71.6169 42.0547)',4326), null, null, '2021-03-08T19:41:33.261356Z', null, '98a61f29-18a8-430a-9d02-0f53486e0984', '7601b4d7-a2f2-45cc-99c8-55f61b35e6f3', '00000000-0000-0000-0000-000000000000', null, '01111212'),
('c8f24c59-6b40-482b-94ec-044b547a6b64', False, 'col', 'COL', null, ST_GeomFromText('POINT(-146.8339 61.2225)',4326), null, null, '2021-03-08T19:41:33.262394Z', null, '98a61f29-18a8-430a-9d02-0f53486e0984', '7601b4d7-a2f2-45cc-99c8-55f61b35e6f3', '00000000-0000-0000-0000-000000000000', null, null),
('cea35093-cf14-4565-ab5c-8be0c3ebccdc', False, 'pep', 'PEP', null, ST_GeomFromText('POINT(-71.5753 42.6672)',4326), null, null, '2021-03-08T19:41:33.263374Z', null, '98a61f29-18a8-430a-9d02-0f53486e0984', '7601b4d7-a2f2-45cc-99c8-55f61b35e6f3', '00000000-0000-0000-0000-000000000000', null, '01096500'),
('b59a72c7-aac0-4872-a6a1-54328d167634', False, 'wbr', 'WBR', null, ST_GeomFromText('POINT(-72.7594 43.6222)',4326), null, null, '2021-03-08T19:41:33.263900Z', null, '98a61f29-18a8-430a-9d02-0f53486e0984', '7601b4d7-a2f2-45cc-99c8-55f61b35e6f3', '00000000-0000-0000-0000-000000000000', null, '01150900'),
('4e7b8e3f-1df3-4e07-9baf-6ebec1bf0c57', False, 'wmt', 'WMT', null, ST_GeomFromText('POINT(-71.2153 42.5681)',4326), null, null, '2021-03-08T19:41:33.264120Z', null, '98a61f29-18a8-430a-9d02-0f53486e0984', '7601b4d7-a2f2-45cc-99c8-55f61b35e6f3', '00000000-0000-0000-0000-000000000000', null, '01100600'),
('aae9d540-b8a7-416a-936a-b9145468b21e', False, 'pfp', 'PFP', null, ST_GeomFromText('POINT(0.0 0.0)',4326), null, null, '2021-03-08T19:41:33.264444Z', null, '98a61f29-18a8-430a-9d02-0f53486e0984', '7601b4d7-a2f2-45cc-99c8-55f61b35e6f3', '00000000-0000-0000-0000-000000000000', null, null),
('87ce5712-fd02-4f08-a1d0-0687360bdfcc', False, 'wol', 'WOL', null, ST_GeomFromText('POINT(-148.9061 60.4094)',4326), null, null, '2021-03-08T19:41:33.265461Z', null, '98a61f29-18a8-430a-9d02-0f53486e0984', '7601b4d7-a2f2-45cc-99c8-55f61b35e6f3', '00000000-0000-0000-0000-000000000000', null, '15236895'),
('abe0ba5f-6269-4809-b6a9-ca3ba93019fc', False, 'snd', 'SND', null, ST_GeomFromText('POINT(-70.5053 41.7719)',4326), null, null, '2021-03-08T19:41:33.266605Z', null, '98a61f29-18a8-430a-9d02-0f53486e0984', '7601b4d7-a2f2-45cc-99c8-55f61b35e6f3', '00000000-0000-0000-0000-000000000000', null, null),
('aa6847d8-b1a5-452b-9db8-c2bb8300c8cc', False, 'wng', 'WNG', null, ST_GeomFromText('POINT(-70.6614 41.6806)',4326), null, null, '2021-03-08T19:41:33.267273Z', null, '98a61f29-18a8-430a-9d02-0f53486e0984', '7601b4d7-a2f2-45cc-99c8-55f61b35e6f3', '00000000-0000-0000-0000-000000000000', null, null),
('f9b3916a-9991-4832-b56a-ceb4f12b52c2', False, 'was', 'WAS', null, ST_GeomFromText('POINT(-68.1572 46.7772)',4326), null, null, '2021-03-08T19:41:33.268015Z', null, '98a61f29-18a8-430a-9d02-0f53486e0984', '7601b4d7-a2f2-45cc-99c8-55f61b35e6f3', '00000000-0000-0000-0000-000000000000', null, '01017000'),
('722c001d-8b7e-47d6-b953-851485df8100', False, 'ebn', 'EBN', null, ST_GeomFromText('POINT(-70.9786 42.2208)',4326), null, null, '2021-03-08T19:41:33.268286Z', null, '98a61f29-18a8-430a-9d02-0f53486e0984', '7601b4d7-a2f2-45cc-99c8-55f61b35e6f3', '00000000-0000-0000-0000-000000000000', null, '01105583'),
('d998e68b-1a29-42e0-8158-14c979dd2507', False, 'wal', 'WAL', null, ST_GeomFromText('POINT(-72.8414 41.4494)',4326), null, null, '2021-03-08T19:41:33.268509Z', null, '98a61f29-18a8-430a-9d02-0f53486e0984', '7601b4d7-a2f2-45cc-99c8-55f61b35e6f3', '00000000-0000-0000-0000-000000000000', null, '01196500'),
('2e286a65-85d0-4115-b298-98f325a06847', False, 'can', 'CAN', null, ST_GeomFromText('POINT(-71.1464 42.1544)',4326), null, null, '2021-03-08T19:41:33.268841Z', null, '98a61f29-18a8-430a-9d02-0f53486e0984', '7601b4d7-a2f2-45cc-99c8-55f61b35e6f3', '00000000-0000-0000-0000-000000000000', null, '01105500'),
('53422e2b-0fe4-4c4e-8c1d-12a82e849ec9', False, 'wbf', 'WBF', null, ST_GeomFromText('POINT(-72.2642 42.1822)',4326), null, null, '2021-03-08T19:41:33.269047Z', null, '98a61f29-18a8-430a-9d02-0f53486e0984', '7601b4d7-a2f2-45cc-99c8-55f61b35e6f3', '00000000-0000-0000-0000-000000000000', null, '01176000'),
('10a32c15-f8c1-4e47-9e49-bbe059d5c007', False, 'otr', 'OTR', null, ST_GeomFromText('POINT(-72.0414 42.5883)',4326), null, null, '2021-03-08T19:41:33.269380Z', null, '98a61f29-18a8-430a-9d02-0f53486e0984', '7601b4d7-a2f2-45cc-99c8-55f61b35e6f3', '00000000-0000-0000-0000-000000000000', null, '01163200'),
('58c0dd1f-9042-4609-8ed7-2741c9198718', False, 'nhp', 'NHP', null, ST_GeomFromText('POINT(-72.6656 42.3189)',4326), null, null, '2021-03-08T19:41:33.269590Z', null, '98a61f29-18a8-430a-9d02-0f53486e0984', '7601b4d7-a2f2-45cc-99c8-55f61b35e6f3', '00000000-0000-0000-0000-000000000000', null, '01171500'),
('ffcf2405-0279-47dc-9d67-515687eba5f6', False, 'sax', 'SAX', null, ST_GeomFromText('POINT(-71.3981 42.3253)',4326), null, null, '2021-03-08T19:41:33.269916Z', null, '98a61f29-18a8-430a-9d02-0f53486e0984', '7601b4d7-a2f2-45cc-99c8-55f61b35e6f3', '00000000-0000-0000-0000-000000000000', null, '01098530'),
('1a02dbd5-7967-43cb-aa77-effb6aa209e7', False, 'edd', 'EDD', null, ST_GeomFromText('POINT(-68.6967 44.8267)',4326), null, null, '2021-03-08T19:41:33.270129Z', null, '98a61f29-18a8-430a-9d02-0f53486e0984', '7601b4d7-a2f2-45cc-99c8-55f61b35e6f3', '00000000-0000-0000-0000-000000000000', null, '01036390'),
('a1e96fc0-0e78-4705-bb8e-6c46ad0b6d6a', False, 'fkt', 'FKT', null, ST_GeomFromText('POINT(-68.5958 47.2581)',4326), null, null, '2021-03-08T19:41:33.270340Z', null, '98a61f29-18a8-430a-9d02-0f53486e0984', '7601b4d7-a2f2-45cc-99c8-55f61b35e6f3', '00000000-0000-0000-0000-000000000000', null, '01014000'),
('818e9a87-163a-4831-a0fd-a4001e0165e2', False, 'roc', 'ROC', null, ST_GeomFromText('POINT(-70.9742 43.2683)',4326), null, null, '2021-03-08T19:41:33.270547Z', null, '98a61f29-18a8-430a-9d02-0f53486e0984', '7601b4d7-a2f2-45cc-99c8-55f61b35e6f3', '00000000-0000-0000-0000-000000000000', null, '01072800'),
('877eab1c-2669-4e27-aa2b-5f28f710eef2', False, 'lp1', 'LP1', null, ST_GeomFromText('POINT(0.0 0.0)',4326), null, null, '2021-03-08T19:41:33.270918Z', null, '98a61f29-18a8-430a-9d02-0f53486e0984', '7601b4d7-a2f2-45cc-99c8-55f61b35e6f3', '00000000-0000-0000-0000-000000000000', null, null),
('e5ac7c93-50af-43c3-b62a-dca3a6c2444c', False, 'bcn', 'BCN', null, ST_GeomFromText('POINT(-73.0631 41.4419)',4326), null, null, '2021-03-08T19:41:33.273925Z', null, '98a61f29-18a8-430a-9d02-0f53486e0984', '7601b4d7-a2f2-45cc-99c8-55f61b35e6f3', '00000000-0000-0000-0000-000000000000', null, '01208500'),
('ae976bb1-dc1a-4ed7-93fb-6f58e4f854e0', False, 'gil', 'GIL', null, ST_GeomFromText('POINT(-72.2706 43.0392)',4326), null, null, '2021-03-08T19:41:33.274459Z', null, '98a61f29-18a8-430a-9d02-0f53486e0984', '7601b4d7-a2f2-45cc-99c8-55f61b35e6f3', '00000000-0000-0000-0000-000000000000', null, '01157000'),
('759d8ecd-798e-4227-8911-8b168e6934c3', False, 'mal', 'MAL', null, ST_GeomFromText('POINT(-72.2192 42.9101)',4326), null, null, '2021-03-08T19:41:33.274845Z', null, '98a61f29-18a8-430a-9d02-0f53486e0984', '7601b4d7-a2f2-45cc-99c8-55f61b35e6f3', '00000000-0000-0000-0000-000000000000', null, null),
('057c05ee-d15c-4ed2-af84-a407617f545d', False, 'qbq', 'QBQ', null, ST_GeomFromText('POINT(-71.9561 42.0222)',4326), null, null, '2021-03-08T19:41:33.275173Z', null, '98a61f29-18a8-430a-9d02-0f53486e0984', '7601b4d7-a2f2-45cc-99c8-55f61b35e6f3', '00000000-0000-0000-0000-000000000000', null, '01124000'),
('4f64435a-b798-4a80-bbce-53ea32981750', False, 'fpb', 'FPB', null, ST_GeomFromText('POINT(-71.4003 41.8008)',4326), null, null, '2021-03-08T19:41:33.275555Z', null, '98a61f29-18a8-430a-9d02-0f53486e0984', '7601b4d7-a2f2-45cc-99c8-55f61b35e6f3', '00000000-0000-0000-0000-000000000000', null, null),
('36bc37e0-eca1-4cf9-a27c-1d18109dc581', False, 'shb', 'SHB', null, ST_GeomFromText('POINT(-73.5344 41.0369)',4326), null, null, '2021-03-08T19:41:33.276507Z', null, '98a61f29-18a8-430a-9d02-0f53486e0984', '7601b4d7-a2f2-45cc-99c8-55f61b35e6f3', '00000000-0000-0000-0000-000000000000', null, '01209788'),
('4eb76cd9-8191-4c11-a006-25a2765b6738', False, 'wfd', 'WFD', null, ST_GeomFromText('POINT(-71.5181 41.9994)',4326), null, null, '2021-03-08T19:41:33.277676Z', null, '98a61f29-18a8-430a-9d02-0f53486e0984', '7601b4d7-a2f2-45cc-99c8-55f61b35e6f3', '00000000-0000-0000-0000-000000000000', null, null),
('ca33744c-9ca9-430e-a10b-326e238ecd5b', False, 'mcy', 'MCY', null, ST_GeomFromText('POINT(-72.5744 42.5802)',4326), null, null, '2021-03-08T19:41:33.278012Z', null, '98a61f29-18a8-430a-9d02-0f53486e0984', '7601b4d7-a2f2-45cc-99c8-55f61b35e6f3', '00000000-0000-0000-0000-000000000000', null, '01170500'),
('af134ab4-ed49-44e4-86ca-944542345210', False, 'ead', 'EAD', null, ST_GeomFromText('POINT(-73.1206 41.8364)',4326), null, null, '2021-03-08T19:41:33.278365Z', null, '98a61f29-18a8-430a-9d02-0f53486e0984', '7601b4d7-a2f2-45cc-99c8-55f61b35e6f3', '00000000-0000-0000-0000-000000000000', null, '01205650'),
('e58e32cf-3c39-42af-a068-abb5c71db22c', False, 'for', 'FOR', null, ST_GeomFromText('POINT(-71.5631 41.9964)',4326), null, null, '2021-03-08T19:41:33.278732Z', null, '98a61f29-18a8-430a-9d02-0f53486e0984', '7601b4d7-a2f2-45cc-99c8-55f61b35e6f3', '00000000-0000-0000-0000-000000000000', null, '01111500'),
('206e4912-6187-4ca0-b278-6ba8d0156664', False, 'gul', 'GUL', null, ST_GeomFromText('POINT(-145.4147 63.2764)',4326), null, null, '2021-03-08T19:41:33.278989Z', null, '98a61f29-18a8-430a-9d02-0f53486e0984', '7601b4d7-a2f2-45cc-99c8-55f61b35e6f3', '00000000-0000-0000-0000-000000000000', null, '15478038'),
('830af55a-4fbf-4556-acc6-162ed629cbf4', False, 'lp2', 'LP2', null, ST_GeomFromText('POINT(0.0 0.0)',4326), null, null, '2021-03-08T19:41:33.280660Z', null, '98a61f29-18a8-430a-9d02-0f53486e0984', '7601b4d7-a2f2-45cc-99c8-55f61b35e6f3', '00000000-0000-0000-0000-000000000000', null, null),
('0d4e5339-4141-43c9-acfb-deb3133633c0', False, 'cen', 'CEN', null, ST_GeomFromText('POINT(-71.4878 41.8589)',4326), null, null, '2021-03-08T19:41:33.283974Z', null, '98a61f29-18a8-430a-9d02-0f53486e0984', '7601b4d7-a2f2-45cc-99c8-55f61b35e6f3', '00000000-0000-0000-0000-000000000000', null, '01114500'),
('69c2e36d-6a02-4aca-ad75-0702763479ad', False, 'pro', 'PRO', null, ST_GeomFromText('POINT(-71.4117 41.8339)',4326), null, null, '2021-03-08T19:41:33.284469Z', null, '98a61f29-18a8-430a-9d02-0f53486e0984', '7601b4d7-a2f2-45cc-99c8-55f61b35e6f3', '00000000-0000-0000-0000-000000000000', null, '01114000'),
('eb844d9c-11d9-43ba-880a-1833a0b9fde5', False, 'roy', 'ROY', null, ST_GeomFromText('POINT(-72.1507 42.6297)',4326), null, null, '2021-03-08T19:41:33.284739Z', null, '98a61f29-18a8-430a-9d02-0f53486e0984', '7601b4d7-a2f2-45cc-99c8-55f61b35e6f3', '00000000-0000-0000-0000-000000000000', null, '01164000'),
('1cec4fa0-84f1-40d0-8943-87c9ebc563b9', False, 'helnorth', 'HELNORTH', null, ST_GeomFromText('POINT(-38.2 66.4)',4326), null, null, '2021-03-08T19:41:33.285193Z', null, '98a61f29-18a8-430a-9d02-0f53486e0984', '7601b4d7-a2f2-45cc-99c8-55f61b35e6f3', '00000000-0000-0000-0000-000000000000', null, null),
('d57e939f-855d-4ec1-9014-8d9b30e7bf4c', False, 'nas', 'NAS', null, ST_GeomFromText('POINT(-71.45 42.7667)',4326), null, null, '2021-03-08T19:41:33.288788Z', null, '98a61f29-18a8-430a-9d02-0f53486e0984', '7601b4d7-a2f2-45cc-99c8-55f61b35e6f3', '00000000-0000-0000-0000-000000000000', null, null),
('d0fcdb8a-7883-4cb0-a1db-430fe450e50e', False, 'cor', 'COR', null, ST_GeomFromText('POINT(-145.2714 60.6671)',4326), null, null, '2021-03-08T19:41:33.289439Z', null, '98a61f29-18a8-430a-9d02-0f53486e0984', '7601b4d7-a2f2-45cc-99c8-55f61b35e6f3', '00000000-0000-0000-0000-000000000000', null, null),
('1f5631fa-109f-4a38-957e-81d96259b96e', False, 'val', 'VAL', null, ST_GeomFromText('POINT(-146.1717 61.1772)',4326), null, null, '2021-03-08T19:41:33.290458Z', null, '98a61f29-18a8-430a-9d02-0f53486e0984', '7601b4d7-a2f2-45cc-99c8-55f61b35e6f3', '00000000-0000-0000-0000-000000000000', null, null),
('dc6efaeb-b255-4a78-8ccc-21863951f4f9', False, 'rob', 'ROB', null, ST_GeomFromText('POINT(-73.0334 41.9679)',4326), null, null, '2021-03-08T19:41:33.291574Z', null, '98a61f29-18a8-430a-9d02-0f53486e0984', '7601b4d7-a2f2-45cc-99c8-55f61b35e6f3', '00000000-0000-0000-0000-000000000000', null, '01186500'),
('444b4886-4795-4747-a028-d96815c16503', False, 'wch', 'WCH', null, ST_GeomFromText('POINT(-72.0839 42.6842)',4326), null, null, '2021-03-08T19:41:33.291947Z', null, '98a61f29-18a8-430a-9d02-0f53486e0984', '7601b4d7-a2f2-45cc-99c8-55f61b35e6f3', '00000000-0000-0000-0000-000000000000', null, '01162000'),
('a627f52e-033e-46cf-89cb-37e5388ffbe7', False, 'sid', 'SID', null, ST_GeomFromText('POINT(-69.6839 44.4722)',4326), null, null, '2021-03-08T19:41:33.292180Z', null, '98a61f29-18a8-430a-9d02-0f53486e0984', '7601b4d7-a2f2-45cc-99c8-55f61b35e6f3', '00000000-0000-0000-0000-000000000000', null, '01049265'),
('9d2137c7-6b46-4ef8-9f12-8acb24c363ec', False, 'pas', 'PAS', null, ST_GeomFromText('POINT(-72.0397 44.3656)',4326), null, null, '2021-03-08T19:41:33.292386Z', null, '98a61f29-18a8-430a-9d02-0f53486e0984', '7601b4d7-a2f2-45cc-99c8-55f61b35e6f3', '00000000-0000-0000-0000-000000000000', null, '01135500'),
('f37e1138-8ad7-4893-bf3f-9d6a0759ae62', False, 'wwa', 'WWA', null, ST_GeomFromText('POINT(-72.3331 42.2678)',4326), null, null, '2021-03-08T19:41:33.292697Z', null, '98a61f29-18a8-430a-9d02-0f53486e0984', '7601b4d7-a2f2-45cc-99c8-55f61b35e6f3', '00000000-0000-0000-0000-000000000000', null, '01175500'),
('e803b8c8-f6c9-435b-965e-8db47572b8d5', False, 'ess', 'ESS', null, ST_GeomFromText('POINT(-72.3844 41.3514)',4326), null, null, '2021-03-08T19:41:33.292903Z', null, '98a61f29-18a8-430a-9d02-0f53486e0984', '7601b4d7-a2f2-45cc-99c8-55f61b35e6f3', '00000000-0000-0000-0000-000000000000', null, '01194750'),
('e20eac2b-67fe-4d52-9877-a0513c5f685b', False, 'wts', 'WTS', null, ST_GeomFromText('POINT(-50.6704 67.0054)',4326), null, null, '2021-03-08T19:41:33.293147Z', null, '98a61f29-18a8-430a-9d02-0f53486e0984', '7601b4d7-a2f2-45cc-99c8-55f61b35e6f3', '00000000-0000-0000-0000-000000000000', null, null),
('b0190dc8-60af-4b8f-9ef4-17f464b38f5b', False, 'rcc', 'RCC', null, ST_GeomFromText('POINT(-71.302 42.4635)',4326), null, null, '2021-03-08T19:41:33.293556Z', null, '98a61f29-18a8-430a-9d02-0f53486e0984', '7601b4d7-a2f2-45cc-99c8-55f61b35e6f3', '00000000-0000-0000-0000-000000000000', null, null),
('8548004f-8044-48be-a44c-048fe074ec3f', False, 'hel', 'HEL', null, ST_GeomFromText('POINT(-38.0 66.4)',4326), null, null, '2021-03-08T19:41:33.293789Z', null, '98a61f29-18a8-430a-9d02-0f53486e0984', '7601b4d7-a2f2-45cc-99c8-55f61b35e6f3', '00000000-0000-0000-0000-000000000000', null, null),
('3e40ee6b-40a3-49d2-b0e3-14e5c98c3356', False, 'nhd', 'NHD', null, ST_GeomFromText('POINT(-72.3609 43.6044)',4326), null, null, '2021-03-08T19:41:33.295138Z', null, '98a61f29-18a8-430a-9d02-0f53486e0984', '7601b4d7-a2f2-45cc-99c8-55f61b35e6f3', '00000000-0000-0000-0000-000000000000', null, '01151400'),
('2518f4e9-b3aa-403c-ba85-20ceaab7ef94', False, 'nli', 'NLI', null, ST_GeomFromText('POINT(-71.6725 44.0425)',4326), null, null, '2021-03-08T19:41:33.297649Z', null, '98a61f29-18a8-430a-9d02-0f53486e0984', '7601b4d7-a2f2-45cc-99c8-55f61b35e6f3', '00000000-0000-0000-0000-000000000000', null, null),
('fc79f6f9-13e3-416e-81d2-3978a5ea1d14', False, 'helsouth', 'HELSOUTH', null, ST_GeomFromText('POINT(-38.2 66.4)',4326), null, null, '2021-03-08T19:41:33.298004Z', null, '98a61f29-18a8-430a-9d02-0f53486e0984', '7601b4d7-a2f2-45cc-99c8-55f61b35e6f3', '00000000-0000-0000-0000-000000000000', null, null),
('b28f4eea-d72f-4336-ba86-65c793d25112', False, 'ing', 'ING', null, ST_GeomFromText('POINT(0.0 0.0)',4326), null, null, '2021-03-08T19:41:33.301464Z', null, '98a61f29-18a8-430a-9d02-0f53486e0984', '7601b4d7-a2f2-45cc-99c8-55f61b35e6f3', '00000000-0000-0000-0000-000000000000', null, null),
('6956c85c-34b9-413f-9ee9-daeaa097dffe', False, 'atlas-crrel', 'Atlas-CRREL', null, ST_GeomFromText('POINT(0.0 0.0)',4326), null, null, '2021-03-08T19:41:33.302828Z', null, '98a61f29-18a8-430a-9d02-0f53486e0984', '7601b4d7-a2f2-45cc-99c8-55f61b35e6f3', '00000000-0000-0000-0000-000000000000', null, null),
('f706775b-f8a7-4c15-9ab2-0f57d393cf4e', False, 'fit', 'FIT', null, ST_GeomFromText('POINT(-71.7886 42.5761)',4326), null, null, '2021-03-08T19:41:33.307059Z', null, '98a61f29-18a8-430a-9d02-0f53486e0984', '7601b4d7-a2f2-45cc-99c8-55f61b35e6f3', '00000000-0000-0000-0000-000000000000', null, '01094400'),
('967aa515-bcdc-47b9-a649-ae78524a2387', False, 'crrelobllasertestsite', 'CRRELOblLaserTestSite', null, ST_GeomFromText('POINT(0.0 0.0)',4326), null, null, '2021-03-08T19:41:33.307333Z', null, '98a61f29-18a8-430a-9d02-0f53486e0984', '7601b4d7-a2f2-45cc-99c8-55f61b35e6f3', '00000000-0000-0000-0000-000000000000', null, null),
('9eea0cba-d470-4d37-8cb8-3f4f12f001b6', False, 'thl', 'THL', null, ST_GeomFromText('POINT(-69.2285 77.467)',4326), null, null, '2021-03-08T19:41:33.308519Z', null, '98a61f29-18a8-430a-9d02-0f53486e0984', '7601b4d7-a2f2-45cc-99c8-55f61b35e6f3', '00000000-0000-0000-0000-000000000000', null, null);

--INSERT INSTRUMENT STATUS--
INSERT INTO public.instrument_status(id, instrument_id, status_id, "time")
 VALUES 
('730bbbb1-99cd-4051-8ca1-333e43f804df', '3b4e1f2c-381e-44bd-9945-3c7cc3e6def4', 'e26ba2ef-9b52-4c71-97df-9e4b6cf4174d', '2021-03-08T19:41:33.103381Z'),
('c836eafc-44e6-43d1-a26f-7b10efedc088', '2f525323-e8d1-4e94-a9ee-d06731c29568', 'e26ba2ef-9b52-4c71-97df-9e4b6cf4174d', '2021-03-08T19:41:33.104599Z'),
('9e14634c-9f16-44bc-b555-495d113cbcfa', 'ba7f146c-ade1-4c0c-b5e2-9a9e85c7d82d', 'e26ba2ef-9b52-4c71-97df-9e4b6cf4174d', '2021-03-08T19:41:33.105937Z'),
('182b300c-3a00-4cc1-a1fb-a4f05d18838d', 'a16dc8f6-009e-42d1-ad4e-95c3d2ea2673', 'e26ba2ef-9b52-4c71-97df-9e4b6cf4174d', '2021-03-08T19:41:33.107779Z'),
('9e27a1a5-8da3-446d-8d7b-c28e48ec3b4a', '96945d06-8d27-4d10-b652-a8f2e51f2557', 'e26ba2ef-9b52-4c71-97df-9e4b6cf4174d', '2021-03-08T19:41:33.108627Z'),
('98dcd3b6-6d32-41ce-acf4-fa00a444b676', '0827aea6-82b2-4525-b257-d06eb6489296', 'e26ba2ef-9b52-4c71-97df-9e4b6cf4174d', '2021-03-08T19:41:33.110433Z'),
('f0ffbea8-9f8e-42c0-ab1a-8b4f1a295c60', '7bc1bd4a-44a3-4105-88d2-338c282a3cbf', 'e26ba2ef-9b52-4c71-97df-9e4b6cf4174d', '2021-03-08T19:41:33.112919Z'),
('fcc866a2-bc33-46b2-b4b9-5f3cd37c9ab0', 'e77fd949-af05-45f1-baa7-0e045302ab2e', 'e26ba2ef-9b52-4c71-97df-9e4b6cf4174d', '2021-03-08T19:41:33.113196Z'),
('150530f9-6072-476b-9594-d6cc4aa153b5', '9be6949e-5129-4be7-b924-6b3612b5db34', 'e26ba2ef-9b52-4c71-97df-9e4b6cf4174d', '2021-03-08T19:41:33.113418Z'),
('dbe8063d-b49a-47c4-9f54-2dafcc4d387d', '2d8e0e00-a43c-456c-9b00-7647e2e3ac89', 'e26ba2ef-9b52-4c71-97df-9e4b6cf4174d', '2021-03-08T19:41:33.115008Z'),
('1e082fd9-6895-4592-b178-ee5d2f09ba31', '00f9733d-07d0-4e28-ae35-26c01366aaaf', 'e26ba2ef-9b52-4c71-97df-9e4b6cf4174d', '2021-03-08T19:41:33.115825Z'),
('cee2f07d-4778-41ad-b7e3-1b00344e6d76', '8578af90-d100-44da-85ae-3a49d8d128fe', 'e26ba2ef-9b52-4c71-97df-9e4b6cf4174d', '2021-03-08T19:41:33.118417Z'),
('1bb40935-d14b-4e1f-b967-2f921852aac4', '94911500-32be-4460-8b45-a0205172669c', 'e26ba2ef-9b52-4c71-97df-9e4b6cf4174d', '2021-03-08T19:41:33.120916Z'),
('d433739b-69eb-402d-afe7-0717956930ac', 'cb8de53b-f044-4771-ac3b-1d996af38c16', 'e26ba2ef-9b52-4c71-97df-9e4b6cf4174d', '2021-03-08T19:41:33.123987Z'),
('9dc50452-9a86-47b7-aef6-296deadeb50e', '1a687a2d-4995-4dae-90b9-6c20a167cfe4', 'e26ba2ef-9b52-4c71-97df-9e4b6cf4174d', '2021-03-08T19:41:33.126815Z'),
('d827b608-020d-480e-9aa8-908d1c2dcc26', '136cb9e0-3b46-43be-8182-e5e729db3a55', 'e26ba2ef-9b52-4c71-97df-9e4b6cf4174d', '2021-03-08T19:41:33.129623Z'),
('dd6c5013-cf13-4baa-9c18-6fa7e7c7d8a6', '1a127876-f15b-4d84-a547-63ce43e68012', 'e26ba2ef-9b52-4c71-97df-9e4b6cf4174d', '2021-03-08T19:41:33.133334Z'),
('d261fad2-c6f5-47bb-8add-5962f80fb2e9', '0ca2fc25-32a2-4cd6-9207-d2e988ec122d', 'e26ba2ef-9b52-4c71-97df-9e4b6cf4174d', '2021-03-08T19:41:33.136126Z'),
('7f1e4a73-d3e5-484f-b393-79ce6b52b8bc', '818b694f-feec-43cc-98d0-4aa8397616bf', 'e26ba2ef-9b52-4c71-97df-9e4b6cf4174d', '2021-03-08T19:41:33.137885Z'),
('4a89218c-ac43-453f-a23e-7baa7d85e84f', 'b42a6ac5-9c15-4851-8519-d4074580c794', 'e26ba2ef-9b52-4c71-97df-9e4b6cf4174d', '2021-03-08T19:41:33.139785Z'),
('a5cd51b0-4996-45c0-be4e-a2c5292c5c98', 'bf4dc42b-f317-41e7-b27e-0efc2f90a176', 'e26ba2ef-9b52-4c71-97df-9e4b6cf4174d', '2021-03-08T19:41:33.143029Z'),
('695e5cb3-9adf-4007-b28b-50537cc573f7', '593d9f2d-0ed0-4899-81f0-1408e4e4fd18', 'e26ba2ef-9b52-4c71-97df-9e4b6cf4174d', '2021-03-08T19:41:33.146646Z'),
('76490015-7a1e-4091-a0a8-d0298c8df3aa', '9eeca841-ee77-4824-84bd-f0a9d97fdda7', 'e26ba2ef-9b52-4c71-97df-9e4b6cf4174d', '2021-03-08T19:41:33.148734Z'),
('003e96bf-6f06-40d0-a5c0-17a7317bcabb', 'df4c0585-fbbf-422c-a1ba-988c9629f5e6', 'e26ba2ef-9b52-4c71-97df-9e4b6cf4174d', '2021-03-08T19:41:33.152268Z'),
('24592b6c-77e4-4d12-ae24-0bf7ca859181', '75c56d48-5840-4740-961d-453bd3f40987', 'e26ba2ef-9b52-4c71-97df-9e4b6cf4174d', '2021-03-08T19:41:33.153995Z'),
('f0e2d5bb-e4c9-4bc4-942b-409dc8f5c112', 'a4a385d9-d079-4065-a6fb-2ba243f86c11', 'e26ba2ef-9b52-4c71-97df-9e4b6cf4174d', '2021-03-08T19:41:33.157005Z'),
('4f683013-8fab-419e-8230-f567bf6e520a', '3bc0a05a-c70e-4d13-a373-40a413500ebc', 'e26ba2ef-9b52-4c71-97df-9e4b6cf4174d', '2021-03-08T19:41:33.160973Z'),
('2819d8ec-92f2-41b8-b3cc-8ce1bb80b8b3', 'd85ca5c2-6f51-4afb-a52c-c1c098f354ac', 'e26ba2ef-9b52-4c71-97df-9e4b6cf4174d', '2021-03-08T19:41:33.164021Z'),
('8679cd07-4998-433d-9c85-5adc52716b66', '9d24e2ce-8572-4520-8157-7a03cc76bd85', 'e26ba2ef-9b52-4c71-97df-9e4b6cf4174d', '2021-03-08T19:41:33.166195Z'),
('891ccce5-6c26-4b46-8bf6-cfc3df9aa2dc', '834aaa95-c01e-4a8b-84b7-27af345ca78c', 'e26ba2ef-9b52-4c71-97df-9e4b6cf4174d', '2021-03-08T19:41:33.173608Z'),
('3d91db93-8e7e-47ef-a94b-a1e8779a349c', 'cfe992d9-8c5c-46b3-b790-98bd6fde35b2', 'e26ba2ef-9b52-4c71-97df-9e4b6cf4174d', '2021-03-08T19:41:33.177343Z'),
('2bede8e7-81df-463b-9991-d7af3c2d448f', 'bc2fdcb8-0b2f-474f-976c-6c87dd260143', 'e26ba2ef-9b52-4c71-97df-9e4b6cf4174d', '2021-03-08T19:41:33.178574Z'),
('66a0fd18-3865-4ad1-be20-35e21a77705d', '8c00f847-da05-4965-8119-f04158da3b54', 'e26ba2ef-9b52-4c71-97df-9e4b6cf4174d', '2021-03-08T19:41:33.183161Z'),
('7cca09b0-101d-4247-afaa-413ea5e75fd4', '27d550b2-e59f-45a5-9b28-9846a77efdfa', 'e26ba2ef-9b52-4c71-97df-9e4b6cf4174d', '2021-03-08T19:41:33.210203Z'),
('58d92c93-e414-45e0-8fcb-d8ca3f4b4839', '840a3367-1818-4385-89b7-10baee0f9490', 'e26ba2ef-9b52-4c71-97df-9e4b6cf4174d', '2021-03-08T19:41:33.219627Z'),
('3bf16fec-c8b6-4818-98c0-6fb28e3a054e', '6d846897-1083-49dd-9a32-3c650e1578f6', 'e26ba2ef-9b52-4c71-97df-9e4b6cf4174d', '2021-03-08T19:41:33.223777Z'),
('ce14f028-0bd2-494f-9f76-c356700d8d01', '5d282c8e-ff28-4227-b90f-66cc87834553', 'e26ba2ef-9b52-4c71-97df-9e4b6cf4174d', '2021-03-08T19:41:33.224923Z'),
('cb2fd1e6-94ee-4372-a6c3-785292fde25d', 'a79c2f39-a23c-4b94-9656-a7b1ca5eaccc', 'e26ba2ef-9b52-4c71-97df-9e4b6cf4174d', '2021-03-08T19:41:33.225614Z'),
('5d6fd637-1c7b-4fec-9979-29269d4e5557', 'e745ca0e-b476-45f4-829b-691ed48c6d4b', 'e26ba2ef-9b52-4c71-97df-9e4b6cf4174d', '2021-03-08T19:41:33.225972Z'),
('c6d9b875-0e65-4224-8808-7a73f0428ab4', '0d2cd5d3-e139-43c7-896a-1526449c7e52', 'e26ba2ef-9b52-4c71-97df-9e4b6cf4174d', '2021-03-08T19:41:33.226304Z'),
('72562c08-e7aa-4684-82a6-27a063bab911', 'b62ff707-ae3c-416d-9718-b19e63bde806', 'e26ba2ef-9b52-4c71-97df-9e4b6cf4174d', '2021-03-08T19:41:33.226653Z'),
('387934ad-46f5-4a46-96a2-badd9be8bacf', '04aad57c-23be-4799-a527-adcadee079ee', 'e26ba2ef-9b52-4c71-97df-9e4b6cf4174d', '2021-03-08T19:41:33.227009Z'),
('e695b15d-5eca-46fe-83a8-618123a19438', '9712ade8-cd53-4020-9f16-104bb4992834', 'e26ba2ef-9b52-4c71-97df-9e4b6cf4174d', '2021-03-08T19:41:33.227739Z'),
('578ccb20-e1d4-4de0-ae5a-2e4cd9af8796', '9b2fc48a-fcad-408f-a22a-cc80004b8854', 'e26ba2ef-9b52-4c71-97df-9e4b6cf4174d', '2021-03-08T19:41:33.228508Z'),
('5e82d07a-8dc3-4aa9-9d39-8e794687ec67', '6f927220-aa7c-4534-acd7-97d56797adbf', 'e26ba2ef-9b52-4c71-97df-9e4b6cf4174d', '2021-03-08T19:41:33.230076Z'),
('dd862064-6829-4bc6-abe6-356e2b7abe9e', 'b8f39348-ad52-4e3e-bc32-1b204108bd30', 'e26ba2ef-9b52-4c71-97df-9e4b6cf4174d', '2021-03-08T19:41:33.230880Z'),
('2377c501-3350-41ca-9fe2-973e05c66cc3', 'ac669939-8e61-4fc9-81de-f7b5eabf28ec', 'e26ba2ef-9b52-4c71-97df-9e4b6cf4174d', '2021-03-08T19:41:33.231885Z'),
('dc1e0a8d-0888-478c-a3cd-7adf36511388', 'cb60fe8a-6898-4bf8-8a74-d68e44e87ba8', 'e26ba2ef-9b52-4c71-97df-9e4b6cf4174d', '2021-03-08T19:41:33.232738Z'),
('5ff44f16-6688-4083-89d4-6d88bd047e60', 'f33df158-81c1-468c-84f0-bc5735fd849e', 'e26ba2ef-9b52-4c71-97df-9e4b6cf4174d', '2021-03-08T19:41:33.233435Z'),
('83339aef-a648-4d7f-aaa0-0691672d859e', '66150415-b2db-46ba-8aa2-4246cc463d9a', 'e26ba2ef-9b52-4c71-97df-9e4b6cf4174d', '2021-03-08T19:41:33.234027Z'),
('387573fd-cd2a-4a00-b537-9fdb04da27f4', '44ac1f0e-d8b3-4e9e-8f86-11ae7e50fe5f', 'e26ba2ef-9b52-4c71-97df-9e4b6cf4174d', '2021-03-08T19:41:33.234836Z'),
('96071154-466e-4c6a-951e-65650c87d7e9', 'e5960d2c-3fc0-4e99-a5fe-16722bcbad47', 'e26ba2ef-9b52-4c71-97df-9e4b6cf4174d', '2021-03-08T19:41:33.235451Z'),
('85ce87a4-2b5a-431f-a27c-6efa316bfe08', '01a956f6-158c-424b-9f41-33e8b0fc6975', 'e26ba2ef-9b52-4c71-97df-9e4b6cf4174d', '2021-03-08T19:41:33.236044Z'),
('4c626395-084e-4378-9972-25bae45b8bc8', 'f5fc2904-a4aa-4f12-8bbb-85f2295a2069', 'e26ba2ef-9b52-4c71-97df-9e4b6cf4174d', '2021-03-08T19:41:33.236601Z'),
('03c81a93-0cce-4a1e-b0cd-c57d3315acec', 'f65ecead-ce27-49a6-a5a9-b74113f56d95', 'e26ba2ef-9b52-4c71-97df-9e4b6cf4174d', '2021-03-08T19:41:33.237233Z'),
('bd55454f-7000-4e18-8233-94bc75dbad2f', '82882c0b-2013-4dc7-a801-1166064e6484', 'e26ba2ef-9b52-4c71-97df-9e4b6cf4174d', '2021-03-08T19:41:33.237827Z'),
('14a8e7b4-e154-47eb-a3e6-95823af6b897', '0a4a6fae-95ae-4943-8499-a88a2e805bac', 'e26ba2ef-9b52-4c71-97df-9e4b6cf4174d', '2021-03-08T19:41:33.238399Z'),
('500aee8e-c760-47d8-b5bc-4f75bf8ed1cd', '537ae103-2df7-472a-856b-f317e5fa26f1', 'e26ba2ef-9b52-4c71-97df-9e4b6cf4174d', '2021-03-08T19:41:33.238954Z'),
('0ae352c9-cf74-4d42-a40a-d02355a9d686', '553eb778-60ff-4ddd-af6a-6d8fec279cfe', 'e26ba2ef-9b52-4c71-97df-9e4b6cf4174d', '2021-03-08T19:41:33.239717Z'),
('0fd10238-a6d6-4290-9fde-aaf2c798f2f8', '1bd4a9e8-fcac-46ca-8c84-b9fe5cff9680', 'e26ba2ef-9b52-4c71-97df-9e4b6cf4174d', '2021-03-08T19:41:33.240276Z'),
('2c0a3f41-59a8-4dc1-93ef-fd164e8126d1', '5fad6bf6-639c-47d3-bad4-b8b2f24917bc', 'e26ba2ef-9b52-4c71-97df-9e4b6cf4174d', '2021-03-08T19:41:33.240834Z'),
('f2789484-ea4b-4138-89bf-c1cc96d27490', 'eb70854b-a8f0-471f-bcc6-b5c9ad7fae1c', 'e26ba2ef-9b52-4c71-97df-9e4b6cf4174d', '2021-03-08T19:41:33.241424Z'),
('73a3111d-82af-4a51-95bb-619cd79465d8', '5a767c06-565d-4504-91bb-bbfa38938147', 'e26ba2ef-9b52-4c71-97df-9e4b6cf4174d', '2021-03-08T19:41:33.242574Z'),
('f698d47c-c5ef-4fb1-8aff-8bd788f67781', '4a835069-bc18-4675-9cf0-371728c2d180', 'e26ba2ef-9b52-4c71-97df-9e4b6cf4174d', '2021-03-08T19:41:33.243157Z'),
('0720bcab-e701-4d31-8075-c7e61da84093', '8b9e5146-f636-43b0-994f-bb5409bf5d8f', 'e26ba2ef-9b52-4c71-97df-9e4b6cf4174d', '2021-03-08T19:41:33.244061Z'),
('31453249-bb15-4f78-a378-2048db4f6c20', '6aa941d4-526f-4954-9cd9-4a9e1b594458', 'e26ba2ef-9b52-4c71-97df-9e4b6cf4174d', '2021-03-08T19:41:33.244606Z'),
('01cdc335-335a-458d-9a69-70f846f01bea', 'a4de2bc1-81c0-4c1d-8f8b-b40f5ee7c032', 'e26ba2ef-9b52-4c71-97df-9e4b6cf4174d', '2021-03-08T19:41:33.245184Z'),
('4e069973-55e8-4090-a96f-e336c73d8528', 'd8838f8d-d360-46cb-845c-c5897fb9ed45', 'e26ba2ef-9b52-4c71-97df-9e4b6cf4174d', '2021-03-08T19:41:33.245747Z'),
('fb3a387b-760a-4733-88ab-8cfaa5f98716', 'cb832c4d-e625-4c83-903a-9e9b1ffd5af4', 'e26ba2ef-9b52-4c71-97df-9e4b6cf4174d', '2021-03-08T19:41:33.246283Z'),
('f5a14423-98ee-4212-a024-14a2629847e5', '4f456122-f3cd-4c72-a124-a806b396ee8f', 'e26ba2ef-9b52-4c71-97df-9e4b6cf4174d', '2021-03-08T19:41:33.246825Z'),
('4ef98498-4303-4485-ba6c-22f4e883fab0', 'c8ddcc69-4834-4621-b48d-c64d52bfc07b', 'e26ba2ef-9b52-4c71-97df-9e4b6cf4174d', '2021-03-08T19:41:33.247413Z'),
('17cedc31-81d1-4ab2-b6e8-6f41967c6ce5', 'cff98845-d6eb-4b98-95fe-6ab991340ff4', 'e26ba2ef-9b52-4c71-97df-9e4b6cf4174d', '2021-03-08T19:41:33.247993Z'),
('863dd3d7-fdbe-4695-b083-afe447485792', 'ed4d243e-5277-4707-8a17-443659d26e79', 'e26ba2ef-9b52-4c71-97df-9e4b6cf4174d', '2021-03-08T19:41:33.248429Z'),
('1b768eef-624c-469c-8bd1-8d616163a306', '877903b5-8bdb-4df7-9eea-5102159f4c8f', 'e26ba2ef-9b52-4c71-97df-9e4b6cf4174d', '2021-03-08T19:41:33.249019Z'),
('b99e8825-754d-4c05-a316-7e2e4e03b099', 'da8062b8-3875-480e-91ce-218794860ec0', 'e26ba2ef-9b52-4c71-97df-9e4b6cf4174d', '2021-03-08T19:41:33.249621Z'),
('1c23878e-dddb-4ac8-b98a-08d3c148733b', '3d939d27-2cee-43e9-919a-c490ebbd2db1', 'e26ba2ef-9b52-4c71-97df-9e4b6cf4174d', '2021-03-08T19:41:33.250231Z'),
('cff86361-a6f0-4b86-9757-a6bf8eacb356', '530763d9-01dd-49fa-a8ac-a5af2f971294', 'e26ba2ef-9b52-4c71-97df-9e4b6cf4174d', '2021-03-08T19:41:33.250804Z'),
('5c6ee917-1ca8-4a0e-be69-a21a8ba18a70', '27f192ae-4ba8-466e-b3d8-918c4a00acea', 'e26ba2ef-9b52-4c71-97df-9e4b6cf4174d', '2021-03-08T19:41:33.253137Z'),
('b98039e9-3280-4606-b9f9-22aaa9cb2e44', 'a49e5740-1db1-4564-a2d2-c7bcb4fa9c83', 'e26ba2ef-9b52-4c71-97df-9e4b6cf4174d', '2021-03-08T19:41:33.254072Z'),
('eead57d9-4b5b-4087-8857-137de8451f9b', '4d10bd0f-afb1-4cf1-8daa-b28757b58731', 'e26ba2ef-9b52-4c71-97df-9e4b6cf4174d', '2021-03-08T19:41:33.254659Z'),
('ebb83ac6-4644-4e4f-86e9-9d6068049b6b', '3bba455b-4a3b-4d7e-987c-f6e89b9f4817', 'e26ba2ef-9b52-4c71-97df-9e4b6cf4174d', '2021-03-08T19:41:33.255185Z'),
('d27ff48c-7ec0-4513-b5fe-01358a895855', '0cd55a61-8fbe-4bdf-b2d3-ce828c5f79e0', 'e26ba2ef-9b52-4c71-97df-9e4b6cf4174d', '2021-03-08T19:41:33.255764Z'),
('88926a71-8e71-4b47-b932-116904247063', 'a537df19-b26c-4c12-92fa-8e1b04914301', 'e26ba2ef-9b52-4c71-97df-9e4b6cf4174d', '2021-03-08T19:41:33.256137Z'),
('d48eb15d-02f1-42d9-9505-13d700342f25', '93358fb8-1751-493d-b7af-2dba3a50817f', 'e26ba2ef-9b52-4c71-97df-9e4b6cf4174d', '2021-03-08T19:41:33.256464Z'),
('09a33b57-1a6a-4184-b91c-6e627789965c', '28705721-77a2-413d-b189-51e727bb9614', 'e26ba2ef-9b52-4c71-97df-9e4b6cf4174d', '2021-03-08T19:41:33.256756Z'),
('bfbb98eb-3cf8-45bb-b0d1-effcc99afd57', '37de6afd-08b7-4bf5-a3fd-5a9ee0575664', 'e26ba2ef-9b52-4c71-97df-9e4b6cf4174d', '2021-03-08T19:41:33.257065Z'),
('4fa84c6c-7d23-4683-89c3-a7d5567ec820', 'a70157ad-7568-40ff-a5ff-3a9059dd3999', 'e26ba2ef-9b52-4c71-97df-9e4b6cf4174d', '2021-03-08T19:41:33.257408Z'),
('2ae80523-daa8-40df-886b-0d047d7f7792', 'f5e0a98a-541f-42f9-8366-92939535ea02', 'e26ba2ef-9b52-4c71-97df-9e4b6cf4174d', '2021-03-08T19:41:33.257733Z'),
('d89f7cac-1917-4182-9390-08b1d545de11', '57bcaa31-0d89-4041-9d33-471e606aa44f', 'e26ba2ef-9b52-4c71-97df-9e4b6cf4174d', '2021-03-08T19:41:33.258057Z'),
('4c778af4-1f8b-4f22-bcc6-9a32a448380e', 'ce09a25f-3018-4bd4-9138-a36622bc7859', 'e26ba2ef-9b52-4c71-97df-9e4b6cf4174d', '2021-03-08T19:41:33.259030Z'),
('58b34c91-0e9a-4900-a94f-9066b286396c', '9db49d0c-7e1a-4ce5-97c1-6c5e3c068e3d', 'e26ba2ef-9b52-4c71-97df-9e4b6cf4174d', '2021-03-08T19:41:33.259451Z'),
('bf66d16d-52fb-4009-ba47-0f9f279c7281', 'edfd48f9-27de-4cd7-80e5-7d7dc5560551', 'e26ba2ef-9b52-4c71-97df-9e4b6cf4174d', '2021-03-08T19:41:33.259791Z'),
('c1253058-4ad7-411f-b729-0eef6b4531f8', 'affd94dd-3d0f-4eee-ae6a-2d0fe36c7fd1', 'e26ba2ef-9b52-4c71-97df-9e4b6cf4174d', '2021-03-08T19:41:33.260257Z'),
('e846089f-2c58-4d2f-8965-f63465023e0e', 'b762b187-d886-4edf-83e1-6a1a26996c0c', 'e26ba2ef-9b52-4c71-97df-9e4b6cf4174d', '2021-03-08T19:41:33.260523Z'),
('eaf22ff3-e5fe-4337-beff-0cae10c1f2b0', 'd0380d12-1265-49a8-8d68-78655951ca54', 'e26ba2ef-9b52-4c71-97df-9e4b6cf4174d', '2021-03-08T19:41:33.260830Z'),
('e25a87cc-e63b-4cb6-bd55-48e8403a0526', 'dcdafb50-2824-405a-8a66-c3569ea2e5ce', 'e26ba2ef-9b52-4c71-97df-9e4b6cf4174d', '2021-03-08T19:41:33.261077Z'),
('b97be0e6-8d01-489e-95fd-de2dac84d5c9', '31b1b10b-4eab-4769-ab4a-cdc4d698778b', 'e26ba2ef-9b52-4c71-97df-9e4b6cf4174d', '2021-03-08T19:41:33.261356Z'),
('ba6458e8-957d-4af5-af49-f7c9fefd4ea9', 'c8f24c59-6b40-482b-94ec-044b547a6b64', 'e26ba2ef-9b52-4c71-97df-9e4b6cf4174d', '2021-03-08T19:41:33.262394Z'),
('13ea5ba3-d224-4ad4-b023-8367ac10e53c', 'cea35093-cf14-4565-ab5c-8be0c3ebccdc', 'e26ba2ef-9b52-4c71-97df-9e4b6cf4174d', '2021-03-08T19:41:33.263374Z'),
('19896cff-d86c-49b3-a263-2cdd91afb21e', 'b59a72c7-aac0-4872-a6a1-54328d167634', 'e26ba2ef-9b52-4c71-97df-9e4b6cf4174d', '2021-03-08T19:41:33.263900Z'),
('5c9ace9d-f00c-4bc2-9256-023d890466e8', '4e7b8e3f-1df3-4e07-9baf-6ebec1bf0c57', 'e26ba2ef-9b52-4c71-97df-9e4b6cf4174d', '2021-03-08T19:41:33.264120Z'),
('ab865488-d10d-4bc6-af44-520f6a943d65', 'aae9d540-b8a7-416a-936a-b9145468b21e', 'e26ba2ef-9b52-4c71-97df-9e4b6cf4174d', '2021-03-08T19:41:33.264444Z'),
('46627c75-9da3-4011-ab90-87580353a969', '87ce5712-fd02-4f08-a1d0-0687360bdfcc', 'e26ba2ef-9b52-4c71-97df-9e4b6cf4174d', '2021-03-08T19:41:33.265461Z'),
('ce32e1a0-ae13-4c68-8733-56ade9550139', 'abe0ba5f-6269-4809-b6a9-ca3ba93019fc', 'e26ba2ef-9b52-4c71-97df-9e4b6cf4174d', '2021-03-08T19:41:33.266605Z'),
('0e8d9c9d-5caf-4c53-8ffd-c7d3877fbcca', 'aa6847d8-b1a5-452b-9db8-c2bb8300c8cc', 'e26ba2ef-9b52-4c71-97df-9e4b6cf4174d', '2021-03-08T19:41:33.267273Z'),
('c2a87426-a502-47a3-b17b-9531504dbc32', 'f9b3916a-9991-4832-b56a-ceb4f12b52c2', 'e26ba2ef-9b52-4c71-97df-9e4b6cf4174d', '2021-03-08T19:41:33.268015Z'),
('8df3c9a7-49a1-482a-b312-2aaec34fe2db', '722c001d-8b7e-47d6-b953-851485df8100', 'e26ba2ef-9b52-4c71-97df-9e4b6cf4174d', '2021-03-08T19:41:33.268286Z'),
('0dbfe6d3-cf5d-4364-b7a0-264e946d198d', 'd998e68b-1a29-42e0-8158-14c979dd2507', 'e26ba2ef-9b52-4c71-97df-9e4b6cf4174d', '2021-03-08T19:41:33.268509Z'),
('1afab65a-e53f-4bba-8ce8-3187a426452d', '2e286a65-85d0-4115-b298-98f325a06847', 'e26ba2ef-9b52-4c71-97df-9e4b6cf4174d', '2021-03-08T19:41:33.268841Z'),
('ed4a7a68-88a3-47ad-b9ab-6d6edfea37a6', '53422e2b-0fe4-4c4e-8c1d-12a82e849ec9', 'e26ba2ef-9b52-4c71-97df-9e4b6cf4174d', '2021-03-08T19:41:33.269047Z'),
('ee502a9f-0bf1-4561-a9d1-a4ce58540f52', '10a32c15-f8c1-4e47-9e49-bbe059d5c007', 'e26ba2ef-9b52-4c71-97df-9e4b6cf4174d', '2021-03-08T19:41:33.269380Z'),
('d9b38dd6-8dd0-4b5b-8ce8-93529f6729d7', '58c0dd1f-9042-4609-8ed7-2741c9198718', 'e26ba2ef-9b52-4c71-97df-9e4b6cf4174d', '2021-03-08T19:41:33.269590Z'),
('f9138c77-b50c-42e9-842a-b2cd8bc848a0', 'ffcf2405-0279-47dc-9d67-515687eba5f6', 'e26ba2ef-9b52-4c71-97df-9e4b6cf4174d', '2021-03-08T19:41:33.269916Z'),
('e7d21977-45c7-4962-b882-5cd549e8cc7e', '1a02dbd5-7967-43cb-aa77-effb6aa209e7', 'e26ba2ef-9b52-4c71-97df-9e4b6cf4174d', '2021-03-08T19:41:33.270129Z'),
('1e33a371-219d-451c-b61f-c68fb6a30bb0', 'a1e96fc0-0e78-4705-bb8e-6c46ad0b6d6a', 'e26ba2ef-9b52-4c71-97df-9e4b6cf4174d', '2021-03-08T19:41:33.270340Z'),
('a871fad1-3c3b-410d-aded-08afb8e7a050', '818e9a87-163a-4831-a0fd-a4001e0165e2', 'e26ba2ef-9b52-4c71-97df-9e4b6cf4174d', '2021-03-08T19:41:33.270547Z'),
('1405d6d5-c1f6-44d8-a826-878fa3949faf', '877eab1c-2669-4e27-aa2b-5f28f710eef2', 'e26ba2ef-9b52-4c71-97df-9e4b6cf4174d', '2021-03-08T19:41:33.270918Z'),
('9f6b8d01-6384-4560-928e-ed6609af0631', 'e5ac7c93-50af-43c3-b62a-dca3a6c2444c', 'e26ba2ef-9b52-4c71-97df-9e4b6cf4174d', '2021-03-08T19:41:33.273925Z'),
('f07ea3a2-6704-4020-a7dd-2fe7e06647f3', 'ae976bb1-dc1a-4ed7-93fb-6f58e4f854e0', 'e26ba2ef-9b52-4c71-97df-9e4b6cf4174d', '2021-03-08T19:41:33.274459Z'),
('533a2906-9511-49fe-8828-968fdd22c418', '759d8ecd-798e-4227-8911-8b168e6934c3', 'e26ba2ef-9b52-4c71-97df-9e4b6cf4174d', '2021-03-08T19:41:33.274845Z'),
('24ae5879-00bc-4626-8133-65234fa9ed52', '057c05ee-d15c-4ed2-af84-a407617f545d', 'e26ba2ef-9b52-4c71-97df-9e4b6cf4174d', '2021-03-08T19:41:33.275173Z'),
('10786cf6-f40f-4d2d-8c00-416e8f304fc2', '4f64435a-b798-4a80-bbce-53ea32981750', 'e26ba2ef-9b52-4c71-97df-9e4b6cf4174d', '2021-03-08T19:41:33.275555Z'),
('456bc39c-06c8-44b7-82ed-e3d19d827346', '36bc37e0-eca1-4cf9-a27c-1d18109dc581', 'e26ba2ef-9b52-4c71-97df-9e4b6cf4174d', '2021-03-08T19:41:33.276507Z'),
('70a1b537-c693-45cc-a2f9-4c1eb78c182e', '4eb76cd9-8191-4c11-a006-25a2765b6738', 'e26ba2ef-9b52-4c71-97df-9e4b6cf4174d', '2021-03-08T19:41:33.277676Z'),
('c3638db3-3991-4a78-aefa-eed8fa2069e9', 'ca33744c-9ca9-430e-a10b-326e238ecd5b', 'e26ba2ef-9b52-4c71-97df-9e4b6cf4174d', '2021-03-08T19:41:33.278012Z'),
('2dcd198f-7222-440f-998d-e47a37882bc9', 'af134ab4-ed49-44e4-86ca-944542345210', 'e26ba2ef-9b52-4c71-97df-9e4b6cf4174d', '2021-03-08T19:41:33.278365Z'),
('d63cb60b-2717-43d4-ba35-203ca62e42f2', 'e58e32cf-3c39-42af-a068-abb5c71db22c', 'e26ba2ef-9b52-4c71-97df-9e4b6cf4174d', '2021-03-08T19:41:33.278732Z'),
('1a5e0031-0ccb-4a67-ac74-ddad573db766', '206e4912-6187-4ca0-b278-6ba8d0156664', 'e26ba2ef-9b52-4c71-97df-9e4b6cf4174d', '2021-03-08T19:41:33.278989Z'),
('3f19146a-acfe-407c-a8d3-20c2dca6c79c', '830af55a-4fbf-4556-acc6-162ed629cbf4', 'e26ba2ef-9b52-4c71-97df-9e4b6cf4174d', '2021-03-08T19:41:33.280660Z'),
('aff616ea-7a1d-4cf7-91b9-c937b745095e', '0d4e5339-4141-43c9-acfb-deb3133633c0', 'e26ba2ef-9b52-4c71-97df-9e4b6cf4174d', '2021-03-08T19:41:33.283974Z'),
('66f42a15-3445-4016-b86b-5c6ce7d7f316', '69c2e36d-6a02-4aca-ad75-0702763479ad', 'e26ba2ef-9b52-4c71-97df-9e4b6cf4174d', '2021-03-08T19:41:33.284469Z'),
('b194e949-7542-4a38-9592-d79cec899e8b', 'eb844d9c-11d9-43ba-880a-1833a0b9fde5', 'e26ba2ef-9b52-4c71-97df-9e4b6cf4174d', '2021-03-08T19:41:33.284739Z'),
('c245b4e2-8579-4356-bff2-d8476ce6be19', '1cec4fa0-84f1-40d0-8943-87c9ebc563b9', 'e26ba2ef-9b52-4c71-97df-9e4b6cf4174d', '2021-03-08T19:41:33.285193Z'),
('aef496b0-7fc6-49f9-8ecc-5891725c5972', 'd57e939f-855d-4ec1-9014-8d9b30e7bf4c', 'e26ba2ef-9b52-4c71-97df-9e4b6cf4174d', '2021-03-08T19:41:33.288788Z'),
('15251dcb-b383-4315-a737-74afb26ddbf9', 'd0fcdb8a-7883-4cb0-a1db-430fe450e50e', 'e26ba2ef-9b52-4c71-97df-9e4b6cf4174d', '2021-03-08T19:41:33.289439Z'),
('7cb44149-d2b3-45db-b267-501d8cbc3c61', '1f5631fa-109f-4a38-957e-81d96259b96e', 'e26ba2ef-9b52-4c71-97df-9e4b6cf4174d', '2021-03-08T19:41:33.290458Z'),
('4964d834-5323-4fe1-babf-35c1e735480b', 'dc6efaeb-b255-4a78-8ccc-21863951f4f9', 'e26ba2ef-9b52-4c71-97df-9e4b6cf4174d', '2021-03-08T19:41:33.291574Z'),
('0e03dda7-ef6f-4e64-92b9-b019c689ae11', '444b4886-4795-4747-a028-d96815c16503', 'e26ba2ef-9b52-4c71-97df-9e4b6cf4174d', '2021-03-08T19:41:33.291947Z'),
('29299cfc-4f2a-44cb-b0a1-fa02e3905dae', 'a627f52e-033e-46cf-89cb-37e5388ffbe7', 'e26ba2ef-9b52-4c71-97df-9e4b6cf4174d', '2021-03-08T19:41:33.292180Z'),
('35448f54-ccba-47f3-af6c-57fe75241750', '9d2137c7-6b46-4ef8-9f12-8acb24c363ec', 'e26ba2ef-9b52-4c71-97df-9e4b6cf4174d', '2021-03-08T19:41:33.292386Z'),
('aa8e63fa-4d7e-4ef6-a3d3-039250c05862', 'f37e1138-8ad7-4893-bf3f-9d6a0759ae62', 'e26ba2ef-9b52-4c71-97df-9e4b6cf4174d', '2021-03-08T19:41:33.292697Z'),
('181f108e-4bc6-4af8-bd97-5c67cb926573', 'e803b8c8-f6c9-435b-965e-8db47572b8d5', 'e26ba2ef-9b52-4c71-97df-9e4b6cf4174d', '2021-03-08T19:41:33.292903Z'),
('443244d5-7c61-4e2c-9e52-eb44291b03b5', 'e20eac2b-67fe-4d52-9877-a0513c5f685b', 'e26ba2ef-9b52-4c71-97df-9e4b6cf4174d', '2021-03-08T19:41:33.293147Z'),
('1de03fe4-9475-4d8e-93ef-673a7730f316', 'b0190dc8-60af-4b8f-9ef4-17f464b38f5b', 'e26ba2ef-9b52-4c71-97df-9e4b6cf4174d', '2021-03-08T19:41:33.293556Z'),
('dbe2cb9b-198e-4f4f-a3d5-5390f789962e', '8548004f-8044-48be-a44c-048fe074ec3f', 'e26ba2ef-9b52-4c71-97df-9e4b6cf4174d', '2021-03-08T19:41:33.293789Z'),
('35831527-2338-407b-a202-5c87e309a7c6', '3e40ee6b-40a3-49d2-b0e3-14e5c98c3356', 'e26ba2ef-9b52-4c71-97df-9e4b6cf4174d', '2021-03-08T19:41:33.295138Z'),
('7387bbd5-b2f4-4ed9-9aa2-e4fbde901150', '2518f4e9-b3aa-403c-ba85-20ceaab7ef94', 'e26ba2ef-9b52-4c71-97df-9e4b6cf4174d', '2021-03-08T19:41:33.297649Z'),
('e0e99f92-b472-48ea-b509-b8be4a9b74a4', 'fc79f6f9-13e3-416e-81d2-3978a5ea1d14', 'e26ba2ef-9b52-4c71-97df-9e4b6cf4174d', '2021-03-08T19:41:33.298004Z'),
('25a4d099-f25d-435f-ba23-f55bcfd3009b', 'b28f4eea-d72f-4336-ba86-65c793d25112', 'e26ba2ef-9b52-4c71-97df-9e4b6cf4174d', '2021-03-08T19:41:33.301464Z'),
('69fb8673-0e89-4519-a072-a85b18a24e62', '6956c85c-34b9-413f-9ee9-daeaa097dffe', 'e26ba2ef-9b52-4c71-97df-9e4b6cf4174d', '2021-03-08T19:41:33.302828Z'),
('3457e44a-ce9e-448c-a9ee-9f7ab16310b3', 'f706775b-f8a7-4c15-9ab2-0f57d393cf4e', 'e26ba2ef-9b52-4c71-97df-9e4b6cf4174d', '2021-03-08T19:41:33.307059Z'),
('10b591ef-337f-443a-aebf-988ba98039b2', '967aa515-bcdc-47b9-a649-ae78524a2387', 'e26ba2ef-9b52-4c71-97df-9e4b6cf4174d', '2021-03-08T19:41:33.307333Z'),
('c378096c-1198-4bcd-abee-8d3dfe36000e', '9eea0cba-d470-4d37-8cb8-3f4f12f001b6', 'e26ba2ef-9b52-4c71-97df-9e4b6cf4174d', '2021-03-08T19:41:33.308519Z');

--INSERT TELEMETRY_GOES--COUNT:37
INSERT INTO public.telemetry_goes (id, nesdis_id) select 'cbca058f-c86c-4482-921b-21a7f3a1ed77', 'CE393764' where not exists (select 1 from telemetry_goes where nesdis_id = 'CE393764');
INSERT INTO public.telemetry_goes (id, nesdis_id) select '927538ad-8e5a-45b0-85ff-a3e05b5ffe3b', '17B546E8' where not exists (select 1 from telemetry_goes where nesdis_id = '17B546E8');
INSERT INTO public.telemetry_goes (id, nesdis_id) select '21af3229-ad54-4c63-b24d-d32b9dfc04a1', 'DE18930C' where not exists (select 1 from telemetry_goes where nesdis_id = 'DE18930C');
INSERT INTO public.telemetry_goes (id, nesdis_id) select '225f8fa7-542f-4d44-8af8-1f3cc7337341', 'CE7AEB0C' where not exists (select 1 from telemetry_goes where nesdis_id = 'CE7AEB0C');
INSERT INTO public.telemetry_goes (id, nesdis_id) select '8e0812d9-0b86-4e92-b851-77a297e1f8d8', 'D1162346' where not exists (select 1 from telemetry_goes where nesdis_id = 'D1162346');
INSERT INTO public.telemetry_goes (id, nesdis_id) select '3055bf64-578f-4591-8215-8579de259754', '1655C4D4' where not exists (select 1 from telemetry_goes where nesdis_id = '1655C4D4');
INSERT INTO public.telemetry_goes (id, nesdis_id) select '68fe15e8-f46b-4609-bee9-7356e20040b9', 'DF02517C' where not exists (select 1 from telemetry_goes where nesdis_id = 'DF02517C');
INSERT INTO public.telemetry_goes (id, nesdis_id) select 'a22c5918-4739-4b21-9688-de35bd958a50', 'DDB615C0' where not exists (select 1 from telemetry_goes where nesdis_id = 'DDB615C0');
INSERT INTO public.telemetry_goes (id, nesdis_id) select '2cfce2fe-82c8-48f2-91b5-04e7cc93d25d', '17F2A4F2' where not exists (select 1 from telemetry_goes where nesdis_id = '17F2A4F2');
INSERT INTO public.telemetry_goes (id, nesdis_id) select 'a8e0d947-145f-4d06-83b4-1b1bb24ad739', '15C2C420' where not exists (select 1 from telemetry_goes where nesdis_id = '15C2C420');
INSERT INTO public.telemetry_goes (id, nesdis_id) select '202e99af-2a04-4a56-95f4-cb85cb10936e', '1173478E' where not exists (select 1 from telemetry_goes where nesdis_id = '1173478E');
INSERT INTO public.telemetry_goes (id, nesdis_id) select '6b3981fa-5853-403a-b2a4-0e0cb09f00b7', '1668724C' where not exists (select 1 from telemetry_goes where nesdis_id = '1668724C');
INSERT INTO public.telemetry_goes (id, nesdis_id) select 'ca330137-5e9c-42d4-865b-0f2c5a6976f5', 'CE4D695C' where not exists (select 1 from telemetry_goes where nesdis_id = 'CE4D695C');
INSERT INTO public.telemetry_goes (id, nesdis_id) select 'b48b7967-0666-4da6-a94f-1a73f4991054', '17330294' where not exists (select 1 from telemetry_goes where nesdis_id = '17330294');
INSERT INTO public.telemetry_goes (id, nesdis_id) select '02dd3e39-28f3-4c3b-8dad-dcf357a86687', '177AC20A' where not exists (select 1 from telemetry_goes where nesdis_id = '177AC20A');
INSERT INTO public.telemetry_goes (id, nesdis_id) select '34d98b2c-7c76-4bc6-87e9-0d2432441bef', '17C8A3D0' where not exists (select 1 from telemetry_goes where nesdis_id = '17C8A3D0');
INSERT INTO public.telemetry_goes (id, nesdis_id) select 'a69f5ccd-23cd-4bb8-9056-81dfbc7d7eb0', 'DE22A1B4' where not exists (select 1 from telemetry_goes where nesdis_id = 'DE22A1B4');
INSERT INTO public.telemetry_goes (id, nesdis_id) select '4a096de3-1eb1-4833-b599-f7ce0ea6dd12', '17CA2030' where not exists (select 1 from telemetry_goes where nesdis_id = '17CA2030');
INSERT INTO public.telemetry_goes (id, nesdis_id) select '38e8f41b-2aeb-4dca-a015-8c1f6af6595d', '17D2307E' where not exists (select 1 from telemetry_goes where nesdis_id = '17D2307E');
INSERT INTO public.telemetry_goes (id, nesdis_id) select 'fee753ce-506f-4ced-b085-d3520a2b182b', '17D07680' where not exists (select 1 from telemetry_goes where nesdis_id = '17D07680');
INSERT INTO public.telemetry_goes (id, nesdis_id) select '594b8eca-4d5d-42eb-9f09-2d631a64a3c3', 'DDB9D64C' where not exists (select 1 from telemetry_goes where nesdis_id = 'DDB9D64C');
INSERT INTO public.telemetry_goes (id, nesdis_id) select '2b27494f-70cf-406d-bde9-64938ac32828', '16213A14' where not exists (select 1 from telemetry_goes where nesdis_id = '16213A14');
INSERT INTO public.telemetry_goes (id, nesdis_id) select '53d90928-59e6-4b9e-8a91-92b22bdbe4ff', '17D613A8' where not exists (select 1 from telemetry_goes where nesdis_id = '17D613A8');
INSERT INTO public.telemetry_goes (id, nesdis_id) select '11151a2f-5ae9-4e21-bc9b-1f5b0e18d620', '17C5B3C0' where not exists (select 1 from telemetry_goes where nesdis_id = '17C5B3C0');
INSERT INTO public.telemetry_goes (id, nesdis_id) select '6a63bfca-d4e2-4be1-8e20-7361632423f3', 'DE1221D0' where not exists (select 1 from telemetry_goes where nesdis_id = 'DE1221D0');
INSERT INTO public.telemetry_goes (id, nesdis_id) select '3fa39db4-a589-4ea4-bf7d-22babeb6d1f4', 'DE22942E' where not exists (select 1 from telemetry_goes where nesdis_id = 'DE22942E');
INSERT INTO public.telemetry_goes (id, nesdis_id) select '0920d078-4bb2-4d22-bc49-46232e6116fd', '17B56004' where not exists (select 1 from telemetry_goes where nesdis_id = '17B56004');
INSERT INTO public.telemetry_goes (id, nesdis_id) select '6b9f911a-22f5-44fd-83b7-0000b1801886', '1733370E' where not exists (select 1 from telemetry_goes where nesdis_id = '1733370E');
INSERT INTO public.telemetry_goes (id, nesdis_id) select '525bc0f1-1a0f-46ee-97a6-8da9a42da46e', '1732F0EA' where not exists (select 1 from telemetry_goes where nesdis_id = '1732F0EA');
INSERT INTO public.telemetry_goes (id, nesdis_id) select 'c7ba2b7b-a4f5-4f17-817a-fbd4afe94bfe', '1732E39C' where not exists (select 1 from telemetry_goes where nesdis_id = '1732E39C');
INSERT INTO public.telemetry_goes (id, nesdis_id) select '465d7ed7-0c1d-44e9-b000-a7e53cf27a83', '0330C188' where not exists (select 1 from telemetry_goes where nesdis_id = '0330C188');
INSERT INTO public.telemetry_goes (id, nesdis_id) select 'ecf4362e-dc5d-4655-bbc9-cdb1a2d1c742', '17CE03E6' where not exists (select 1 from telemetry_goes where nesdis_id = '17CE03E6');
INSERT INTO public.telemetry_goes (id, nesdis_id) select 'feb4eb21-3953-455c-878f-6be1603a3829', '172B42A6' where not exists (select 1 from telemetry_goes where nesdis_id = '172B42A6');
INSERT INTO public.telemetry_goes (id, nesdis_id) select '098677da-87a4-4030-8d81-89c6e4d3dca7', '165475A0' where not exists (select 1 from telemetry_goes where nesdis_id = '165475A0');
INSERT INTO public.telemetry_goes (id, nesdis_id) select '59b7ecea-f62f-4de6-bf7a-474a9460698d', 'DF01060E' where not exists (select 1 from telemetry_goes where nesdis_id = 'DF01060E');
INSERT INTO public.telemetry_goes (id, nesdis_id) select 'd55500de-d05c-4568-85b7-3cc5b25c68d1', '1170A372' where not exists (select 1 from telemetry_goes where nesdis_id = '1170A372');
INSERT INTO public.telemetry_goes (id, nesdis_id) select '3aae50bc-ac20-47d5-a442-caf38fa5f0f9', '166891BE' where not exists (select 1 from telemetry_goes where nesdis_id = '166891BE');

--INSERT TELEMETRY_IRIDIUM--COUNT:17
INSERT INTO public.telemetry_iridium (id, imei) select 'b455694b-b4cf-43af-8e96-ae6bd113bc74', '300234060554500' where not exists (select 1 from telemetry_iridium where imei = '300234060554500');
INSERT INTO public.telemetry_iridium (id, imei) select '63f533c8-b5d6-43be-b4c9-c748780f13ae', '300234011651780' where not exists (select 1 from telemetry_iridium where imei = '300234011651780');
INSERT INTO public.telemetry_iridium (id, imei) select '9d38a9f3-dab2-44de-a44e-db7cc68cd481', '300234061764220' where not exists (select 1 from telemetry_iridium where imei = '300234061764220');
INSERT INTO public.telemetry_iridium (id, imei) select '9dde57f5-a59c-4533-8796-72d375b9af23', '300034012635570' where not exists (select 1 from telemetry_iridium where imei = '300034012635570');
INSERT INTO public.telemetry_iridium (id, imei) select '8ef5fbd6-4eae-4f7a-a615-eb4315bf36be', '30003401286XXXX' where not exists (select 1 from telemetry_iridium where imei = '30003401286XXXX');
INSERT INTO public.telemetry_iridium (id, imei) select '223d3770-cd45-4538-ac32-3544fa47d113', '300034012797940' where not exists (select 1 from telemetry_iridium where imei = '300034012797940');
INSERT INTO public.telemetry_iridium (id, imei) select '35782480-e64b-4abf-8429-ac92d1219945', '3000340127XXXXX' where not exists (select 1 from telemetry_iridium where imei = '3000340127XXXXX');
INSERT INTO public.telemetry_iridium (id, imei) select 'a1d37d68-db4e-40bb-a2d2-2a60986a07d7', '300234063554810' where not exists (select 1 from telemetry_iridium where imei = '300234063554810');
INSERT INTO public.telemetry_iridium (id, imei) select '45850cdd-f69f-41f2-9a20-611af8abd7f2', '300034012728020' where not exists (select 1 from telemetry_iridium where imei = '300034012728020');
INSERT INTO public.telemetry_iridium (id, imei) select '5866ad44-33b6-48c5-830f-102b844d0afc', '300034012724030' where not exists (select 1 from telemetry_iridium where imei = '300034012724030');
INSERT INTO public.telemetry_iridium (id, imei) select 'da1436fd-bd5d-4eed-ab8b-e8109d331bad', '300234010498510' where not exists (select 1 from telemetry_iridium where imei = '300234010498510');
INSERT INTO public.telemetry_iridium (id, imei) select 'fc07da7d-5055-44f9-8ad4-6ce37b9a0c3e', '300234060555480' where not exists (select 1 from telemetry_iridium where imei = '300234060555480');
INSERT INTO public.telemetry_iridium (id, imei) select '24de5713-c481-49ec-b9f8-234b6527c684', '300234063554840' where not exists (select 1 from telemetry_iridium where imei = '300234063554840');
INSERT INTO public.telemetry_iridium (id, imei) select '329cc3eb-0410-452b-bad1-b681ec3329b1', '300234063553790' where not exists (select 1 from telemetry_iridium where imei = '300234063553790');
INSERT INTO public.telemetry_iridium (id, imei) select '987b082d-dbf5-4c7d-9bcd-6e7b0d49972c', '300234063554800' where not exists (select 1 from telemetry_iridium where imei = '300234063554800');
INSERT INTO public.telemetry_iridium (id, imei) select '7a436d1a-b4d2-41ec-97c9-65008093c4fc', '30053061805110' where not exists (select 1 from telemetry_iridium where imei = '30053061805110');
INSERT INTO public.telemetry_iridium (id, imei) select 'f3fa7b21-3899-4ad3-8ca9-17ed4da87577', '300234068620520' where not exists (select 1 from telemetry_iridium where imei = '300234068620520');

--INSERT INSTRUMENT_TELEMETRY--COUNT:54
INSERT INTO public.instrument_telemetry (instrument_id, telemetry_type_id, telemetry_id) 
VALUES
('3b4e1f2c-381e-44bd-9945-3c7cc3e6def4', 'c0b03b0d-bfce-453a-b5a9-636118940449', 'b455694b-b4cf-43af-8e96-ae6bd113bc74'),
('2f525323-e8d1-4e94-a9ee-d06731c29568', 'c0b03b0d-bfce-453a-b5a9-636118940449', '63f533c8-b5d6-43be-b4c9-c748780f13ae'),
('ba7f146c-ade1-4c0c-b5e2-9a9e85c7d82d', 'c0b03b0d-bfce-453a-b5a9-636118940449', '9d38a9f3-dab2-44de-a44e-db7cc68cd481'),
('27f192ae-4ba8-466e-b3d8-918c4a00acea', '10a32652-af43-4451-bd52-4980c5690cc9', 'cbca058f-c86c-4482-921b-21a7f3a1ed77'),
('3bba455b-4a3b-4d7e-987c-f6e89b9f4817', '10a32652-af43-4451-bd52-4980c5690cc9', '927538ad-8e5a-45b0-85ff-a3e05b5ffe3b'),
('93358fb8-1751-493d-b7af-2dba3a50817f', '10a32652-af43-4451-bd52-4980c5690cc9', '21af3229-ad54-4c63-b24d-d32b9dfc04a1'),
('37de6afd-08b7-4bf5-a3fd-5a9ee0575664', '10a32652-af43-4451-bd52-4980c5690cc9', '225f8fa7-542f-4d44-8af8-1f3cc7337341'),
('a70157ad-7568-40ff-a5ff-3a9059dd3999', '10a32652-af43-4451-bd52-4980c5690cc9', '8e0812d9-0b86-4e92-b851-77a297e1f8d8'),
('f5e0a98a-541f-42f9-8366-92939535ea02', '10a32652-af43-4451-bd52-4980c5690cc9', '3055bf64-578f-4591-8215-8579de259754'),
('57bcaa31-0d89-4041-9d33-471e606aa44f', '10a32652-af43-4451-bd52-4980c5690cc9', '68fe15e8-f46b-4609-bee9-7356e20040b9'),
('ce09a25f-3018-4bd4-9138-a36622bc7859', '10a32652-af43-4451-bd52-4980c5690cc9', 'a22c5918-4739-4b21-9688-de35bd958a50'),
('edfd48f9-27de-4cd7-80e5-7d7dc5560551', '10a32652-af43-4451-bd52-4980c5690cc9', '2cfce2fe-82c8-48f2-91b5-04e7cc93d25d'),
('d0380d12-1265-49a8-8d68-78655951ca54', '10a32652-af43-4451-bd52-4980c5690cc9', 'a8e0d947-145f-4d06-83b4-1b1bb24ad739'),
('dcdafb50-2824-405a-8a66-c3569ea2e5ce', '10a32652-af43-4451-bd52-4980c5690cc9', '202e99af-2a04-4a56-95f4-cb85cb10936e'),
('c8f24c59-6b40-482b-94ec-044b547a6b64', 'c0b03b0d-bfce-453a-b5a9-636118940449', '9dde57f5-a59c-4533-8796-72d375b9af23'),
('4e7b8e3f-1df3-4e07-9baf-6ebec1bf0c57', '10a32652-af43-4451-bd52-4980c5690cc9', '6b3981fa-5853-403a-b2a4-0e0cb09f00b7'),
('aae9d540-b8a7-416a-936a-b9145468b21e', '10a32652-af43-4451-bd52-4980c5690cc9', 'ca330137-5e9c-42d4-865b-0f2c5a6976f5'),
('87ce5712-fd02-4f08-a1d0-0687360bdfcc', '10a32652-af43-4451-bd52-4980c5690cc9', 'b48b7967-0666-4da6-a94f-1a73f4991054'),
('f9b3916a-9991-4832-b56a-ceb4f12b52c2', '10a32652-af43-4451-bd52-4980c5690cc9', '02dd3e39-28f3-4c3b-8dad-dcf357a86687'),
('722c001d-8b7e-47d6-b953-851485df8100', '10a32652-af43-4451-bd52-4980c5690cc9', '34d98b2c-7c76-4bc6-87e9-0d2432441bef'),
('d998e68b-1a29-42e0-8158-14c979dd2507', '10a32652-af43-4451-bd52-4980c5690cc9', 'a69f5ccd-23cd-4bb8-9056-81dfbc7d7eb0'),
('2e286a65-85d0-4115-b298-98f325a06847', '10a32652-af43-4451-bd52-4980c5690cc9', '4a096de3-1eb1-4833-b599-f7ce0ea6dd12'),
('53422e2b-0fe4-4c4e-8c1d-12a82e849ec9', '10a32652-af43-4451-bd52-4980c5690cc9', '38e8f41b-2aeb-4dca-a015-8c1f6af6595d'),
('58c0dd1f-9042-4609-8ed7-2741c9198718', '10a32652-af43-4451-bd52-4980c5690cc9', 'fee753ce-506f-4ced-b085-d3520a2b182b'),
('ffcf2405-0279-47dc-9d67-515687eba5f6', '10a32652-af43-4451-bd52-4980c5690cc9', '594b8eca-4d5d-42eb-9f09-2d631a64a3c3'),
('1a02dbd5-7967-43cb-aa77-effb6aa209e7', '10a32652-af43-4451-bd52-4980c5690cc9', '2b27494f-70cf-406d-bde9-64938ac32828'),
('a1e96fc0-0e78-4705-bb8e-6c46ad0b6d6a', '10a32652-af43-4451-bd52-4980c5690cc9', '53d90928-59e6-4b9e-8a91-92b22bdbe4ff'),
('818e9a87-163a-4831-a0fd-a4001e0165e2', '10a32652-af43-4451-bd52-4980c5690cc9', '11151a2f-5ae9-4e21-bc9b-1f5b0e18d620'),
('877eab1c-2669-4e27-aa2b-5f28f710eef2', 'c0b03b0d-bfce-453a-b5a9-636118940449', '8ef5fbd6-4eae-4f7a-a615-eb4315bf36be'),
('ae976bb1-dc1a-4ed7-93fb-6f58e4f854e0', '10a32652-af43-4451-bd52-4980c5690cc9', '6a63bfca-d4e2-4be1-8e20-7361632423f3'),
('759d8ecd-798e-4227-8911-8b168e6934c3', 'c0b03b0d-bfce-453a-b5a9-636118940449', '223d3770-cd45-4538-ac32-3544fa47d113'),
('057c05ee-d15c-4ed2-af84-a407617f545d', '10a32652-af43-4451-bd52-4980c5690cc9', '3fa39db4-a589-4ea4-bf7d-22babeb6d1f4'),
('e58e32cf-3c39-42af-a068-abb5c71db22c', '10a32652-af43-4451-bd52-4980c5690cc9', '0920d078-4bb2-4d22-bc49-46232e6116fd'),
('206e4912-6187-4ca0-b278-6ba8d0156664', '10a32652-af43-4451-bd52-4980c5690cc9', '6b9f911a-22f5-44fd-83b7-0000b1801886'),
('830af55a-4fbf-4556-acc6-162ed629cbf4', 'c0b03b0d-bfce-453a-b5a9-636118940449', '35782480-e64b-4abf-8429-ac92d1219945'),
('0d4e5339-4141-43c9-acfb-deb3133633c0', '10a32652-af43-4451-bd52-4980c5690cc9', '525bc0f1-1a0f-46ee-97a6-8da9a42da46e'),
('69c2e36d-6a02-4aca-ad75-0702763479ad', '10a32652-af43-4451-bd52-4980c5690cc9', 'c7ba2b7b-a4f5-4f17-817a-fbd4afe94bfe'),
('1cec4fa0-84f1-40d0-8943-87c9ebc563b9', 'c0b03b0d-bfce-453a-b5a9-636118940449', 'a1d37d68-db4e-40bb-a2d2-2a60986a07d7'),
('d57e939f-855d-4ec1-9014-8d9b30e7bf4c', '10a32652-af43-4451-bd52-4980c5690cc9', '465d7ed7-0c1d-44e9-b000-a7e53cf27a83'),
('d0fcdb8a-7883-4cb0-a1db-430fe450e50e', 'c0b03b0d-bfce-453a-b5a9-636118940449', '45850cdd-f69f-41f2-9a20-611af8abd7f2'),
('1f5631fa-109f-4a38-957e-81d96259b96e', 'c0b03b0d-bfce-453a-b5a9-636118940449', '5866ad44-33b6-48c5-830f-102b844d0afc'),
('a627f52e-033e-46cf-89cb-37e5388ffbe7', '10a32652-af43-4451-bd52-4980c5690cc9', 'ecf4362e-dc5d-4655-bbc9-cdb1a2d1c742'),
('9d2137c7-6b46-4ef8-9f12-8acb24c363ec', '10a32652-af43-4451-bd52-4980c5690cc9', 'feb4eb21-3953-455c-878f-6be1603a3829'),
('f37e1138-8ad7-4893-bf3f-9d6a0759ae62', '10a32652-af43-4451-bd52-4980c5690cc9', '098677da-87a4-4030-8d81-89c6e4d3dca7'),
('e803b8c8-f6c9-435b-965e-8db47572b8d5', '10a32652-af43-4451-bd52-4980c5690cc9', '59b7ecea-f62f-4de6-bf7a-474a9460698d'),
('e20eac2b-67fe-4d52-9877-a0513c5f685b', 'c0b03b0d-bfce-453a-b5a9-636118940449', 'da1436fd-bd5d-4eed-ab8b-e8109d331bad'),
('8548004f-8044-48be-a44c-048fe074ec3f', 'c0b03b0d-bfce-453a-b5a9-636118940449', 'fc07da7d-5055-44f9-8ad4-6ce37b9a0c3e'),
('2518f4e9-b3aa-403c-ba85-20ceaab7ef94', '10a32652-af43-4451-bd52-4980c5690cc9', 'd55500de-d05c-4568-85b7-3cc5b25c68d1'),
('fc79f6f9-13e3-416e-81d2-3978a5ea1d14', 'c0b03b0d-bfce-453a-b5a9-636118940449', '24de5713-c481-49ec-b9f8-234b6527c684'),
('b28f4eea-d72f-4336-ba86-65c793d25112', 'c0b03b0d-bfce-453a-b5a9-636118940449', '329cc3eb-0410-452b-bad1-b681ec3329b1'),
('6956c85c-34b9-413f-9ee9-daeaa097dffe', 'c0b03b0d-bfce-453a-b5a9-636118940449', '987b082d-dbf5-4c7d-9bcd-6e7b0d49972c'),
('f706775b-f8a7-4c15-9ab2-0f57d393cf4e', '10a32652-af43-4451-bd52-4980c5690cc9', '3aae50bc-ac20-47d5-a442-caf38fa5f0f9'),
('967aa515-bcdc-47b9-a649-ae78524a2387', 'c0b03b0d-bfce-453a-b5a9-636118940449', '7a436d1a-b4d2-41ec-97c9-65008093c4fc'),
('9eea0cba-d470-4d37-8cb8-3f4f12f001b6', 'c0b03b0d-bfce-453a-b5a9-636118940449', 'f3fa7b21-3899-4ad3-8ca9-17ed4da87577');

--INSERT TIMESERIES--COUNT:153
INSERT INTO public.timeseries(id, slug, name, instrument_id, parameter_id, unit_id) 
VALUES
('90c2e009-6bbd-4f9c-852c-43973f9ea99e','air-temperature','Air-Temperature','ba7f146c-ade1-4c0c-b5e2-9a9e85c7d82d', 'b4ea8385-48a3-4e95-82fb-d102dfcbcb54', '2d379b61-fef6-4531-9e58-cace51909e44'),
('4afb21bc-473d-4738-b56e-064d3120227c','precipitation','Precipitation','ba7f146c-ade1-4c0c-b5e2-9a9e85c7d82d', '0ce77a5a-8283-47cd-9126-c440bcec4ef6', '4ee79a3d-a053-41b8-85b5-bb2eea3c9d1a'),
('cbf3e990-3b63-4e2d-a24c-6ea1844d862e','voltage','Voltage','a16dc8f6-009e-42d1-ad4e-95c3d2ea2673', '430e5edb-e2b5-4f86-b19f-cda26a27e151', '3254f483-5e66-405c-acf2-2a8add714bf5'),
('bdc8330f-fb36-48cb-b56b-e3dab1c66408','precipitation','Precipitation','96945d06-8d27-4d10-b652-a8f2e51f2557', '0ce77a5a-8283-47cd-9126-c440bcec4ef6', '4ee79a3d-a053-41b8-85b5-bb2eea3c9d1a'),
('e73ca34b-3cf9-42b4-a24d-2e31587d63ba','voltage','Voltage','96945d06-8d27-4d10-b652-a8f2e51f2557', '430e5edb-e2b5-4f86-b19f-cda26a27e151', '3254f483-5e66-405c-acf2-2a8add714bf5'),
('62f9de52-5a95-4d27-93d0-c8589c83867b','air-temperature','Air-Temperature','96945d06-8d27-4d10-b652-a8f2e51f2557', 'b4ea8385-48a3-4e95-82fb-d102dfcbcb54', '10e05b5c-7e96-434b-9182-a547333e1c52'),
('b5d03752-5cdb-40eb-b0c2-0d6f6ab1a6d4','precipitation','Precipitation','0827aea6-82b2-4525-b257-d06eb6489296', '0ce77a5a-8283-47cd-9126-c440bcec4ef6', '4ee79a3d-a053-41b8-85b5-bb2eea3c9d1a'),
('39a14355-cc31-4d6c-a8b8-c54611e5afae','precipitation','Precipitation','9be6949e-5129-4be7-b924-6b3612b5db34', '0ce77a5a-8283-47cd-9126-c440bcec4ef6', '4ee79a3d-a053-41b8-85b5-bb2eea3c9d1a'),
('2fcb8558-b1bf-4035-8b3f-6d58a9f87d2d','voltage','Voltage','9be6949e-5129-4be7-b924-6b3612b5db34', '430e5edb-e2b5-4f86-b19f-cda26a27e151', '6b5bd788-8c78-43bb-b5a3-ad544b858a64'),
('df0be3e8-532f-44f8-8cfe-01730726cee2','voltage','Voltage','2d8e0e00-a43c-456c-9b00-7647e2e3ac89', '430e5edb-e2b5-4f86-b19f-cda26a27e151', '3254f483-5e66-405c-acf2-2a8add714bf5'),
('8856af7b-f100-400e-a4c0-db18c5fb6c4f','air-temperature','Air-Temperature','00f9733d-07d0-4e28-ae35-26c01366aaaf', 'b4ea8385-48a3-4e95-82fb-d102dfcbcb54', '10e05b5c-7e96-434b-9182-a547333e1c52'),
('95484d30-e62f-4c68-a152-320ee96ee0d8','precipitation','Precipitation','00f9733d-07d0-4e28-ae35-26c01366aaaf', '0ce77a5a-8283-47cd-9126-c440bcec4ef6', '4ee79a3d-a053-41b8-85b5-bb2eea3c9d1a'),
('bea1971f-cc2b-47a6-a755-5e15666d1a5d','stage','Stage','00f9733d-07d0-4e28-ae35-26c01366aaaf', 'b49f214e-f69f-43da-9ce3-ad96042268d0', 'f777f2e2-5e32-424e-a1ca-19d16cd8abce'),
('4518e217-9e4b-4b7c-aa8e-94720dc767a5','precipitation','Precipitation','8578af90-d100-44da-85ae-3a49d8d128fe', '0ce77a5a-8283-47cd-9126-c440bcec4ef6', '4ee79a3d-a053-41b8-85b5-bb2eea3c9d1a'),
('5b0fb910-24fb-46a3-84f4-5cecf1758488','voltage','Voltage','8578af90-d100-44da-85ae-3a49d8d128fe', '430e5edb-e2b5-4f86-b19f-cda26a27e151', '3254f483-5e66-405c-acf2-2a8add714bf5'),
('edbc4494-f762-404a-b264-f777bf629ca0','air-temperature','Air-Temperature','8578af90-d100-44da-85ae-3a49d8d128fe', 'b4ea8385-48a3-4e95-82fb-d102dfcbcb54', '10e05b5c-7e96-434b-9182-a547333e1c52'),
('28f75a89-5c00-4fad-a931-00e3cc7feaf8','air-temperature','Air-Temperature','94911500-32be-4460-8b45-a0205172669c', 'b4ea8385-48a3-4e95-82fb-d102dfcbcb54', '10e05b5c-7e96-434b-9182-a547333e1c52'),
('8cb4c5b4-b6b7-40c6-b9ea-ed42649a8bc3','precipitation','Precipitation','94911500-32be-4460-8b45-a0205172669c', '0ce77a5a-8283-47cd-9126-c440bcec4ef6', '3254f483-5e66-405c-acf2-2a8add714bf5'),
('cb4a4fa7-144a-4ef6-bff4-5e6e38d68146','air-temperature','Air-Temperature','cb8de53b-f044-4771-ac3b-1d996af38c16', 'b4ea8385-48a3-4e95-82fb-d102dfcbcb54', '10e05b5c-7e96-434b-9182-a547333e1c52'),
('77533308-8c7f-49e2-910f-cdac3a90c4d7','precipitation','Precipitation','cb8de53b-f044-4771-ac3b-1d996af38c16', '0ce77a5a-8283-47cd-9126-c440bcec4ef6', '4ee79a3d-a053-41b8-85b5-bb2eea3c9d1a'),
('47911cc0-54b0-4786-a7ea-a14721dfd802','stage','Stage','cb8de53b-f044-4771-ac3b-1d996af38c16', 'b49f214e-f69f-43da-9ce3-ad96042268d0', 'f777f2e2-5e32-424e-a1ca-19d16cd8abce'),
('c8ce1291-1321-4f28-ae0e-484e9c397e9a','voltage','Voltage','cb8de53b-f044-4771-ac3b-1d996af38c16', '430e5edb-e2b5-4f86-b19f-cda26a27e151', '6b5bd788-8c78-43bb-b5a3-ad544b858a64'),
('8fc79a2e-8cff-44ff-91e6-9416201935b8','air-temperature','Air-Temperature','1a687a2d-4995-4dae-90b9-6c20a167cfe4', 'b4ea8385-48a3-4e95-82fb-d102dfcbcb54', '10e05b5c-7e96-434b-9182-a547333e1c52'),
('5147081d-30b6-46a7-a6cd-6905c0de5d34','precipitation','Precipitation','1a687a2d-4995-4dae-90b9-6c20a167cfe4', '0ce77a5a-8283-47cd-9126-c440bcec4ef6', '4ee79a3d-a053-41b8-85b5-bb2eea3c9d1a'),
('8b741dad-5635-4a2d-bab7-258dab54baa2','voltage','Voltage','1a687a2d-4995-4dae-90b9-6c20a167cfe4', '430e5edb-e2b5-4f86-b19f-cda26a27e151', '6b5bd788-8c78-43bb-b5a3-ad544b858a64'),
('39a7f35f-da59-4335-a1f7-8f15ec72622a','stage','Stage','1a687a2d-4995-4dae-90b9-6c20a167cfe4', 'b49f214e-f69f-43da-9ce3-ad96042268d0', 'f777f2e2-5e32-424e-a1ca-19d16cd8abce'),
('f85c83cd-4222-4444-adc9-ada15802ff5f','air-temperature','Air-Temperature','136cb9e0-3b46-43be-8182-e5e729db3a55', 'b4ea8385-48a3-4e95-82fb-d102dfcbcb54', '10e05b5c-7e96-434b-9182-a547333e1c52'),
('9954a800-02af-4e86-87d4-9af9483cfa5c','precipitation','Precipitation','136cb9e0-3b46-43be-8182-e5e729db3a55', '0ce77a5a-8283-47cd-9126-c440bcec4ef6', '4ee79a3d-a053-41b8-85b5-bb2eea3c9d1a'),
('6d480b7a-2b44-4e0f-9c8e-4dd3baa85aa4','stage','Stage','136cb9e0-3b46-43be-8182-e5e729db3a55', 'b49f214e-f69f-43da-9ce3-ad96042268d0', 'f777f2e2-5e32-424e-a1ca-19d16cd8abce'),
('e827287e-a401-4deb-a72e-5deae98f9c68','voltage','Voltage','136cb9e0-3b46-43be-8182-e5e729db3a55', '430e5edb-e2b5-4f86-b19f-cda26a27e151', '6b5bd788-8c78-43bb-b5a3-ad544b858a64'),
('aa8eb8df-1ee2-4338-98d4-719bc5e34c2e','air-temperature','Air-Temperature','1a127876-f15b-4d84-a547-63ce43e68012', 'b4ea8385-48a3-4e95-82fb-d102dfcbcb54', '10e05b5c-7e96-434b-9182-a547333e1c52'),
('ec6b34fb-c7b9-45e6-930d-960771460d2b','precipitation','Precipitation','1a127876-f15b-4d84-a547-63ce43e68012', '0ce77a5a-8283-47cd-9126-c440bcec4ef6', '4ee79a3d-a053-41b8-85b5-bb2eea3c9d1a'),
('2ace6dda-4aa7-4594-908a-817f280c236a','voltage','Voltage','1a127876-f15b-4d84-a547-63ce43e68012', '430e5edb-e2b5-4f86-b19f-cda26a27e151', '6b5bd788-8c78-43bb-b5a3-ad544b858a64'),
('c2aa7798-c6e1-4367-b09a-d8a158a19772','stage','Stage','1a127876-f15b-4d84-a547-63ce43e68012', 'b49f214e-f69f-43da-9ce3-ad96042268d0', 'f777f2e2-5e32-424e-a1ca-19d16cd8abce'),
('39c6709e-7d92-4774-aabf-854174957363','air-temperature','Air-Temperature','0ca2fc25-32a2-4cd6-9207-d2e988ec122d', 'b4ea8385-48a3-4e95-82fb-d102dfcbcb54', '10e05b5c-7e96-434b-9182-a547333e1c52'),
('93342370-62df-443e-be9b-a3ab93eade7a','precipitation','Precipitation','0ca2fc25-32a2-4cd6-9207-d2e988ec122d', '0ce77a5a-8283-47cd-9126-c440bcec4ef6', '4ee79a3d-a053-41b8-85b5-bb2eea3c9d1a'),
('7846846d-f597-43c7-8245-e381e58581f4','stage','Stage','0ca2fc25-32a2-4cd6-9207-d2e988ec122d', 'b49f214e-f69f-43da-9ce3-ad96042268d0', 'f777f2e2-5e32-424e-a1ca-19d16cd8abce'),
('cc19d7a9-8e3a-4328-b383-ee153d83647f','voltage','Voltage','0ca2fc25-32a2-4cd6-9207-d2e988ec122d', '430e5edb-e2b5-4f86-b19f-cda26a27e151', '6b5bd788-8c78-43bb-b5a3-ad544b858a64'),
('5fe24ff1-364b-466a-bab6-17bf6a9d4c6e','air-temperature','Air-Temperature','818b694f-feec-43cc-98d0-4aa8397616bf', 'b4ea8385-48a3-4e95-82fb-d102dfcbcb54', '10e05b5c-7e96-434b-9182-a547333e1c52'),
('d44219f9-e50d-4c8f-b658-0accb8c30c8b','precipitation','Precipitation','818b694f-feec-43cc-98d0-4aa8397616bf', '0ce77a5a-8283-47cd-9126-c440bcec4ef6', '4ee79a3d-a053-41b8-85b5-bb2eea3c9d1a'),
('56133379-ebae-4418-a864-ba7e3e10d9e0','stage','Stage','818b694f-feec-43cc-98d0-4aa8397616bf', 'b49f214e-f69f-43da-9ce3-ad96042268d0', 'f777f2e2-5e32-424e-a1ca-19d16cd8abce'),
('38ac222a-9ecd-48f4-90d9-1ae838dbd04f','voltage','Voltage','818b694f-feec-43cc-98d0-4aa8397616bf', '430e5edb-e2b5-4f86-b19f-cda26a27e151', '6b5bd788-8c78-43bb-b5a3-ad544b858a64'),
('18f70273-c6c9-463e-96b1-db8c9156e4cc','air-temperature','Air-Temperature','b42a6ac5-9c15-4851-8519-d4074580c794', 'b4ea8385-48a3-4e95-82fb-d102dfcbcb54', '10e05b5c-7e96-434b-9182-a547333e1c52'),
('afcbbd70-d2b4-4cb0-b840-b63fc15a5f0d','precipitation','Precipitation','b42a6ac5-9c15-4851-8519-d4074580c794', '0ce77a5a-8283-47cd-9126-c440bcec4ef6', '4ee79a3d-a053-41b8-85b5-bb2eea3c9d1a'),
('c679002b-bd74-4c38-a7fc-ac13bb2378dc','stage','Stage','b42a6ac5-9c15-4851-8519-d4074580c794', 'b49f214e-f69f-43da-9ce3-ad96042268d0', 'f777f2e2-5e32-424e-a1ca-19d16cd8abce'),
('add027df-b705-4339-a8dc-8102e698e881','voltage','Voltage','b42a6ac5-9c15-4851-8519-d4074580c794', '430e5edb-e2b5-4f86-b19f-cda26a27e151', '6b5bd788-8c78-43bb-b5a3-ad544b858a64'),
('370dbef2-cbfd-4731-9dc8-113e286c42c2','air-temperature','Air-Temperature','bf4dc42b-f317-41e7-b27e-0efc2f90a176', 'b4ea8385-48a3-4e95-82fb-d102dfcbcb54', '10e05b5c-7e96-434b-9182-a547333e1c52'),
('47245475-dc2f-415d-af84-1b9521fc19c2','precipitation','Precipitation','bf4dc42b-f317-41e7-b27e-0efc2f90a176', '0ce77a5a-8283-47cd-9126-c440bcec4ef6', '4ee79a3d-a053-41b8-85b5-bb2eea3c9d1a'),
('7de1ce35-b16b-4fcb-8030-0e63bfd1d553','voltage','Voltage','bf4dc42b-f317-41e7-b27e-0efc2f90a176', '430e5edb-e2b5-4f86-b19f-cda26a27e151', '6b5bd788-8c78-43bb-b5a3-ad544b858a64'),
('6f4f7ed9-333f-4499-93e8-54c2fd5654df','air-temperature','Air-Temperature','593d9f2d-0ed0-4899-81f0-1408e4e4fd18', 'b4ea8385-48a3-4e95-82fb-d102dfcbcb54', '10e05b5c-7e96-434b-9182-a547333e1c52'),
('388cb207-caf7-4d1b-a1a1-d10d4c16043c','precipitation','Precipitation','593d9f2d-0ed0-4899-81f0-1408e4e4fd18', '0ce77a5a-8283-47cd-9126-c440bcec4ef6', '4ee79a3d-a053-41b8-85b5-bb2eea3c9d1a'),
('d23cd36c-2843-4964-aa7f-132984a80323','air-temperature','Air-Temperature','9eeca841-ee77-4824-84bd-f0a9d97fdda7', 'b4ea8385-48a3-4e95-82fb-d102dfcbcb54', '10e05b5c-7e96-434b-9182-a547333e1c52'),
('2d472c81-0c7b-4d14-85de-e7eb7bf3b538','precipitation','Precipitation','9eeca841-ee77-4824-84bd-f0a9d97fdda7', '0ce77a5a-8283-47cd-9126-c440bcec4ef6', '4ee79a3d-a053-41b8-85b5-bb2eea3c9d1a'),
('f06a487e-6b57-4a59-aa12-03ad102862bb','voltage','Voltage','9eeca841-ee77-4824-84bd-f0a9d97fdda7', '430e5edb-e2b5-4f86-b19f-cda26a27e151', '6b5bd788-8c78-43bb-b5a3-ad544b858a64'),
('654108a6-63e8-42d3-b7bc-948d362b42e7','precipitation','Precipitation','df4c0585-fbbf-422c-a1ba-988c9629f5e6', '0ce77a5a-8283-47cd-9126-c440bcec4ef6', '4ee79a3d-a053-41b8-85b5-bb2eea3c9d1a'),
('c6d8a23f-1bb7-4ec8-b5c6-a3469d210379','voltage','Voltage','df4c0585-fbbf-422c-a1ba-988c9629f5e6', '430e5edb-e2b5-4f86-b19f-cda26a27e151', '3254f483-5e66-405c-acf2-2a8add714bf5'),
('31ac0e25-fa25-4965-a2ef-fef8605ded39','air-temperature','Air-Temperature','75c56d48-5840-4740-961d-453bd3f40987', 'b4ea8385-48a3-4e95-82fb-d102dfcbcb54', '10e05b5c-7e96-434b-9182-a547333e1c52'),
('96542ce4-ae54-4186-ae73-e226399e55e9','precipitation','Precipitation','75c56d48-5840-4740-961d-453bd3f40987', '0ce77a5a-8283-47cd-9126-c440bcec4ef6', '4ee79a3d-a053-41b8-85b5-bb2eea3c9d1a'),
('e03089f1-d796-4734-9969-87b3d620bc0f','stage','Stage','75c56d48-5840-4740-961d-453bd3f40987', 'b49f214e-f69f-43da-9ce3-ad96042268d0', 'f777f2e2-5e32-424e-a1ca-19d16cd8abce'),
('985fba0d-0224-415d-95e1-cec2262c8826','precipitation','Precipitation','a4a385d9-d079-4065-a6fb-2ba243f86c11', '0ce77a5a-8283-47cd-9126-c440bcec4ef6', '4ee79a3d-a053-41b8-85b5-bb2eea3c9d1a'),
('11f3150b-ba10-4107-81a3-e64f9a015d6b','voltage','Voltage','a4a385d9-d079-4065-a6fb-2ba243f86c11', '430e5edb-e2b5-4f86-b19f-cda26a27e151', '6b5bd788-8c78-43bb-b5a3-ad544b858a64'),
('e4b3f322-f51b-487a-b8bc-6f508a91db1a','stage','Stage','3bc0a05a-c70e-4d13-a373-40a413500ebc', 'b49f214e-f69f-43da-9ce3-ad96042268d0', 'f777f2e2-5e32-424e-a1ca-19d16cd8abce'),
('6e7acd1b-d7f7-4348-8528-869db9a8f988','precipitation','Precipitation','3bc0a05a-c70e-4d13-a373-40a413500ebc', '0ce77a5a-8283-47cd-9126-c440bcec4ef6', '4ee79a3d-a053-41b8-85b5-bb2eea3c9d1a'),
('e35dfffd-4823-4fe2-a43f-403c448f8bd2','voltage','Voltage','3bc0a05a-c70e-4d13-a373-40a413500ebc', '430e5edb-e2b5-4f86-b19f-cda26a27e151', '6b5bd788-8c78-43bb-b5a3-ad544b858a64'),
('935607b0-184c-416f-8901-d39b83321714','air-temperature','Air-Temperature','d85ca5c2-6f51-4afb-a52c-c1c098f354ac', 'b4ea8385-48a3-4e95-82fb-d102dfcbcb54', '10e05b5c-7e96-434b-9182-a547333e1c52'),
('1558293b-aaf6-4007-91b5-16a5065b3e87','precipitation','Precipitation','d85ca5c2-6f51-4afb-a52c-c1c098f354ac', '0ce77a5a-8283-47cd-9126-c440bcec4ef6', '4ee79a3d-a053-41b8-85b5-bb2eea3c9d1a'),
('a2228306-b9ac-4857-a2c5-6c80a38424a5','stage','Stage','d85ca5c2-6f51-4afb-a52c-c1c098f354ac', 'b49f214e-f69f-43da-9ce3-ad96042268d0', 'f777f2e2-5e32-424e-a1ca-19d16cd8abce'),
('1ca511c5-b45e-449e-af1c-c4e3dbcea6ac','voltage','Voltage','d85ca5c2-6f51-4afb-a52c-c1c098f354ac', '430e5edb-e2b5-4f86-b19f-cda26a27e151', '6b5bd788-8c78-43bb-b5a3-ad544b858a64'),
('11b33437-d987-4b4e-afd7-fa1d912acca3','stage','Stage','9d24e2ce-8572-4520-8157-7a03cc76bd85', 'b49f214e-f69f-43da-9ce3-ad96042268d0', 'f777f2e2-5e32-424e-a1ca-19d16cd8abce'),
('81a85c83-b93c-4194-9fd8-3a040e66042f','precipitation','Precipitation','9d24e2ce-8572-4520-8157-7a03cc76bd85', '0ce77a5a-8283-47cd-9126-c440bcec4ef6', '4ee79a3d-a053-41b8-85b5-bb2eea3c9d1a'),
('8d01a66a-dbd8-439f-9c89-c596c517eb9d','air-temperature','Air-Temperature','834aaa95-c01e-4a8b-84b7-27af345ca78c', 'b4ea8385-48a3-4e95-82fb-d102dfcbcb54', '10e05b5c-7e96-434b-9182-a547333e1c52'),
('79c2161f-312e-49eb-9855-0dbada919557','precipitation','Precipitation','834aaa95-c01e-4a8b-84b7-27af345ca78c', '0ce77a5a-8283-47cd-9126-c440bcec4ef6', '4ee79a3d-a053-41b8-85b5-bb2eea3c9d1a'),
('18511b7a-aa65-4528-ae03-4d47a0b49b8e','stage','Stage','834aaa95-c01e-4a8b-84b7-27af345ca78c', 'b49f214e-f69f-43da-9ce3-ad96042268d0', 'f777f2e2-5e32-424e-a1ca-19d16cd8abce'),
('7a5a1f20-a819-4a4e-b2e6-dfb0d062722f','voltage','Voltage','834aaa95-c01e-4a8b-84b7-27af345ca78c', '430e5edb-e2b5-4f86-b19f-cda26a27e151', '6b5bd788-8c78-43bb-b5a3-ad544b858a64'),
('2025480f-0311-4017-ada0-426b8d172758','air-temperature','Air-Temperature','cfe992d9-8c5c-46b3-b790-98bd6fde35b2', 'b4ea8385-48a3-4e95-82fb-d102dfcbcb54', '10e05b5c-7e96-434b-9182-a547333e1c52'),
('83e46126-7141-4028-be80-95ee74597495','precipitation','Precipitation','cfe992d9-8c5c-46b3-b790-98bd6fde35b2', '0ce77a5a-8283-47cd-9126-c440bcec4ef6', '4ee79a3d-a053-41b8-85b5-bb2eea3c9d1a'),
('6105cf29-fc26-4e15-bec3-efed7b1b1373','stage','Stage','bc2fdcb8-0b2f-474f-976c-6c87dd260143', 'b49f214e-f69f-43da-9ce3-ad96042268d0', 'f777f2e2-5e32-424e-a1ca-19d16cd8abce'),
('ec82b7f9-afa3-49a8-9130-bd9841c78371','precipitation','Precipitation','bc2fdcb8-0b2f-474f-976c-6c87dd260143', '0ce77a5a-8283-47cd-9126-c440bcec4ef6', '4ee79a3d-a053-41b8-85b5-bb2eea3c9d1a'),
('29135719-e62f-4f29-95f5-e008558ef720','voltage','Voltage','bc2fdcb8-0b2f-474f-976c-6c87dd260143', '430e5edb-e2b5-4f86-b19f-cda26a27e151', '6b5bd788-8c78-43bb-b5a3-ad544b858a64'),
('83826e51-e7cd-4798-aa5b-27230c8ef39d','precipitation','Precipitation','8c00f847-da05-4965-8119-f04158da3b54', '0ce77a5a-8283-47cd-9126-c440bcec4ef6', '4ee79a3d-a053-41b8-85b5-bb2eea3c9d1a'),
('c9165f0e-02c4-46f6-b26d-70a0dc276aac','air-temperature','Air-Temperature','8c00f847-da05-4965-8119-f04158da3b54', 'b4ea8385-48a3-4e95-82fb-d102dfcbcb54', '10e05b5c-7e96-434b-9182-a547333e1c52'),
('67304acc-a016-4176-9d70-f55dc6b0fcfe','voltage','Voltage','8c00f847-da05-4965-8119-f04158da3b54', '430e5edb-e2b5-4f86-b19f-cda26a27e151', '6b5bd788-8c78-43bb-b5a3-ad544b858a64'),
('49ac1c93-db28-4f70-9351-b9a2fc78477d','air-temperature','Air-Temperature','27d550b2-e59f-45a5-9b28-9846a77efdfa', 'b4ea8385-48a3-4e95-82fb-d102dfcbcb54', '10e05b5c-7e96-434b-9182-a547333e1c52'),
('26e1ec2b-d4a7-474d-9444-6baea7f11ede','precipitation','Precipitation','27d550b2-e59f-45a5-9b28-9846a77efdfa', '0ce77a5a-8283-47cd-9126-c440bcec4ef6', '4ee79a3d-a053-41b8-85b5-bb2eea3c9d1a'),
('100f9c45-3828-417d-adef-ea25944f7f53','stage','Stage','27d550b2-e59f-45a5-9b28-9846a77efdfa', 'b49f214e-f69f-43da-9ce3-ad96042268d0', 'f777f2e2-5e32-424e-a1ca-19d16cd8abce'),
('4f7bd28c-dcae-40a4-9f7b-4cd43df07eb2','stage','Stage','6d846897-1083-49dd-9a32-3c650e1578f6', 'b49f214e-f69f-43da-9ce3-ad96042268d0', 'f777f2e2-5e32-424e-a1ca-19d16cd8abce'),
('502e55a0-1a81-4cde-839c-800556573e7e','precipitation','Precipitation','6d846897-1083-49dd-9a32-3c650e1578f6', '0ce77a5a-8283-47cd-9126-c440bcec4ef6', '4ee79a3d-a053-41b8-85b5-bb2eea3c9d1a'),
('736b04db-3a55-4d3f-8a18-7ceaa67c059f','stage','Stage','5d282c8e-ff28-4227-b90f-66cc87834553', 'b49f214e-f69f-43da-9ce3-ad96042268d0', 'f777f2e2-5e32-424e-a1ca-19d16cd8abce'),
('0b69b179-f0e4-452e-b6d6-b48f55161264','stage','Stage','a79c2f39-a23c-4b94-9656-a7b1ca5eaccc', 'b49f214e-f69f-43da-9ce3-ad96042268d0', 'f777f2e2-5e32-424e-a1ca-19d16cd8abce'),
('41077ed7-f011-4584-b949-bc6dcaa51fa8','stage','Stage','e745ca0e-b476-45f4-829b-691ed48c6d4b', 'b49f214e-f69f-43da-9ce3-ad96042268d0', 'f777f2e2-5e32-424e-a1ca-19d16cd8abce'),
('bc3de4f4-517c-4cb5-a2f6-2ff99cc3352f','stage','Stage','0d2cd5d3-e139-43c7-896a-1526449c7e52', 'b49f214e-f69f-43da-9ce3-ad96042268d0', 'f777f2e2-5e32-424e-a1ca-19d16cd8abce'),
('ec89ac8e-ddc5-4126-94bf-823c3b07a4f4','stage','Stage','b62ff707-ae3c-416d-9718-b19e63bde806', 'b49f214e-f69f-43da-9ce3-ad96042268d0', 'f777f2e2-5e32-424e-a1ca-19d16cd8abce'),
('ea8ae0cb-f581-4692-922e-2fe36a01d1d3','stage','Stage','04aad57c-23be-4799-a527-adcadee079ee', 'b49f214e-f69f-43da-9ce3-ad96042268d0', 'f777f2e2-5e32-424e-a1ca-19d16cd8abce'),
('91b0fba1-396f-4689-8902-906a09eb73b3','stage','Stage','9712ade8-cd53-4020-9f16-104bb4992834', 'b49f214e-f69f-43da-9ce3-ad96042268d0', 'f777f2e2-5e32-424e-a1ca-19d16cd8abce'),
('69f2b29c-245e-440b-84a4-b04869d10b79','stage','Stage','9b2fc48a-fcad-408f-a22a-cc80004b8854', 'b49f214e-f69f-43da-9ce3-ad96042268d0', 'f777f2e2-5e32-424e-a1ca-19d16cd8abce'),
('71e81b84-bb83-47a9-8b68-1d49b3623fd3','stage','Stage','6f927220-aa7c-4534-acd7-97d56797adbf', 'b49f214e-f69f-43da-9ce3-ad96042268d0', 'f777f2e2-5e32-424e-a1ca-19d16cd8abce'),
('0a9d1090-2303-4be2-9c34-df55ec3d9d58','stage','Stage','b8f39348-ad52-4e3e-bc32-1b204108bd30', 'b49f214e-f69f-43da-9ce3-ad96042268d0', 'f777f2e2-5e32-424e-a1ca-19d16cd8abce'),
('c670c7e1-e28d-41aa-9b0f-89f2c99a68a9','stage','Stage','ac669939-8e61-4fc9-81de-f7b5eabf28ec', 'b49f214e-f69f-43da-9ce3-ad96042268d0', 'f777f2e2-5e32-424e-a1ca-19d16cd8abce'),
('34f3ea81-efef-4c66-ba8d-d04e7450b9a9','stage','Stage','cb60fe8a-6898-4bf8-8a74-d68e44e87ba8', 'b49f214e-f69f-43da-9ce3-ad96042268d0', 'f777f2e2-5e32-424e-a1ca-19d16cd8abce'),
('36dc94cb-484a-4d56-89c0-879c71f8914e','stage','Stage','f33df158-81c1-468c-84f0-bc5735fd849e', 'b49f214e-f69f-43da-9ce3-ad96042268d0', 'f777f2e2-5e32-424e-a1ca-19d16cd8abce'),
('d3246506-36f2-43b4-9922-86b3631c0aa2','stage','Stage','66150415-b2db-46ba-8aa2-4246cc463d9a', 'b49f214e-f69f-43da-9ce3-ad96042268d0', 'f777f2e2-5e32-424e-a1ca-19d16cd8abce'),
('90fe9441-61d5-46ff-be49-bf3491631656','stage','Stage','44ac1f0e-d8b3-4e9e-8f86-11ae7e50fe5f', 'b49f214e-f69f-43da-9ce3-ad96042268d0', 'f777f2e2-5e32-424e-a1ca-19d16cd8abce'),
('3e22e9aa-df1e-4445-b9f3-a5b5a6f8b8e0','stage','Stage','e5960d2c-3fc0-4e99-a5fe-16722bcbad47', 'b49f214e-f69f-43da-9ce3-ad96042268d0', 'f777f2e2-5e32-424e-a1ca-19d16cd8abce'),
('7ca31ac3-01bb-450f-9b9a-a26defdd52fd','stage','Stage','01a956f6-158c-424b-9f41-33e8b0fc6975', 'b49f214e-f69f-43da-9ce3-ad96042268d0', 'f777f2e2-5e32-424e-a1ca-19d16cd8abce'),
('c5c84952-6d9f-4a88-85b2-ca1b3bb2adf4','stage','Stage','f5fc2904-a4aa-4f12-8bbb-85f2295a2069', 'b49f214e-f69f-43da-9ce3-ad96042268d0', 'f777f2e2-5e32-424e-a1ca-19d16cd8abce'),
('cf9437ae-3107-4214-91e7-e2ea263995a6','stage','Stage','f65ecead-ce27-49a6-a5a9-b74113f56d95', 'b49f214e-f69f-43da-9ce3-ad96042268d0', 'f777f2e2-5e32-424e-a1ca-19d16cd8abce'),
('0cc7a5dd-426f-42db-9e7b-c7d34c2a57cb','stage','Stage','82882c0b-2013-4dc7-a801-1166064e6484', 'b49f214e-f69f-43da-9ce3-ad96042268d0', 'f777f2e2-5e32-424e-a1ca-19d16cd8abce'),
('189f63fe-e662-426e-b6ce-a231ab656d6f','stage','Stage','0a4a6fae-95ae-4943-8499-a88a2e805bac', 'b49f214e-f69f-43da-9ce3-ad96042268d0', 'f777f2e2-5e32-424e-a1ca-19d16cd8abce'),
('f3ff3eaf-9713-4200-85d5-01f076346179','stage','Stage','537ae103-2df7-472a-856b-f317e5fa26f1', 'b49f214e-f69f-43da-9ce3-ad96042268d0', 'f777f2e2-5e32-424e-a1ca-19d16cd8abce'),
('1b0a8caf-ef86-4c13-9169-351e70d7640a','stage','Stage','553eb778-60ff-4ddd-af6a-6d8fec279cfe', 'b49f214e-f69f-43da-9ce3-ad96042268d0', 'f777f2e2-5e32-424e-a1ca-19d16cd8abce'),
('f654aaf9-2822-425a-adbb-89664f450c47','stage','Stage','1bd4a9e8-fcac-46ca-8c84-b9fe5cff9680', 'b49f214e-f69f-43da-9ce3-ad96042268d0', 'f777f2e2-5e32-424e-a1ca-19d16cd8abce'),
('add161e9-372d-4108-a923-627bb1a80d14','stage','Stage','5fad6bf6-639c-47d3-bad4-b8b2f24917bc', 'b49f214e-f69f-43da-9ce3-ad96042268d0', 'f777f2e2-5e32-424e-a1ca-19d16cd8abce'),
('cd8a0a8f-da7c-4a7d-b026-fc67f7abae2f','stage','Stage','5a767c06-565d-4504-91bb-bbfa38938147', 'b49f214e-f69f-43da-9ce3-ad96042268d0', 'f777f2e2-5e32-424e-a1ca-19d16cd8abce'),
('326880bb-482f-449f-932e-59b35f041731','stage','Stage','8b9e5146-f636-43b0-994f-bb5409bf5d8f', 'b49f214e-f69f-43da-9ce3-ad96042268d0', 'f777f2e2-5e32-424e-a1ca-19d16cd8abce'),
('3cfee79f-acfd-47ff-801c-5924eb05091c','stage','Stage','6aa941d4-526f-4954-9cd9-4a9e1b594458', 'b49f214e-f69f-43da-9ce3-ad96042268d0', 'f777f2e2-5e32-424e-a1ca-19d16cd8abce'),
('a24b3618-6b9b-444c-94e2-9db16ec8cfc3','stage','Stage','a4de2bc1-81c0-4c1d-8f8b-b40f5ee7c032', 'b49f214e-f69f-43da-9ce3-ad96042268d0', 'f777f2e2-5e32-424e-a1ca-19d16cd8abce'),
('0f57d960-79c7-4487-97d8-fcbf6326e7d0','stage','Stage','d8838f8d-d360-46cb-845c-c5897fb9ed45', 'b49f214e-f69f-43da-9ce3-ad96042268d0', 'f777f2e2-5e32-424e-a1ca-19d16cd8abce'),
('5bd832fb-d04b-43fd-966d-13f5f0aa1705','stage','Stage','cb832c4d-e625-4c83-903a-9e9b1ffd5af4', 'b49f214e-f69f-43da-9ce3-ad96042268d0', 'f777f2e2-5e32-424e-a1ca-19d16cd8abce'),
('55fd66b3-9d9c-464b-8ff1-2f7a270c12a0','stage','Stage','4f456122-f3cd-4c72-a124-a806b396ee8f', 'b49f214e-f69f-43da-9ce3-ad96042268d0', 'f777f2e2-5e32-424e-a1ca-19d16cd8abce'),
('92235458-64b2-414b-b6bf-f9b1d15c4e49','stage','Stage','c8ddcc69-4834-4621-b48d-c64d52bfc07b', 'b49f214e-f69f-43da-9ce3-ad96042268d0', 'f777f2e2-5e32-424e-a1ca-19d16cd8abce'),
('b667ea11-be52-4dc0-8623-0c9ea42a4215','stage','Stage','cff98845-d6eb-4b98-95fe-6ab991340ff4', 'b49f214e-f69f-43da-9ce3-ad96042268d0', 'f777f2e2-5e32-424e-a1ca-19d16cd8abce'),
('f6e8be2d-352c-4454-9be1-006d8dd70347','stage','Stage','ed4d243e-5277-4707-8a17-443659d26e79', 'b49f214e-f69f-43da-9ce3-ad96042268d0', 'f777f2e2-5e32-424e-a1ca-19d16cd8abce'),
('cf734681-34f1-4acd-9bce-3c6755f0900d','stage','Stage','877903b5-8bdb-4df7-9eea-5102159f4c8f', 'b49f214e-f69f-43da-9ce3-ad96042268d0', 'f777f2e2-5e32-424e-a1ca-19d16cd8abce'),
('306f3d39-6669-445b-bfa4-484c69ab347c','stage','Stage','da8062b8-3875-480e-91ce-218794860ec0', 'b49f214e-f69f-43da-9ce3-ad96042268d0', 'f777f2e2-5e32-424e-a1ca-19d16cd8abce'),
('f7a95bb5-c8fb-4027-9cb9-6cde804eca72','stage','Stage','3d939d27-2cee-43e9-919a-c490ebbd2db1', 'b49f214e-f69f-43da-9ce3-ad96042268d0', 'f777f2e2-5e32-424e-a1ca-19d16cd8abce'),
('7d576c6e-bacc-4b23-98e3-0f6863454359','stage','Stage','530763d9-01dd-49fa-a8ac-a5af2f971294', 'b49f214e-f69f-43da-9ce3-ad96042268d0', 'f777f2e2-5e32-424e-a1ca-19d16cd8abce'),
('d76726c6-4ec9-4465-af14-7085f760c0f3','stage','Stage','a49e5740-1db1-4564-a2d2-c7bcb4fa9c83', 'b49f214e-f69f-43da-9ce3-ad96042268d0', 'f777f2e2-5e32-424e-a1ca-19d16cd8abce'),
('9b4cadcc-785d-4eb9-bd6a-8d5553f41b30','precipitation','Precipitation','a49e5740-1db1-4564-a2d2-c7bcb4fa9c83', '0ce77a5a-8283-47cd-9126-c440bcec4ef6', '4ee79a3d-a053-41b8-85b5-bb2eea3c9d1a'),
('4dfafca2-85fb-435a-9b85-f7632da8fced','stage','Stage','4d10bd0f-afb1-4cf1-8daa-b28757b58731', 'b49f214e-f69f-43da-9ce3-ad96042268d0', 'f777f2e2-5e32-424e-a1ca-19d16cd8abce'),
('c7165919-01f5-4973-af51-0f3d914e419c','stage','Stage','3bba455b-4a3b-4d7e-987c-f6e89b9f4817', 'b49f214e-f69f-43da-9ce3-ad96042268d0', 'f777f2e2-5e32-424e-a1ca-19d16cd8abce'),
('21637954-d82f-4c2a-bb50-6050dc8b3e9b','stage','Stage','0cd55a61-8fbe-4bdf-b2d3-ce828c5f79e0', 'b49f214e-f69f-43da-9ce3-ad96042268d0', 'f777f2e2-5e32-424e-a1ca-19d16cd8abce'),
('968110f5-79f8-477e-a666-873ecb2888b1','stage','Stage','a537df19-b26c-4c12-92fa-8e1b04914301', 'b49f214e-f69f-43da-9ce3-ad96042268d0', 'f777f2e2-5e32-424e-a1ca-19d16cd8abce'),
('e9ef6a49-c1d2-40da-9b4f-7e55db34d79e','stage','Stage','93358fb8-1751-493d-b7af-2dba3a50817f', 'b49f214e-f69f-43da-9ce3-ad96042268d0', 'f777f2e2-5e32-424e-a1ca-19d16cd8abce'),
('c6dc8f10-f3b9-4724-8316-d87162fa8a08','water-temperature','Water-Temperature','93358fb8-1751-493d-b7af-2dba3a50817f', 'de6112da-8489-4286-ae56-ec72aa09974d', '10e05b5c-7e96-434b-9182-a547333e1c52'),
('f1685c7c-d3c2-43a0-8a8f-41f9ac79b61b','stage','Stage','a70157ad-7568-40ff-a5ff-3a9059dd3999', 'b49f214e-f69f-43da-9ce3-ad96042268d0', 'f777f2e2-5e32-424e-a1ca-19d16cd8abce'),
('953c28a1-9ae7-4747-b4b1-3e7e76bb4678','stage','Stage','f5e0a98a-541f-42f9-8366-92939535ea02', 'b49f214e-f69f-43da-9ce3-ad96042268d0', 'f777f2e2-5e32-424e-a1ca-19d16cd8abce'),
('a8b58163-923b-4408-85b3-4e8dc91e31b8','stage','Stage','57bcaa31-0d89-4041-9d33-471e606aa44f', 'b49f214e-f69f-43da-9ce3-ad96042268d0', 'f777f2e2-5e32-424e-a1ca-19d16cd8abce'),
('abcd237e-0584-4892-97fb-082dd40f0368','stage','Stage','ce09a25f-3018-4bd4-9138-a36622bc7859', 'b49f214e-f69f-43da-9ce3-ad96042268d0', 'f777f2e2-5e32-424e-a1ca-19d16cd8abce'),
('30059163-2842-4fd5-b506-888ea06bc80a','stage','Stage','9db49d0c-7e1a-4ce5-97c1-6c5e3c068e3d', 'b49f214e-f69f-43da-9ce3-ad96042268d0', 'f777f2e2-5e32-424e-a1ca-19d16cd8abce'),
('03872aca-7e18-477d-9821-2473297f7be0','stage','Stage','edfd48f9-27de-4cd7-80e5-7d7dc5560551', 'b49f214e-f69f-43da-9ce3-ad96042268d0', 'f777f2e2-5e32-424e-a1ca-19d16cd8abce'),
('fff94a68-5dfb-4fa3-8b73-65c1dfaafa04','stage','Stage','affd94dd-3d0f-4eee-ae6a-2d0fe36c7fd1', 'b49f214e-f69f-43da-9ce3-ad96042268d0', 'f777f2e2-5e32-424e-a1ca-19d16cd8abce'),
('714d2d1c-8098-434d-a233-a00041cbec0d','stage','Stage','b762b187-d886-4edf-83e1-6a1a26996c0c', 'b49f214e-f69f-43da-9ce3-ad96042268d0', 'f777f2e2-5e32-424e-a1ca-19d16cd8abce'),
('edf913c8-4e6b-4e1d-8209-24ff1766896f','precipitation','Precipitation','d0380d12-1265-49a8-8d68-78655951ca54', '0ce77a5a-8283-47cd-9126-c440bcec4ef6', '4ee79a3d-a053-41b8-85b5-bb2eea3c9d1a'),
('c18f1ab1-bba3-458b-8f38-bc943c544546','air-temperature','Air-Temperature','d0380d12-1265-49a8-8d68-78655951ca54', 'b4ea8385-48a3-4e95-82fb-d102dfcbcb54', '10e05b5c-7e96-434b-9182-a547333e1c52'),
('e1f8eddd-e7a8-4f54-843a-3a364e142a57','precipitation','Precipitation','dcdafb50-2824-405a-8a66-c3569ea2e5ce', '0ce77a5a-8283-47cd-9126-c440bcec4ef6', '4ee79a3d-a053-41b8-85b5-bb2eea3c9d1a'),
('a8ba7018-0ddb-4a54-8b82-fa78996c9559','air-temperature','Air-Temperature','dcdafb50-2824-405a-8a66-c3569ea2e5ce', 'b4ea8385-48a3-4e95-82fb-d102dfcbcb54', '10e05b5c-7e96-434b-9182-a547333e1c52'),
('c2c66baf-895b-4bf2-9581-1d68948cd3ec','stage','Stage','31b1b10b-4eab-4769-ab4a-cdc4d698778b', 'b49f214e-f69f-43da-9ce3-ad96042268d0', 'f777f2e2-5e32-424e-a1ca-19d16cd8abce'),
('f6385a74-a476-4e6b-aa36-f646fb4265b4','stage','Stage','cea35093-cf14-4565-ab5c-8be0c3ebccdc', 'b49f214e-f69f-43da-9ce3-ad96042268d0', 'f777f2e2-5e32-424e-a1ca-19d16cd8abce'),
('fe160f3b-34c3-4ba1-9e47-06b3430ac2d6','stage','Stage','b59a72c7-aac0-4872-a6a1-54328d167634', 'b49f214e-f69f-43da-9ce3-ad96042268d0', 'f777f2e2-5e32-424e-a1ca-19d16cd8abce'),
('722a38d8-2408-4d30-9cf5-aae5a4363020','stage','Stage','4e7b8e3f-1df3-4e07-9baf-6ebec1bf0c57', 'b49f214e-f69f-43da-9ce3-ad96042268d0', 'f777f2e2-5e32-424e-a1ca-19d16cd8abce'),
('4bb34f7e-4e8a-4939-8f7a-1116fdeba041','air-temperature','Air-Temperature','aae9d540-b8a7-416a-936a-b9145468b21e', 'b4ea8385-48a3-4e95-82fb-d102dfcbcb54', '2d379b61-fef6-4531-9e58-cace51909e44'),
('a1beed80-2333-4597-be16-f32735432ec3','precipitation','Precipitation','aae9d540-b8a7-416a-936a-b9145468b21e', '0ce77a5a-8283-47cd-9126-c440bcec4ef6', '612d6fa5-954a-40fd-86d6-c21a75fe6cff'),
('9e91a218-f57b-48e7-b126-e9897adaecab','precipitation','Precipitation','87ce5712-fd02-4f08-a1d0-0687360bdfcc', '0ce77a5a-8283-47cd-9126-c440bcec4ef6', 'ae06a7db-1e18-4994-be41-9d5a408d6cad'),
('cf01957a-4e95-4202-b2fd-f982203252b6','air-temperature','Air-Temperature','abe0ba5f-6269-4809-b6a9-ca3ba93019fc', 'b4ea8385-48a3-4e95-82fb-d102dfcbcb54', '10e05b5c-7e96-434b-9182-a547333e1c52'),
('83c473bf-0007-4c71-8e68-b24c4bb9e93f','air-temperature','Air-Temperature','aa6847d8-b1a5-452b-9db8-c2bb8300c8cc', 'b4ea8385-48a3-4e95-82fb-d102dfcbcb54', '10e05b5c-7e96-434b-9182-a547333e1c52'),
('fd98cf6e-6b74-4241-b7b9-414d4dd5ebc7','stage','Stage','f9b3916a-9991-4832-b56a-ceb4f12b52c2', 'b49f214e-f69f-43da-9ce3-ad96042268d0', 'f777f2e2-5e32-424e-a1ca-19d16cd8abce'),
('43e7e6e8-6447-42f0-a2e1-86778b76c8e1','stage','Stage','722c001d-8b7e-47d6-b953-851485df8100', 'b49f214e-f69f-43da-9ce3-ad96042268d0', 'f777f2e2-5e32-424e-a1ca-19d16cd8abce'),
('b62efc69-77b1-4bbb-aed9-28cd035b3701','stage','Stage','d998e68b-1a29-42e0-8158-14c979dd2507', 'b49f214e-f69f-43da-9ce3-ad96042268d0', 'f777f2e2-5e32-424e-a1ca-19d16cd8abce'),
('c0601d36-fc6b-4efe-b08d-b57cdb16a3a7','stage','Stage','2e286a65-85d0-4115-b298-98f325a06847', 'b49f214e-f69f-43da-9ce3-ad96042268d0', 'f777f2e2-5e32-424e-a1ca-19d16cd8abce'),
('26594a02-f641-40bd-bd0c-1ed77b3cc854','stage','Stage','53422e2b-0fe4-4c4e-8c1d-12a82e849ec9', 'b49f214e-f69f-43da-9ce3-ad96042268d0', 'f777f2e2-5e32-424e-a1ca-19d16cd8abce'),
('c0f8c36c-f383-44ec-8ed5-8151446e020d','stage','Stage','10a32c15-f8c1-4e47-9e49-bbe059d5c007', 'b49f214e-f69f-43da-9ce3-ad96042268d0', 'f777f2e2-5e32-424e-a1ca-19d16cd8abce'),
('97ad5e72-08da-4daa-80d1-1bc5ccde9c81','stage','Stage','58c0dd1f-9042-4609-8ed7-2741c9198718', 'b49f214e-f69f-43da-9ce3-ad96042268d0', 'f777f2e2-5e32-424e-a1ca-19d16cd8abce'),
('762ab85f-397e-42b7-b576-758963bf0e56','stage','Stage','ffcf2405-0279-47dc-9d67-515687eba5f6', 'b49f214e-f69f-43da-9ce3-ad96042268d0', 'f777f2e2-5e32-424e-a1ca-19d16cd8abce'),
('ccf007c2-a299-48a5-823f-fae7d000dfb0','stage','Stage','1a02dbd5-7967-43cb-aa77-effb6aa209e7', 'b49f214e-f69f-43da-9ce3-ad96042268d0', 'f777f2e2-5e32-424e-a1ca-19d16cd8abce'),
('634021a3-7318-4802-b2f0-45c8cf214f60','stage','Stage','a1e96fc0-0e78-4705-bb8e-6c46ad0b6d6a', 'b49f214e-f69f-43da-9ce3-ad96042268d0', 'f777f2e2-5e32-424e-a1ca-19d16cd8abce'),
('3aeed00a-588d-40c9-b410-5acfa3b0bcf2','stage','Stage','818e9a87-163a-4831-a0fd-a4001e0165e2', 'b49f214e-f69f-43da-9ce3-ad96042268d0', 'f777f2e2-5e32-424e-a1ca-19d16cd8abce'),
('65af473f-bb63-4934-b23f-08b12d0e5e5c','air-temperature','Air-Temperature','818e9a87-163a-4831-a0fd-a4001e0165e2', 'b4ea8385-48a3-4e95-82fb-d102dfcbcb54', '10e05b5c-7e96-434b-9182-a547333e1c52'),
('c0895014-deae-45ca-843b-9d4c67aacd0d','stage','Stage','e5ac7c93-50af-43c3-b62a-dca3a6c2444c', 'b49f214e-f69f-43da-9ce3-ad96042268d0', 'f777f2e2-5e32-424e-a1ca-19d16cd8abce'),
('7a8e4ebf-dc85-4648-9316-d722104d1aa5','stage','Stage','ae976bb1-dc1a-4ed7-93fb-6f58e4f854e0', 'b49f214e-f69f-43da-9ce3-ad96042268d0', 'f777f2e2-5e32-424e-a1ca-19d16cd8abce'),
('192de17d-df4c-4362-8811-a0e137b1dacf','stage','Stage','759d8ecd-798e-4227-8911-8b168e6934c3', 'b49f214e-f69f-43da-9ce3-ad96042268d0', 'f777f2e2-5e32-424e-a1ca-19d16cd8abce'),
('8a5b659f-fe5f-40a6-bd3d-3deed369257a','stage','Stage','057c05ee-d15c-4ed2-af84-a407617f545d', 'b49f214e-f69f-43da-9ce3-ad96042268d0', 'f777f2e2-5e32-424e-a1ca-19d16cd8abce'),
('71e1fd14-417a-4d3a-9fa1-473ded59610f','air-temperature','Air-Temperature','4f64435a-b798-4a80-bbce-53ea32981750', 'b4ea8385-48a3-4e95-82fb-d102dfcbcb54', '10e05b5c-7e96-434b-9182-a547333e1c52'),
('7fdabe49-65e6-4d8c-bd78-3133d923b093','water-temperature','Water-Temperature','4f64435a-b798-4a80-bbce-53ea32981750', 'de6112da-8489-4286-ae56-ec72aa09974d', '10e05b5c-7e96-434b-9182-a547333e1c52'),
('9e73da12-d7c5-4f4e-9f8a-2798c43b6808','air-temperature','Air-Temperature','36bc37e0-eca1-4cf9-a27c-1d18109dc581', 'b4ea8385-48a3-4e95-82fb-d102dfcbcb54', '10e05b5c-7e96-434b-9182-a547333e1c52'),
('bfef52b7-4ae3-4374-87ea-e30fb5c9d475','precipitation','Precipitation','36bc37e0-eca1-4cf9-a27c-1d18109dc581', '0ce77a5a-8283-47cd-9126-c440bcec4ef6', '4ee79a3d-a053-41b8-85b5-bb2eea3c9d1a'),
('4b15ecce-b7a0-407a-b5c2-3628bf5ccfab','stage','Stage','ca33744c-9ca9-430e-a10b-326e238ecd5b', 'b49f214e-f69f-43da-9ce3-ad96042268d0', 'f777f2e2-5e32-424e-a1ca-19d16cd8abce'),
('e5e30592-9db5-47a7-b2dc-30c6ebb79cad','stage','Stage','e58e32cf-3c39-42af-a068-abb5c71db22c', 'b49f214e-f69f-43da-9ce3-ad96042268d0', 'f777f2e2-5e32-424e-a1ca-19d16cd8abce'),
('20fdd964-0ab4-45c8-8a72-4148c5ee11e0','precipitation','Precipitation','206e4912-6187-4ca0-b278-6ba8d0156664', '0ce77a5a-8283-47cd-9126-c440bcec4ef6', 'ae06a7db-1e18-4994-be41-9d5a408d6cad'),
('408b5083-03a2-43c3-8777-112d615f33a4','stage','Stage','0d4e5339-4141-43c9-acfb-deb3133633c0', 'b49f214e-f69f-43da-9ce3-ad96042268d0', 'f777f2e2-5e32-424e-a1ca-19d16cd8abce'),
('3fc6a588-d67a-46c6-9dc3-8ead00442501','stage','Stage','69c2e36d-6a02-4aca-ad75-0702763479ad', 'b49f214e-f69f-43da-9ce3-ad96042268d0', 'f777f2e2-5e32-424e-a1ca-19d16cd8abce'),
('d6d65c06-171d-49e6-a617-b19259df8e8a','stage','Stage','eb844d9c-11d9-43ba-880a-1833a0b9fde5', 'b49f214e-f69f-43da-9ce3-ad96042268d0', 'f777f2e2-5e32-424e-a1ca-19d16cd8abce'),
('3ba18df4-d416-4555-b2b7-9dfcd7039e3e','water-temperature','Water-Temperature','eb844d9c-11d9-43ba-880a-1833a0b9fde5', 'de6112da-8489-4286-ae56-ec72aa09974d', '10e05b5c-7e96-434b-9182-a547333e1c52'),
('94fa3b2e-ca24-4e82-b615-25994a86467a','stage','Stage','d57e939f-855d-4ec1-9014-8d9b30e7bf4c', 'b49f214e-f69f-43da-9ce3-ad96042268d0', 'f777f2e2-5e32-424e-a1ca-19d16cd8abce'),
('4adf01e4-4563-418e-8598-36246644a00c','stage','Stage','dc6efaeb-b255-4a78-8ccc-21863951f4f9', 'b49f214e-f69f-43da-9ce3-ad96042268d0', 'f777f2e2-5e32-424e-a1ca-19d16cd8abce'),
('f97d9bda-b194-4d65-a8a7-4327f48ef8f0','stage','Stage','444b4886-4795-4747-a028-d96815c16503', 'b49f214e-f69f-43da-9ce3-ad96042268d0', 'f777f2e2-5e32-424e-a1ca-19d16cd8abce'),
('010940a0-778e-43ab-ba2e-15ecd6b48a25','stage','Stage','a627f52e-033e-46cf-89cb-37e5388ffbe7', 'b49f214e-f69f-43da-9ce3-ad96042268d0', 'f777f2e2-5e32-424e-a1ca-19d16cd8abce'),
('668221e2-d43d-4507-9302-50978668b404','stage','Stage','9d2137c7-6b46-4ef8-9f12-8acb24c363ec', 'b49f214e-f69f-43da-9ce3-ad96042268d0', 'f777f2e2-5e32-424e-a1ca-19d16cd8abce'),
('80c632ae-8f61-4692-894e-246d7e0c4e2e','air-temperature','Air-Temperature','9d2137c7-6b46-4ef8-9f12-8acb24c363ec', 'b4ea8385-48a3-4e95-82fb-d102dfcbcb54', '10e05b5c-7e96-434b-9182-a547333e1c52'),
('8aca216a-f4bc-445a-b45c-cdd17552e66a','precipitation','Precipitation','9d2137c7-6b46-4ef8-9f12-8acb24c363ec', '0ce77a5a-8283-47cd-9126-c440bcec4ef6', '4ee79a3d-a053-41b8-85b5-bb2eea3c9d1a'),
('f2b4c341-15f9-4274-a9c3-f2e0c4f9c930','stage','Stage','f37e1138-8ad7-4893-bf3f-9d6a0759ae62', 'b49f214e-f69f-43da-9ce3-ad96042268d0', 'f777f2e2-5e32-424e-a1ca-19d16cd8abce'),
('e3dcd486-24d7-4f63-8593-6e455c2efa2c','stage','Stage','e803b8c8-f6c9-435b-965e-8db47572b8d5', 'b49f214e-f69f-43da-9ce3-ad96042268d0', 'f777f2e2-5e32-424e-a1ca-19d16cd8abce'),
('d1b895d3-6140-40c4-a8e3-5400b37e3c9b','stage','Stage','e20eac2b-67fe-4d52-9877-a0513c5f685b', 'b49f214e-f69f-43da-9ce3-ad96042268d0', 'ae06a7db-1e18-4994-be41-9d5a408d6cad'),
('5055eb98-8d79-443b-9bcb-440706ad47ef','air-temperature','Air-Temperature','e20eac2b-67fe-4d52-9877-a0513c5f685b', 'b4ea8385-48a3-4e95-82fb-d102dfcbcb54', '2d379b61-fef6-4531-9e58-cace51909e44'),
('87097bb1-7399-4dda-b67d-3ec8ee0bbfa6','stage','Stage','b0190dc8-60af-4b8f-9ef4-17f464b38f5b', 'b49f214e-f69f-43da-9ce3-ad96042268d0', 'f777f2e2-5e32-424e-a1ca-19d16cd8abce'),
('cba23f04-ed5a-4cd8-a0b0-39cb46c7cbdc','air-temperature','Air-Temperature','b0190dc8-60af-4b8f-9ef4-17f464b38f5b', 'b4ea8385-48a3-4e95-82fb-d102dfcbcb54', '10e05b5c-7e96-434b-9182-a547333e1c52'),
('6857b2d5-14c2-45a2-bb5b-51db1430d7fe','air-temperature','Air-Temperature','3e40ee6b-40a3-49d2-b0e3-14e5c98c3356', 'b4ea8385-48a3-4e95-82fb-d102dfcbcb54', '10e05b5c-7e96-434b-9182-a547333e1c52'),
('5663a2d5-8324-4621-835b-574a035ed796','precipitation','Precipitation','3e40ee6b-40a3-49d2-b0e3-14e5c98c3356', '0ce77a5a-8283-47cd-9126-c440bcec4ef6', '4ee79a3d-a053-41b8-85b5-bb2eea3c9d1a'),
('061aea37-93aa-4352-ac17-4ab3733a911a','stage','Stage','3e40ee6b-40a3-49d2-b0e3-14e5c98c3356', 'b49f214e-f69f-43da-9ce3-ad96042268d0', 'f777f2e2-5e32-424e-a1ca-19d16cd8abce'),
('d2db5497-a07b-42c0-9cc1-1313f3479b25','voltage','Voltage','3e40ee6b-40a3-49d2-b0e3-14e5c98c3356', '430e5edb-e2b5-4f86-b19f-cda26a27e151', '6b5bd788-8c78-43bb-b5a3-ad544b858a64'),
('d97d265c-031d-4cea-8059-e31e0c3887f1','precipitation','Precipitation','2518f4e9-b3aa-403c-ba85-20ceaab7ef94', '0ce77a5a-8283-47cd-9126-c440bcec4ef6', '4ee79a3d-a053-41b8-85b5-bb2eea3c9d1a'),
('7a74a308-9fc8-4194-9eb5-108089d03ffd','air-temperature','Air-Temperature','2518f4e9-b3aa-403c-ba85-20ceaab7ef94', 'b4ea8385-48a3-4e95-82fb-d102dfcbcb54', '10e05b5c-7e96-434b-9182-a547333e1c52'),
('fbf5bcd0-5bbd-4246-ad70-d68292806c71','stage','Stage','b28f4eea-d72f-4336-ba86-65c793d25112', 'b49f214e-f69f-43da-9ce3-ad96042268d0', 'f777f2e2-5e32-424e-a1ca-19d16cd8abce'),
('ff2f6fe5-5d59-429e-973d-ab6ef3173c6b','stage','Stage','f706775b-f8a7-4c15-9ab2-0f57d393cf4e', 'b49f214e-f69f-43da-9ce3-ad96042268d0', 'f777f2e2-5e32-424e-a1ca-19d16cd8abce'),
('2c908519-3cfe-4305-aeee-c9d6e1a3fb27','water-temperature','Water-Temperature','967aa515-bcdc-47b9-a649-ae78524a2387', 'de6112da-8489-4286-ae56-ec72aa09974d', '2d379b61-fef6-4531-9e58-cace51909e44');
