INSERT INTO project (id, office_id, slug, name, image) VALUES
    ('7601b4d7-a2f2-45cc-99c8-55f61b35e6f3', '30cb06ee-bd94-4c49-a945-e92735e7bdc1', 'new-england-district-streamgages', 'New England District Streamgages', 'new-england-district-streamgages.jpg');



--Ignoring HUB site/instrument, already in instruments unique list
--Ignoring PEG site/instrument, already in instruments unique list
--Ignoring PEG site/instrument, already in instruments unique list
--Ignoring NSD site/instrument, already in instruments unique list
--Ignoring HBD site/instrument, already in instruments unique list
--Ignoring TMD site/instrument, already in instruments unique list
--Ignoring BVD site/instrument, already in instruments unique list
--Ignoring LVD site/instrument, already in instruments unique list
--Ignoring MHD site/instrument, already in instruments unique list
--Ignoring BMD site/instrument, already in instruments unique list
--Ignoring BWD site/instrument, already in instruments unique list
--Ignoring HUB site/instrument, already in instruments unique list
--Ignoring PEG site/instrument, already in instruments unique list
--Ignoring PEG site/instrument, already in instruments unique list
--Ignoring CRD site/instrument, already in instruments unique list
--Ignoring BRD site/instrument, already in instruments unique list
--Ignoring HUB site/instrument, already in instruments unique list
--Ignoring PEG site/instrument, already in instruments unique list
--Ignoring BMD site/instrument, already in instruments unique list
--Ignoring GUL site/instrument, already in instruments unique list
--Ignoring WFD site/instrument, already in instruments unique list
--Ignoring KVD site/instrument, already in instruments unique list
--Ignoring TMD site/instrument, already in instruments unique list
--Ignoring SMD site/instrument, already in instruments unique list
--Ignoring HKD site/instrument, already in instruments unique list
--Ignoring TSD site/instrument, already in instruments unique list
--Ignoring HVD site/instrument, already in instruments unique list
--Ignoring THL site/instrument, already in instruments unique list
--Ignoring ING site/instrument, already in instruments unique list
--Ignoring ING site/instrument, already in instruments unique list

--INSERT INSTRUMENTS--COUNT:153
INSERT INTO public.instrument(id, deleted, slug, name, formula, geometry, station, station_offset, create_date, update_date, type_id, project_id, creator, updater, usgs_id)
 VALUES 
('f3c7142b-b356-4f58-afc1-2d74ae578ba5', False, 'hub', 'HUB', null, ST_GeomFromText('POINT(-139.4864 59.9944)',4326), null, null, '2021-03-02T12:40:19.674892Z', null, '98a61f29-18a8-430a-9d02-0f53486e0984', '7601b4d7-a2f2-45cc-99c8-55f61b35e6f3', '00000000-0000-0000-0000-000000000000', null, null),
('ac67b2c8-13ba-4923-8512-a0aa91610c55', False, 'peg', 'PEG', null, ST_GeomFromText('POINT(166.3611 -78.0911)',4326), null, null, '2021-03-02T12:40:19.675739Z', null, '98a61f29-18a8-430a-9d02-0f53486e0984', '7601b4d7-a2f2-45cc-99c8-55f61b35e6f3', '00000000-0000-0000-0000-000000000000', null, null),
('5f0aff14-fb9e-4a3b-b4c4-d50d998923c5', False, 'hns', 'HNS', null, ST_GeomFromText('POINT(0.0 0.0)',4326), null, null, '2021-03-02T12:40:19.676792Z', null, '98a61f29-18a8-430a-9d02-0f53486e0984', '7601b4d7-a2f2-45cc-99c8-55f61b35e6f3', '00000000-0000-0000-0000-000000000000', null, null),
('850d0abd-b1f7-4c94-a398-78a26cd9d1fd', False, 'hcd', 'HCD', null, ST_GeomFromText('POINT(-73.0381 41.6219)',4326), null, null, '2021-03-02T12:40:19.678306Z', null, '98a61f29-18a8-430a-9d02-0f53486e0984', '7601b4d7-a2f2-45cc-99c8-55f61b35e6f3', '00000000-0000-0000-0000-000000000000', null, null),
('28ec3483-b202-46a5-a56b-8b4e7d384cef', False, 'brd', 'BRD', null, ST_GeomFromText('POINT(-73.1056 41.6575)',4326), null, null, '2021-03-02T12:40:19.678923Z', null, '98a61f29-18a8-430a-9d02-0f53486e0984', '7601b4d7-a2f2-45cc-99c8-55f61b35e6f3', '00000000-0000-0000-0000-000000000000', null, '01208011'),
('0144062c-5dbf-4f49-a55b-0fb92cc70fa1', False, 'tmd', 'TMD', null, ST_GeomFromText('POINT(-73.0625 41.6947)',4326), null, null, '2021-03-02T12:40:19.680360Z', null, '98a61f29-18a8-430a-9d02-0f53486e0984', '7601b4d7-a2f2-45cc-99c8-55f61b35e6f3', '00000000-0000-0000-0000-000000000000', null, '01206600'),
('757b3d17-7254-427c-8913-ffad5d203c68', False, 'mrd', 'MRD', null, ST_GeomFromText('POINT(-73.09 41.9314)',4326), null, null, '2021-03-02T12:40:19.682404Z', null, '98a61f29-18a8-430a-9d02-0f53486e0984', '7601b4d7-a2f2-45cc-99c8-55f61b35e6f3', '00000000-0000-0000-0000-000000000000', null, '01186090'),
('6743b892-eed9-4f85-81ac-dd11dcb976a3', False, 'hmd', 'HMD', null, ST_GeomFromText('POINT(-73.1683 41.8689)',4326), null, null, '2021-03-02T12:40:19.682610Z', null, '98a61f29-18a8-430a-9d02-0f53486e0984', '7601b4d7-a2f2-45cc-99c8-55f61b35e6f3', '00000000-0000-0000-0000-000000000000', null, '01205560'),
('f32e2cc5-1639-4fe5-b79b-bacba6ca5cfe', False, 'hbd', 'HBD', null, ST_GeomFromText('POINT(-73.0664 41.5144)',4326), null, null, '2021-03-02T12:40:19.682765Z', null, '98a61f29-18a8-430a-9d02-0f53486e0984', '7601b4d7-a2f2-45cc-99c8-55f61b35e6f3', '00000000-0000-0000-0000-000000000000', null, '01208410'),
('6330114a-7919-46f0-aedf-f27b4fafbbeb', False, 'nbd', 'NBD', null, ST_GeomFromText('POINT(-73.0908 41.6814)',4326), null, null, '2021-03-02T12:40:19.684476Z', null, '98a61f29-18a8-430a-9d02-0f53486e0984', '7601b4d7-a2f2-45cc-99c8-55f61b35e6f3', '00000000-0000-0000-0000-000000000000', null, '01206940'),
('0829fd2a-d737-4aec-973e-b862b85f2109', False, 'uvd', 'UVD', null, ST_GeomFromText('POINT(-72.2575 43.7937)',4326), null, null, '2021-03-02T12:40:19.685189Z', null, '98a61f29-18a8-430a-9d02-0f53486e0984', '7601b4d7-a2f2-45cc-99c8-55f61b35e6f3', '00000000-0000-0000-0000-000000000000', null, '01141500'),
('442e152b-93cb-4682-b4bd-a4bf23b1ddb6', False, 'nsd', 'NSD', null, ST_GeomFromText('POINT(-72.5075 43.3375)',4326), null, null, '2021-03-02T12:40:19.687635Z', null, '98a61f29-18a8-430a-9d02-0f53486e0984', '7601b4d7-a2f2-45cc-99c8-55f61b35e6f3', '00000000-0000-0000-0000-000000000000', null, null),
('2917da95-76d1-42b6-941c-298aef037839', False, 'bmd', 'BMD', null, ST_GeomFromText('POINT(-72.7744 43.1274)',4326), null, null, '2021-03-02T12:40:19.690381Z', null, '98a61f29-18a8-430a-9d02-0f53486e0984', '7601b4d7-a2f2-45cc-99c8-55f61b35e6f3', '00000000-0000-0000-0000-000000000000', null, null),
('5beef929-f304-4e94-a236-a301e0e38bc7', False, 'tsd', 'TSD', null, ST_GeomFromText('POINT(-72.7022 43.0531)',4326), null, null, '2021-03-02T12:40:19.693484Z', null, '98a61f29-18a8-430a-9d02-0f53486e0984', '7601b4d7-a2f2-45cc-99c8-55f61b35e6f3', '00000000-0000-0000-0000-000000000000', null, '01155910'),
('a3f38225-80dd-4b97-a129-49b4c09edaf7', False, 'smd', 'SMD', null, ST_GeomFromText('POINT(-72.312 42.998)',4326), null, null, '2021-03-02T12:40:19.695926Z', null, '98a61f29-18a8-430a-9d02-0f53486e0984', '7601b4d7-a2f2-45cc-99c8-55f61b35e6f3', '00000000-0000-0000-0000-000000000000', null, '01158000'),
('c0a1cf38-15fa-482b-83f0-fb0aa9f4d6fe', False, 'obd', 'OBD', null, ST_GeomFromText('POINT(-72.2367 42.9465)',4326), null, null, '2021-03-02T12:40:19.698519Z', null, '98a61f29-18a8-430a-9d02-0f53486e0984', '7601b4d7-a2f2-45cc-99c8-55f61b35e6f3', '00000000-0000-0000-0000-000000000000', null, '01158600'),
('991bea23-549d-4298-9470-b2a651cb6163', False, 'bhd', 'BHD', null, ST_GeomFromText('POINT(-72.1239 42.6322)',4326), null, null, '2021-03-02T12:40:19.702078Z', null, '98a61f29-18a8-430a-9d02-0f53486e0984', '7601b4d7-a2f2-45cc-99c8-55f61b35e6f3', '00000000-0000-0000-0000-000000000000', null, '01163500'),
('79966ce4-809b-4b26-b61f-abdd9d1af948', False, 'tld', 'TLD', null, ST_GeomFromText('POINT(-72.225 42.6414)',4326), null, null, '2021-03-02T12:40:19.705079Z', null, '98a61f29-18a8-430a-9d02-0f53486e0984', '7601b4d7-a2f2-45cc-99c8-55f61b35e6f3', '00000000-0000-0000-0000-000000000000', null, '01165000'),
('1d61c196-a3de-4e3a-94d4-198c27b46899', False, 'bfd', 'BFD', null, ST_GeomFromText('POINT(-72.0261 42.4278)',4326), null, null, '2021-03-02T12:40:19.717418Z', null, '98a61f29-18a8-430a-9d02-0f53486e0984', '7601b4d7-a2f2-45cc-99c8-55f61b35e6f3', '00000000-0000-0000-0000-000000000000', null, '01172500'),
('9f95073c-6271-42db-ad17-8a0a5c2ad045', False, 'kvd', 'KVD', null, ST_GeomFromText('POINT(-72.8636 42.2906)',4326), null, null, '2021-03-02T12:40:19.719710Z', null, '98a61f29-18a8-430a-9d02-0f53486e0984', '7601b4d7-a2f2-45cc-99c8-55f61b35e6f3', '00000000-0000-0000-0000-000000000000', null, '01179500'),
('db3ff527-cd88-4228-a587-9a2abf20f922', False, 'lvd', 'LVD', null, ST_GeomFromText('POINT(-72.8808 42.2656)',4326), null, null, '2021-03-02T12:40:19.723712Z', null, '98a61f29-18a8-430a-9d02-0f53486e0984', '7601b4d7-a2f2-45cc-99c8-55f61b35e6f3', '00000000-0000-0000-0000-000000000000', null, null),
('f9b63aa7-0e82-4fa7-a25a-35ad363b99cb', False, 'crd', 'CRD', null, ST_GeomFromText('POINT(-73.0364 42.0064)',4326), null, null, '2021-03-02T12:40:19.729545Z', null, '98a61f29-18a8-430a-9d02-0f53486e0984', '7601b4d7-a2f2-45cc-99c8-55f61b35e6f3', '00000000-0000-0000-0000-000000000000', null, '01185850'),
('c9e6cffa-451f-4b49-b287-a44fdb72b40a', False, 'ffd', 'FFD', null, ST_GeomFromText('POINT(-71.6593 43.4691)',4326), null, null, '2021-03-02T12:40:19.731992Z', null, '98a61f29-18a8-430a-9d02-0f53486e0984', '7601b4d7-a2f2-45cc-99c8-55f61b35e6f3', '00000000-0000-0000-0000-000000000000', null, null),
('a92f4270-5702-4005-aa77-13b9ce816cce', False, 'bwd', 'BWD', null, ST_GeomFromText('POINT(-71.7231 43.3156)',4326), null, null, '2021-03-02T12:40:19.752048Z', null, '98a61f29-18a8-430a-9d02-0f53486e0984', '7601b4d7-a2f2-45cc-99c8-55f61b35e6f3', '00000000-0000-0000-0000-000000000000', null, null),
('ffd200e4-6504-4604-91b5-6b7718474565', False, 'emd', 'EMD', null, ST_GeomFromText('POINT(-71.9878 42.8939)',4326), null, null, '2021-03-02T12:40:19.754837Z', null, '98a61f29-18a8-430a-9d02-0f53486e0984', '7601b4d7-a2f2-45cc-99c8-55f61b35e6f3', '00000000-0000-0000-0000-000000000000', null, '01083000'),
('28abfe2e-52ce-4161-8b03-3be009d11fea', False, 'hkd', 'HKD', null, ST_GeomFromText('POINT(-71.7472 43.1886)',4326), null, null, '2021-03-02T12:40:19.759864Z', null, '98a61f29-18a8-430a-9d02-0f53486e0984', '7601b4d7-a2f2-45cc-99c8-55f61b35e6f3', '00000000-0000-0000-0000-000000000000', null, null),
('19b5803c-d7ac-4bec-abd8-8fb70c7275b7', False, 'evd', 'EVD', null, ST_GeomFromText('POINT(-71.6603 43.0933)',4326), null, null, '2021-03-02T12:40:19.766907Z', null, '98a61f29-18a8-430a-9d02-0f53486e0984', '7601b4d7-a2f2-45cc-99c8-55f61b35e6f3', '00000000-0000-0000-0000-000000000000', null, '01090800'),
('50e8bd0e-6c92-44ad-b979-f6350de61902', False, 'ebd', 'EBD', null, ST_GeomFromText('POINT(-72.1269 42.1083)',4326), null, null, '2021-03-02T12:40:19.791702Z', null, '98a61f29-18a8-430a-9d02-0f53486e0984', '7601b4d7-a2f2-45cc-99c8-55f61b35e6f3', '00000000-0000-0000-0000-000000000000', null, '01123360'),
('503941af-b8b5-4d65-838a-402f9ee6b745', False, 'wvd', 'WVD', null, ST_GeomFromText('POINT(-72.0589 42.0825)',4326), null, null, '2021-03-02T12:40:19.795027Z', null, '98a61f29-18a8-430a-9d02-0f53486e0984', '7601b4d7-a2f2-45cc-99c8-55f61b35e6f3', '00000000-0000-0000-0000-000000000000', null, '01123600'),
('c6242fa4-681e-4d1c-9abc-d274515ebeaf', False, 'wtd', 'WTD', null, ST_GeomFromText('POINT(-71.9014 41.945)',4326), null, null, '2021-03-02T12:40:19.829381Z', null, '98a61f29-18a8-430a-9d02-0f53486e0984', '7601b4d7-a2f2-45cc-99c8-55f61b35e6f3', '00000000-0000-0000-0000-000000000000', null, '01124151'),
('168a96ba-f9de-4a78-a30c-efbf44079fb2', False, 'bvd', 'BVD', null, ST_GeomFromText('POINT(-71.9083 42.1158)',4326), null, null, '2021-03-02T12:40:19.834616Z', null, '98a61f29-18a8-430a-9d02-0f53486e0984', '7601b4d7-a2f2-45cc-99c8-55f61b35e6f3', '00000000-0000-0000-0000-000000000000', null, null),
('0d3516d7-c191-4653-b140-eb2a15909f8e', False, 'hvd', 'HVD', null, ST_GeomFromText('POINT(-71.8819 42.1192)',4326), null, null, '2021-03-02T12:40:19.836277Z', null, '98a61f29-18a8-430a-9d02-0f53486e0984', '7601b4d7-a2f2-45cc-99c8-55f61b35e6f3', '00000000-0000-0000-0000-000000000000', null, '01124350'),
('1c83013a-675c-4367-b744-abfcd3248cc3', False, 'mhd', 'MHD', null, ST_GeomFromText('POINT(-72.1817 41.765)',4326), null, null, '2021-03-02T12:40:19.848074Z', null, '98a61f29-18a8-430a-9d02-0f53486e0984', '7601b4d7-a2f2-45cc-99c8-55f61b35e6f3', '00000000-0000-0000-0000-000000000000', null, '01121500'),
('8ec4d460-ecd3-42ac-ab59-4b0d21f6a656', False, 'whd', 'WHD', null, ST_GeomFromText('POINT(-71.6092 42.1058)',4326), null, null, '2021-03-02T12:40:19.878523Z', null, '98a61f29-18a8-430a-9d02-0f53486e0984', '7601b4d7-a2f2-45cc-99c8-55f61b35e6f3', '00000000-0000-0000-0000-000000000000', null, '01111200'),
('689d9dda-2226-46fc-9923-702d832e7087', False, 'cbd', 'CBD', null, ST_GeomFromText('POINT(-72.2904 42.0735)',4326), null, null, '2021-03-02T12:40:19.885042Z', null, '98a61f29-18a8-430a-9d02-0f53486e0984', '7601b4d7-a2f2-45cc-99c8-55f61b35e6f3', '00000000-0000-0000-0000-000000000000', null, '01176410'),
('bdf489cc-d599-4f89-a060-6bfa010ea4c3', False, 'wds', 'WDS', null, ST_GeomFromText('POINT(-71.68 43.9764)',4326), null, null, '2021-03-02T12:40:19.887030Z', null, '98a61f29-18a8-430a-9d02-0f53486e0984', '7601b4d7-a2f2-45cc-99c8-55f61b35e6f3', '00000000-0000-0000-0000-000000000000', null, '01075000'),
('aa51f94e-a1a7-42d1-9733-5dae124e90fd', False, 'wil', 'WIL', null, ST_GeomFromText('POINT(-72.1828 41.7003)',4326), null, null, '2021-03-02T12:40:19.887773Z', null, '98a61f29-18a8-430a-9d02-0f53486e0984', '7601b4d7-a2f2-45cc-99c8-55f61b35e6f3', '00000000-0000-0000-0000-000000000000', null, '01122500'),
('00e1e165-beb1-4765-b2d4-72a178b097cf', False, 'web', 'WEB', null, ST_GeomFromText('POINT(-71.8853 42.0508)',4326), null, null, '2021-03-02T12:40:19.888221Z', null, '98a61f29-18a8-430a-9d02-0f53486e0984', '7601b4d7-a2f2-45cc-99c8-55f61b35e6f3', '00000000-0000-0000-0000-000000000000', null, '01125000'),
('1e77d330-9e45-4dfa-aa9e-b5e688e00cac', False, 'hen', 'HEN', null, ST_GeomFromText('POINT(-71.8578 43.1517)',4326), null, null, '2021-03-02T12:40:19.888751Z', null, '98a61f29-18a8-430a-9d02-0f53486e0984', '7601b4d7-a2f2-45cc-99c8-55f61b35e6f3', '00000000-0000-0000-0000-000000000000', null, '01085000'),
('ff060257-ea6e-4674-8bba-4ff31e24a6cb', False, 'jcy', 'JCY', null, ST_GeomFromText('POINT(-71.9847 41.5978)',4326), null, null, '2021-03-02T12:40:19.889112Z', null, '98a61f29-18a8-430a-9d02-0f53486e0984', '7601b4d7-a2f2-45cc-99c8-55f61b35e6f3', '00000000-0000-0000-0000-000000000000', null, '01127000'),
('9fa32eee-0cb3-4c94-a949-f6668d345b38', False, 'gib', 'GIB', null, ST_GeomFromText('POINT(-72.2733 42.2358)',4326), null, null, '2021-03-02T12:40:19.889491Z', null, '98a61f29-18a8-430a-9d02-0f53486e0984', '7601b4d7-a2f2-45cc-99c8-55f61b35e6f3', '00000000-0000-0000-0000-000000000000', null, '01173500'),
('88015e92-019c-4572-93bc-213056ecf952', False, 'drf', 'DRF', null, ST_GeomFromText('POINT(-72.6547 42.5367)',4326), null, null, '2021-03-02T12:40:19.889861Z', null, '98a61f29-18a8-430a-9d02-0f53486e0984', '7601b4d7-a2f2-45cc-99c8-55f61b35e6f3', '00000000-0000-0000-0000-000000000000', null, '01170000'),
('8e5dc477-18d0-4369-94c7-8c1185ee81cb', False, 'gft', 'GFT', null, ST_GeomFromText('POINT(-71.5511 43.0167)',4326), null, null, '2021-03-02T12:40:19.890256Z', null, '98a61f29-18a8-430a-9d02-0f53486e0984', '7601b4d7-a2f2-45cc-99c8-55f61b35e6f3', '00000000-0000-0000-0000-000000000000', null, '01091500'),
('2773d4a1-20be-4547-9b68-04149ab8984c', False, 'gfl', 'GFL', null, ST_GeomFromText('POINT(-71.4639 42.9481)',4326), null, null, '2021-03-02T12:40:19.890642Z', null, '98a61f29-18a8-430a-9d02-0f53486e0984', '7601b4d7-a2f2-45cc-99c8-55f61b35e6f3', '00000000-0000-0000-0000-000000000000', null, '01092000'),
('10e75d1e-1340-402f-bcbd-91542ef3fbad', False, 'rvh', 'RVH', null, ST_GeomFromText('POINT(-71.62 43.2494)',4326), null, null, '2021-03-02T12:40:19.891003Z', null, '98a61f29-18a8-430a-9d02-0f53486e0984', '7601b4d7-a2f2-45cc-99c8-55f61b35e6f3', '00000000-0000-0000-0000-000000000000', null, '01087850'),
('52ab3267-6ce6-4e53-a0c3-a956934b344b', False, 'con', 'CON', null, ST_GeomFromText('POINT(-71.5308 43.2089)',4326), null, null, '2021-03-02T12:40:19.891282Z', null, '98a61f29-18a8-430a-9d02-0f53486e0984', '7601b4d7-a2f2-45cc-99c8-55f61b35e6f3', '00000000-0000-0000-0000-000000000000', null, '01088400'),
('89e1d9d9-51a8-486f-a351-7679539d9c58', False, 'wns', 'WNS', null, ST_GeomFromText('POINT(-71.5036 42.0061)',4326), null, null, '2021-03-02T12:40:19.891605Z', null, '98a61f29-18a8-430a-9d02-0f53486e0984', '7601b4d7-a2f2-45cc-99c8-55f61b35e6f3', '00000000-0000-0000-0000-000000000000', null, '01112500'),
('f0a84196-1549-489a-a7f1-b526f30b87a0', False, 'ntb', 'NTB', null, ST_GeomFromText('POINT(-71.6523 42.1539)',4326), null, null, '2021-03-02T12:40:19.891857Z', null, '98a61f29-18a8-430a-9d02-0f53486e0984', '7601b4d7-a2f2-45cc-99c8-55f61b35e6f3', '00000000-0000-0000-0000-000000000000', null, '01110500'),
('4247d4ff-ec8e-4e5e-9db6-a14d8f5756bd', False, 'low', 'LOW', null, ST_GeomFromText('POINT(-71.2989 42.6458)',4326), null, null, '2021-03-02T12:40:19.892135Z', null, '98a61f29-18a8-430a-9d02-0f53486e0984', '7601b4d7-a2f2-45cc-99c8-55f61b35e6f3', '00000000-0000-0000-0000-000000000000', null, '01100000'),
('676787fa-4122-4e11-9152-c09e26b438c0', False, 'kee', 'KEE', null, ST_GeomFromText('POINT(-72.2797 42.9192)',4326), null, null, '2021-03-02T12:40:19.892439Z', null, '98a61f29-18a8-430a-9d02-0f53486e0984', '7601b4d7-a2f2-45cc-99c8-55f61b35e6f3', '00000000-0000-0000-0000-000000000000', null, '01158110'),
('125277c7-9d38-4bad-9ad5-b7dd962e0526', False, 'tvl', 'TVL', null, ST_GeomFromText('POINT(-72.6061 41.9869)',4326), null, null, '2021-03-02T12:40:19.892760Z', null, '98a61f29-18a8-430a-9d02-0f53486e0984', '7601b4d7-a2f2-45cc-99c8-55f61b35e6f3', '00000000-0000-0000-0000-000000000000', null, '01184000'),
('ffbae3a7-70ba-4489-b9a6-015507235190', False, 'ind', 'IND', null, ST_GeomFromText('POINT(-72.5147 42.1603)',4326), null, null, '2021-03-02T12:40:19.892994Z', null, '98a61f29-18a8-430a-9d02-0f53486e0984', '7601b4d7-a2f2-45cc-99c8-55f61b35e6f3', '00000000-0000-0000-0000-000000000000', null, '01177000'),
('6d45fdb8-3bcf-45e6-bb62-82c4467c4cca', False, 'wsf', 'WSF', null, ST_GeomFromText('POINT(-72.6997 42.1064)',4326), null, null, '2021-03-02T12:40:19.893267Z', null, '98a61f29-18a8-430a-9d02-0f53486e0984', '7601b4d7-a2f2-45cc-99c8-55f61b35e6f3', '00000000-0000-0000-0000-000000000000', null, '01183500'),
('e41e55a9-c8d6-4c1a-86b1-f233e5a33715', False, 'htf', 'HTF', null, ST_GeomFromText('POINT(-72.6675 41.7689)',4326), null, null, '2021-03-02T12:40:19.893538Z', null, '98a61f29-18a8-430a-9d02-0f53486e0984', '7601b4d7-a2f2-45cc-99c8-55f61b35e6f3', '00000000-0000-0000-0000-000000000000', null, '01190070'),
('9a0062f9-9f37-4be4-afc4-e00b2c7af928', False, 'sim', 'SIM', null, ST_GeomFromText('POINT(-72.7981 41.8697)',4326), null, null, '2021-03-02T12:40:19.893764Z', null, '98a61f29-18a8-430a-9d02-0f53486e0984', '7601b4d7-a2f2-45cc-99c8-55f61b35e6f3', '00000000-0000-0000-0000-000000000000', null, '01189213'),
('a6dc5d5c-e92b-4497-b9ba-5174e3dc592e', False, 'stv', 'STV', null, ST_GeomFromText('POINT(-73.1675 41.3836)',4326), null, null, '2021-03-02T12:40:19.894015Z', null, '98a61f29-18a8-430a-9d02-0f53486e0984', '7601b4d7-a2f2-45cc-99c8-55f61b35e6f3', '00000000-0000-0000-0000-000000000000', null, '01205500'),
('5aaeea36-a2d3-46f1-85fd-2b8fa0684053', False, 'unv', 'UNV', null, ST_GeomFromText('POINT(-72.8869 41.7556)',4326), null, null, '2021-03-02T12:40:19.894397Z', null, '98a61f29-18a8-430a-9d02-0f53486e0984', '7601b4d7-a2f2-45cc-99c8-55f61b35e6f3', '00000000-0000-0000-0000-000000000000', null, '01188090'),
('bc51e65d-303e-4d67-b3ab-96a54766ea21', False, 'ply', 'PLY', null, ST_GeomFromText('POINT(-71.6864 43.7592)',4326), null, null, '2021-03-02T12:40:19.894724Z', null, '98a61f29-18a8-430a-9d02-0f53486e0984', '7601b4d7-a2f2-45cc-99c8-55f61b35e6f3', '00000000-0000-0000-0000-000000000000', null, '01076500'),
('d5ae99d8-09ba-44df-9df5-3cf2254d15b1', False, 'rum', 'RUM', null, ST_GeomFromText('POINT(-71.8458 43.7956)',4326), null, null, '2021-03-02T12:40:19.895157Z', null, '98a61f29-18a8-430a-9d02-0f53486e0984', '7601b4d7-a2f2-45cc-99c8-55f61b35e6f3', '00000000-0000-0000-0000-000000000000', null, '01076000'),
('9351a7ce-e628-4c09-96bc-527cf6650504', False, 'leb', 'LEB', null, ST_GeomFromText('POINT(-72.3131 43.6464)',4326), null, null, '2021-03-02T12:40:19.895547Z', null, '98a61f29-18a8-430a-9d02-0f53486e0984', '7601b4d7-a2f2-45cc-99c8-55f61b35e6f3', '00000000-0000-0000-0000-000000000000', null, '01144500'),
('3f3cfa39-d6f6-4b10-923f-925ecfb11778', False, 'wha', 'WHA', null, ST_GeomFromText('POINT(-72.4186 43.7142)',4326), null, null, '2021-03-02T12:40:19.895807Z', null, '98a61f29-18a8-430a-9d02-0f53486e0984', '7601b4d7-a2f2-45cc-99c8-55f61b35e6f3', '00000000-0000-0000-0000-000000000000', null, '01144000'),
('6e48a98a-c473-42c6-a0a7-ac6ecb883134', False, 'nwa', 'NWA', null, ST_GeomFromText('POINT(-72.4358 43.125)',4326), null, null, '2021-03-02T12:40:19.896082Z', null, '98a61f29-18a8-430a-9d02-0f53486e0984', '7601b4d7-a2f2-45cc-99c8-55f61b35e6f3', '00000000-0000-0000-0000-000000000000', null, '01154500'),
('3684868a-b591-44c1-b34d-f10850323eb7', False, 'wls', 'WLS', null, ST_GeomFromText('POINT(-72.0425 44.1533)',4326), null, null, '2021-03-02T12:40:19.896454Z', null, '98a61f29-18a8-430a-9d02-0f53486e0984', '7601b4d7-a2f2-45cc-99c8-55f61b35e6f3', '00000000-0000-0000-0000-000000000000', null, '01138500'),
('10d0f03d-84a3-44b1-8540-69bf9be69e95', False, 'tlt', 'TLT', null, ST_GeomFromText('POINT(-71.5883 43.4417)',4326), null, null, '2021-03-02T12:40:19.896689Z', null, '98a61f29-18a8-430a-9d02-0f53486e0984', '7601b4d7-a2f2-45cc-99c8-55f61b35e6f3', '00000000-0000-0000-0000-000000000000', null, '01081000'),
('861ac604-07a5-4f4a-9459-c098c2c68462', False, 'brs', 'BRS', null, ST_GeomFromText('POINT(-71.7483 43.5667)',4326), null, null, '2021-03-02T12:40:19.896985Z', null, '98a61f29-18a8-430a-9d02-0f53486e0984', '7601b4d7-a2f2-45cc-99c8-55f61b35e6f3', '00000000-0000-0000-0000-000000000000', null, '01078000'),
('0373981c-70c1-4bb0-923a-5991cfaca5bb', False, 'sgn', 'SGN', null, ST_GeomFromText('POINT(-71.5069 42.8572)',4326), null, null, '2021-03-02T12:40:19.897279Z', null, '98a61f29-18a8-430a-9d02-0f53486e0984', '7601b4d7-a2f2-45cc-99c8-55f61b35e6f3', '00000000-0000-0000-0000-000000000000', null, '01094000'),
('a095abc7-1c87-44ea-92fe-4ceda379e9e1', False, 'wat', 'WAT', null, ST_GeomFromText('POINT(-73.0547 41.5572)',4326), null, null, '2021-03-02T12:40:19.897551Z', null, '98a61f29-18a8-430a-9d02-0f53486e0984', '7601b4d7-a2f2-45cc-99c8-55f61b35e6f3', '00000000-0000-0000-0000-000000000000', null, '01208171'),
('256e9e1c-4156-4ad0-b9ff-34b3bb47f0d8', False, 'ptb', 'PTB', null, ST_GeomFromText('POINT(-71.9597 42.8625)',4326), null, null, '2021-03-02T12:40:19.897772Z', null, '98a61f29-18a8-430a-9d02-0f53486e0984', '7601b4d7-a2f2-45cc-99c8-55f61b35e6f3', '00000000-0000-0000-0000-000000000000', null, '01082000'),
('ee65f40d-e8dd-420d-a67d-f849d472d453', False, 'put', 'PUT', null, ST_GeomFromText('POINT(-71.9131 41.9092)',4326), null, null, '2021-03-02T12:40:19.898025Z', null, '98a61f29-18a8-430a-9d02-0f53486e0984', '7601b4d7-a2f2-45cc-99c8-55f61b35e6f3', '00000000-0000-0000-0000-000000000000', null, '01125500'),
('3b192c4b-b554-46a8-bfce-70e427cb12ab', False, 'bar', 'BAR', null, ST_GeomFromText('POINT(-72.1144 42.3803)',4326), null, null, '2021-03-02T12:40:19.898300Z', null, '98a61f29-18a8-430a-9d02-0f53486e0984', '7601b4d7-a2f2-45cc-99c8-55f61b35e6f3', '00000000-0000-0000-0000-000000000000', null, '01173180'),
('637ab3cd-63a5-41d1-a9f6-57fe3dc5c8cf', False, 'frn', 'FRN', null, ST_GeomFromText('POINT(-71.6533 43.4225)',4326), null, null, '2021-03-02T12:40:19.898601Z', null, '98a61f29-18a8-430a-9d02-0f53486e0984', '7601b4d7-a2f2-45cc-99c8-55f61b35e6f3', '00000000-0000-0000-0000-000000000000', null, '01081500'),
('682af46f-4393-4fa9-bbd4-688284ca7de2', False, 'ath', 'ATH', null, ST_GeomFromText('POINT(-72.2391 42.5928)',4326), null, null, '2021-03-02T12:40:19.898883Z', null, '98a61f29-18a8-430a-9d02-0f53486e0984', '7601b4d7-a2f2-45cc-99c8-55f61b35e6f3', '00000000-0000-0000-0000-000000000000', null, null),
('3481f523-7ac8-472d-b07c-7204c894c4c3', False, 'nbs', 'NBS', null, ST_GeomFromText('POINT(-73.0728 42.079)',4326), null, null, '2021-03-02T12:40:19.899114Z', null, '98a61f29-18a8-430a-9d02-0f53486e0984', '7601b4d7-a2f2-45cc-99c8-55f61b35e6f3', '00000000-0000-0000-0000-000000000000', null, '01185500'),
('8a66c8b0-65b8-46d9-8493-b719cb265318', False, 'hol', 'HOL', null, ST_GeomFromText('POINT(-72.6089 42.1906)',4326), null, null, '2021-03-02T12:40:19.899369Z', null, '98a61f29-18a8-430a-9d02-0f53486e0984', '7601b4d7-a2f2-45cc-99c8-55f61b35e6f3', '00000000-0000-0000-0000-000000000000', null, '01172010'),
('04b196fb-07c0-4923-a004-e7b59c21d03a', False, 'hun', 'HUN', null, ST_GeomFromText('POINT(-72.8961 42.2372)',4326), null, null, '2021-03-02T12:40:19.899584Z', null, '98a61f29-18a8-430a-9d02-0f53486e0984', '7601b4d7-a2f2-45cc-99c8-55f61b35e6f3', '00000000-0000-0000-0000-000000000000', null, '01181000'),
('0c4ba6e5-3fed-49eb-bcf1-ef1e82147f02', False, 'rvt', 'RVT', null, ST_GeomFromText('POINT(-73.0181 41.9628)',4326), null, null, '2021-03-02T12:40:19.899827Z', null, '98a61f29-18a8-430a-9d02-0f53486e0984', '7601b4d7-a2f2-45cc-99c8-55f61b35e6f3', '00000000-0000-0000-0000-000000000000', null, '01186000'),
('35071d64-5ea2-44d8-bfae-93982e2223b6', False, 'dav', 'DAV', null, ST_GeomFromText('POINT(-71.7317 43.2517)',4326), null, null, '2021-03-02T12:40:19.900035Z', null, '98a61f29-18a8-430a-9d02-0f53486e0984', '7601b4d7-a2f2-45cc-99c8-55f61b35e6f3', '00000000-0000-0000-0000-000000000000', null, '01086000'),
('04efbd69-486b-4c6e-ac1d-ec502874153c', False, 'nbb', 'NBB', null, ST_GeomFromText('POINT(-70.9061 41.6242)',4326), null, null, '2021-03-02T12:40:19.901389Z', null, '98a61f29-18a8-430a-9d02-0f53486e0984', '7601b4d7-a2f2-45cc-99c8-55f61b35e6f3', '00000000-0000-0000-0000-000000000000', null, null),
('536b25fc-46f6-46bb-b6b7-9e52b7f18eb0', False, 'met', 'MET', null, ST_GeomFromText('POINT(-71.2089 42.7431)',4326), null, null, '2021-03-02T12:40:19.905070Z', null, '98a61f29-18a8-430a-9d02-0f53486e0984', '7601b4d7-a2f2-45cc-99c8-55f61b35e6f3', '00000000-0000-0000-0000-000000000000', null, '01100561'),
('fe87bb30-f101-414d-8ff6-774f9e9edb68', False, 'win', 'WIN', null, ST_GeomFromText('POINT(-72.1156 42.6825)',4326), null, null, '2021-03-02T12:40:19.905652Z', null, '98a61f29-18a8-430a-9d02-0f53486e0984', '7601b4d7-a2f2-45cc-99c8-55f61b35e6f3', '00000000-0000-0000-0000-000000000000', null, '01162500'),
('3ff74ad2-d69d-4ff2-9edf-81db0b73d54d', False, 'war', 'WAR', null, ST_GeomFromText('POINT(-72.1694 41.8436)',4326), null, null, '2021-03-02T12:40:19.905929Z', null, '98a61f29-18a8-430a-9d02-0f53486e0984', '7601b4d7-a2f2-45cc-99c8-55f61b35e6f3', '00000000-0000-0000-0000-000000000000', null, '01121000'),
('3b1c3284-eabe-4455-a298-1d432e87fa05', False, 'erv', 'ERV', null, ST_GeomFromText('POINT(-72.4386 42.5975)',4326), null, null, '2021-03-02T12:40:19.906225Z', null, '98a61f29-18a8-430a-9d02-0f53486e0984', '7601b4d7-a2f2-45cc-99c8-55f61b35e6f3', '00000000-0000-0000-0000-000000000000', null, '01166500'),
('d6ec1758-18e4-43f7-b232-355e5eec5bdd', False, 'lin', 'LIN', null, ST_GeomFromText('POINT(-71.6603 44.0475)',4326), null, null, '2021-03-02T12:40:19.906441Z', null, '98a61f29-18a8-430a-9d02-0f53486e0984', '7601b4d7-a2f2-45cc-99c8-55f61b35e6f3', '00000000-0000-0000-0000-000000000000', null, '01074520'),
('84381009-96d2-4540-831c-ea91ef71c487', False, 'swy', 'SWY', null, ST_GeomFromText('POINT(-72.3281 42.8717)',4326), null, null, '2021-03-02T12:40:19.906725Z', null, '98a61f29-18a8-430a-9d02-0f53486e0984', '7601b4d7-a2f2-45cc-99c8-55f61b35e6f3', '00000000-0000-0000-0000-000000000000', null, '01160350'),
('c813ccbb-7b26-471b-a4ad-3447504a3133', False, 'sbd', 'SBD', null, ST_GeomFromText('POINT(-73.1 41.9031)',4326), null, null, '2021-03-02T12:40:19.906976Z', null, '98a61f29-18a8-430a-9d02-0f53486e0984', '7601b4d7-a2f2-45cc-99c8-55f61b35e6f3', '00000000-0000-0000-0000-000000000000', null, null),
('e3876ea2-be22-45d2-b79f-6ff9dfcee76e', False, 'ccc', 'CCC', null, ST_GeomFromText('POINT(-70.5903 41.7486)',4326), null, null, '2021-03-02T12:40:19.907242Z', null, '98a61f29-18a8-430a-9d02-0f53486e0984', '7601b4d7-a2f2-45cc-99c8-55f61b35e6f3', '00000000-0000-0000-0000-000000000000', null, null),
('36ec6215-b054-418a-ac66-73bba9b417ad', False, 'cha', 'CHA', null, ST_GeomFromText('POINT(-72.1067 41.8158)',4326), null, null, '2021-03-02T12:40:19.907585Z', null, '98a61f29-18a8-430a-9d02-0f53486e0984', '7601b4d7-a2f2-45cc-99c8-55f61b35e6f3', '00000000-0000-0000-0000-000000000000', null, '01120790'),
('867c5f0c-afd1-4ada-b9e7-2ae45620c4d3', False, 'clo', 'CLO', null, ST_GeomFromText('POINT(-71.3025 42.6367)',4326), null, null, '2021-03-02T12:40:19.907956Z', null, '98a61f29-18a8-430a-9d02-0f53486e0984', '7601b4d7-a2f2-45cc-99c8-55f61b35e6f3', '00000000-0000-0000-0000-000000000000', null, '01099500'),
('f21b11f2-4187-42d0-8048-d83c99b1db32', False, 'cov', 'COV', null, ST_GeomFromText('POINT(-72.2661 41.7506)',4326), null, null, '2021-03-02T12:40:19.908278Z', null, '98a61f29-18a8-430a-9d02-0f53486e0984', '7601b4d7-a2f2-45cc-99c8-55f61b35e6f3', '00000000-0000-0000-0000-000000000000', null, '01119500'),
('84a4c7c4-dc18-451f-946f-bc6cff162d70', False, 'fen', 'FEN', null, ST_GeomFromText('POINT(-72.2433 41.8333)',4326), null, null, '2021-03-02T12:40:19.908650Z', null, '98a61f29-18a8-430a-9d02-0f53486e0984', '7601b4d7-a2f2-45cc-99c8-55f61b35e6f3', '00000000-0000-0000-0000-000000000000', null, '01121330'),
('6ec230e0-62db-470a-bd99-ac7459fb402c', False, 'hav', 'HAV', null, ST_GeomFromText('POINT(-71.0831 42.7728)',4326), null, null, '2021-03-02T12:40:19.909251Z', null, '98a61f29-18a8-430a-9d02-0f53486e0984', '7601b4d7-a2f2-45cc-99c8-55f61b35e6f3', '00000000-0000-0000-0000-000000000000', null, '01100693'),
('f2072f27-4244-45c3-9517-bd9698fe2ea5', False, 'hin', 'HIN', null, ST_GeomFromText('POINT(-72.4867 42.7858)',4326), null, null, '2021-03-02T12:40:19.910123Z', null, '98a61f29-18a8-430a-9d02-0f53486e0984', '7601b4d7-a2f2-45cc-99c8-55f61b35e6f3', '00000000-0000-0000-0000-000000000000', null, '01161000'),
('7a476987-72bc-40b0-a498-12512df16f3c', False, 'lon', 'LON', null, ST_GeomFromText('POINT(-72.7972 43.1568)',4326), null, null, '2021-03-02T12:40:19.911012Z', null, '98a61f29-18a8-430a-9d02-0f53486e0984', '7601b4d7-a2f2-45cc-99c8-55f61b35e6f3', '00000000-0000-0000-0000-000000000000', null, null),
('108421a6-02b2-456a-afc1-8b52a895787b', False, 'mil', 'MIL', null, ST_GeomFromText('POINT(-71.7656 42.1889)',4326), null, null, '2021-03-02T12:40:19.911346Z', null, '98a61f29-18a8-430a-9d02-0f53486e0984', '7601b4d7-a2f2-45cc-99c8-55f61b35e6f3', '00000000-0000-0000-0000-000000000000', null, '01109730'),
('01ffd427-2668-4a88-bf0f-cde82481bdaf', False, 'nbf', 'NBF', null, ST_GeomFromText('POINT(-72.0261 42.4278)',4326), null, null, '2021-03-02T12:40:19.911807Z', null, '98a61f29-18a8-430a-9d02-0f53486e0984', '7601b4d7-a2f2-45cc-99c8-55f61b35e6f3', '00000000-0000-0000-0000-000000000000', null, null),
('2313f0a6-c713-4bee-a063-dd2d57b1aef4', False, 'nuv', 'NUV', null, ST_GeomFromText('POINT(0.0 0.0)',4326), null, null, '2021-03-02T12:40:19.912092Z', null, '98a61f29-18a8-430a-9d02-0f53486e0984', '7601b4d7-a2f2-45cc-99c8-55f61b35e6f3', '00000000-0000-0000-0000-000000000000', null, null),
('d6a5588a-1d6c-4820-b177-719ce09ff04e', False, 'uxb', 'UXB', null, ST_GeomFromText('POINT(-71.6169 42.0547)',4326), null, null, '2021-03-02T12:40:19.912403Z', null, '98a61f29-18a8-430a-9d02-0f53486e0984', '7601b4d7-a2f2-45cc-99c8-55f61b35e6f3', '00000000-0000-0000-0000-000000000000', null, '01111212'),
('4cb4becd-0ecd-453a-82ea-c768cbb309d9', False, 'col', 'COL', null, ST_GeomFromText('POINT(-146.8339 61.2225)',4326), null, null, '2021-03-02T12:40:19.914038Z', null, '98a61f29-18a8-430a-9d02-0f53486e0984', '7601b4d7-a2f2-45cc-99c8-55f61b35e6f3', '00000000-0000-0000-0000-000000000000', null, null),
('096304cb-dc2e-4c39-ba07-95c5095267c4', False, 'pep', 'PEP', null, ST_GeomFromText('POINT(-71.5753 42.6672)',4326), null, null, '2021-03-02T12:40:19.915652Z', null, '98a61f29-18a8-430a-9d02-0f53486e0984', '7601b4d7-a2f2-45cc-99c8-55f61b35e6f3', '00000000-0000-0000-0000-000000000000', null, '01096500'),
('19cbf4de-0b6f-4a8c-a22a-fcf4584a6619', False, 'wbr', 'WBR', null, ST_GeomFromText('POINT(-72.7594 43.6222)',4326), null, null, '2021-03-02T12:40:19.916891Z', null, '98a61f29-18a8-430a-9d02-0f53486e0984', '7601b4d7-a2f2-45cc-99c8-55f61b35e6f3', '00000000-0000-0000-0000-000000000000', null, '01150900'),
('a873c5ea-431d-423f-9806-6d337aa10613', False, 'wmt', 'WMT', null, ST_GeomFromText('POINT(-71.2153 42.5681)',4326), null, null, '2021-03-02T12:40:19.917340Z', null, '98a61f29-18a8-430a-9d02-0f53486e0984', '7601b4d7-a2f2-45cc-99c8-55f61b35e6f3', '00000000-0000-0000-0000-000000000000', null, '01100600'),
('eab77b01-bb39-4e1d-8e94-d19891d9f195', False, 'pfp', 'PFP', null, ST_GeomFromText('POINT(0.0 0.0)',4326), null, null, '2021-03-02T12:40:19.917887Z', null, '98a61f29-18a8-430a-9d02-0f53486e0984', '7601b4d7-a2f2-45cc-99c8-55f61b35e6f3', '00000000-0000-0000-0000-000000000000', null, null),
('0ba53b32-3900-42a3-9495-768bd38bf29f', False, 'wol', 'WOL', null, ST_GeomFromText('POINT(-148.9061 60.4094)',4326), null, null, '2021-03-02T12:40:19.919639Z', null, '98a61f29-18a8-430a-9d02-0f53486e0984', '7601b4d7-a2f2-45cc-99c8-55f61b35e6f3', '00000000-0000-0000-0000-000000000000', null, '15236895'),
('7aea09dc-d644-4e06-ac6d-0fb0f29cce71', False, 'snd', 'SND', null, ST_GeomFromText('POINT(-70.5053 41.7719)',4326), null, null, '2021-03-02T12:40:19.922481Z', null, '98a61f29-18a8-430a-9d02-0f53486e0984', '7601b4d7-a2f2-45cc-99c8-55f61b35e6f3', '00000000-0000-0000-0000-000000000000', null, null),
('4e32b418-bdc3-40cf-9d75-c31d96050fcf', False, 'wng', 'WNG', null, ST_GeomFromText('POINT(-70.6614 41.6806)',4326), null, null, '2021-03-02T12:40:19.923207Z', null, '98a61f29-18a8-430a-9d02-0f53486e0984', '7601b4d7-a2f2-45cc-99c8-55f61b35e6f3', '00000000-0000-0000-0000-000000000000', null, null),
('d40fc9fa-7819-4ad5-82fa-2cc6a77dea4c', False, 'was', 'WAS', null, ST_GeomFromText('POINT(-68.1572 46.7772)',4326), null, null, '2021-03-02T12:40:19.923912Z', null, '98a61f29-18a8-430a-9d02-0f53486e0984', '7601b4d7-a2f2-45cc-99c8-55f61b35e6f3', '00000000-0000-0000-0000-000000000000', null, '01017000'),
('d0585274-9ecd-4b7e-8141-8357c9ae2541', False, 'ebn', 'EBN', null, ST_GeomFromText('POINT(-70.9786 42.2208)',4326), null, null, '2021-03-02T12:40:19.924125Z', null, '98a61f29-18a8-430a-9d02-0f53486e0984', '7601b4d7-a2f2-45cc-99c8-55f61b35e6f3', '00000000-0000-0000-0000-000000000000', null, '01105583'),
('260b13ec-c6a8-473c-a8eb-b1e3f99b6f4c', False, 'wal', 'WAL', null, ST_GeomFromText('POINT(-72.8414 41.4494)',4326), null, null, '2021-03-02T12:40:19.924369Z', null, '98a61f29-18a8-430a-9d02-0f53486e0984', '7601b4d7-a2f2-45cc-99c8-55f61b35e6f3', '00000000-0000-0000-0000-000000000000', null, '01196500'),
('d5c9dcc3-e2de-43a2-b1ff-960e1302415e', False, 'can', 'CAN', null, ST_GeomFromText('POINT(-71.1464 42.1544)',4326), null, null, '2021-03-02T12:40:19.924719Z', null, '98a61f29-18a8-430a-9d02-0f53486e0984', '7601b4d7-a2f2-45cc-99c8-55f61b35e6f3', '00000000-0000-0000-0000-000000000000', null, '01105500'),
('d636bc1c-0366-4b48-928e-712050be7aa8', False, 'wbf', 'WBF', null, ST_GeomFromText('POINT(-72.2642 42.1822)',4326), null, null, '2021-03-02T12:40:19.924923Z', null, '98a61f29-18a8-430a-9d02-0f53486e0984', '7601b4d7-a2f2-45cc-99c8-55f61b35e6f3', '00000000-0000-0000-0000-000000000000', null, '01176000'),
('8a7e7ed7-b045-4fc3-b9db-3eca4192f952', False, 'otr', 'OTR', null, ST_GeomFromText('POINT(-72.0414 42.5883)',4326), null, null, '2021-03-02T12:40:19.925178Z', null, '98a61f29-18a8-430a-9d02-0f53486e0984', '7601b4d7-a2f2-45cc-99c8-55f61b35e6f3', '00000000-0000-0000-0000-000000000000', null, '01163200'),
('01573f62-b488-45a1-b0c9-50834d82f402', False, 'nhp', 'NHP', null, ST_GeomFromText('POINT(-72.6656 42.3189)',4326), null, null, '2021-03-02T12:40:19.925396Z', null, '98a61f29-18a8-430a-9d02-0f53486e0984', '7601b4d7-a2f2-45cc-99c8-55f61b35e6f3', '00000000-0000-0000-0000-000000000000', null, '01171500'),
('d3eadd07-e87c-4fe1-9666-7a29c8490b24', False, 'sax', 'SAX', null, ST_GeomFromText('POINT(-71.3981 42.3253)',4326), null, null, '2021-03-02T12:40:19.925656Z', null, '98a61f29-18a8-430a-9d02-0f53486e0984', '7601b4d7-a2f2-45cc-99c8-55f61b35e6f3', '00000000-0000-0000-0000-000000000000', null, '01098530'),
('44450bc2-b0e1-42d6-a333-2ff4258b57fd', False, 'edd', 'EDD', null, ST_GeomFromText('POINT(-68.6967 44.8267)',4326), null, null, '2021-03-02T12:40:19.925861Z', null, '98a61f29-18a8-430a-9d02-0f53486e0984', '7601b4d7-a2f2-45cc-99c8-55f61b35e6f3', '00000000-0000-0000-0000-000000000000', null, '01036390'),
('c58a199a-5d24-48d2-962e-7620fd034cfb', False, 'fkt', 'FKT', null, ST_GeomFromText('POINT(-68.5958 47.2581)',4326), null, null, '2021-03-02T12:40:19.926120Z', null, '98a61f29-18a8-430a-9d02-0f53486e0984', '7601b4d7-a2f2-45cc-99c8-55f61b35e6f3', '00000000-0000-0000-0000-000000000000', null, '01014000'),
('c742f943-efc0-487d-af4d-d60c585b6867', False, 'roc', 'ROC', null, ST_GeomFromText('POINT(-70.9742 43.2683)',4326), null, null, '2021-03-02T12:40:19.926390Z', null, '98a61f29-18a8-430a-9d02-0f53486e0984', '7601b4d7-a2f2-45cc-99c8-55f61b35e6f3', '00000000-0000-0000-0000-000000000000', null, '01072800'),
('1943ae05-60e1-4a7a-89f6-75365d7ee6c6', False, 'lp1', 'LP1', null, ST_GeomFromText('POINT(0.0 0.0)',4326), null, null, '2021-03-02T12:40:19.926819Z', null, '98a61f29-18a8-430a-9d02-0f53486e0984', '7601b4d7-a2f2-45cc-99c8-55f61b35e6f3', '00000000-0000-0000-0000-000000000000', null, null),
('950d070d-8b14-4f5e-8d15-a09552e50ed2', False, 'bcn', 'BCN', null, ST_GeomFromText('POINT(-73.0631 41.4419)',4326), null, null, '2021-03-02T12:40:19.932881Z', null, '98a61f29-18a8-430a-9d02-0f53486e0984', '7601b4d7-a2f2-45cc-99c8-55f61b35e6f3', '00000000-0000-0000-0000-000000000000', null, '01208500'),
('2c820fef-bc65-41ea-a2a8-db067db1f370', False, 'gil', 'GIL', null, ST_GeomFromText('POINT(-72.2706 43.0392)',4326), null, null, '2021-03-02T12:40:19.933564Z', null, '98a61f29-18a8-430a-9d02-0f53486e0984', '7601b4d7-a2f2-45cc-99c8-55f61b35e6f3', '00000000-0000-0000-0000-000000000000', null, '01157000'),
('0f84c4df-2e55-4793-8792-10607ec34dc4', False, 'mal', 'MAL', null, ST_GeomFromText('POINT(-72.2192 42.9101)',4326), null, null, '2021-03-02T12:40:19.934082Z', null, '98a61f29-18a8-430a-9d02-0f53486e0984', '7601b4d7-a2f2-45cc-99c8-55f61b35e6f3', '00000000-0000-0000-0000-000000000000', null, null),
('b993658c-7006-4fea-ae5a-7b0c7099d425', False, 'qbq', 'QBQ', null, ST_GeomFromText('POINT(-71.9561 42.0222)',4326), null, null, '2021-03-02T12:40:19.934378Z', null, '98a61f29-18a8-430a-9d02-0f53486e0984', '7601b4d7-a2f2-45cc-99c8-55f61b35e6f3', '00000000-0000-0000-0000-000000000000', null, '01124000'),
('ebccb98d-1d63-42d4-9622-367cd4888ae2', False, 'fpb', 'FPB', null, ST_GeomFromText('POINT(-71.4003 41.8008)',4326), null, null, '2021-03-02T12:40:19.934639Z', null, '98a61f29-18a8-430a-9d02-0f53486e0984', '7601b4d7-a2f2-45cc-99c8-55f61b35e6f3', '00000000-0000-0000-0000-000000000000', null, null),
('25f20030-0bb9-4121-9fe5-afdfa9b37b5c', False, 'shb', 'SHB', null, ST_GeomFromText('POINT(-73.5344 41.0369)',4326), null, null, '2021-03-02T12:40:19.935622Z', null, '98a61f29-18a8-430a-9d02-0f53486e0984', '7601b4d7-a2f2-45cc-99c8-55f61b35e6f3', '00000000-0000-0000-0000-000000000000', null, '01209788'),
('58deb237-b226-4a16-9a1d-72698a107b18', False, 'wfd', 'WFD', null, ST_GeomFromText('POINT(-71.5181 41.9994)',4326), null, null, '2021-03-02T12:40:19.936481Z', null, '98a61f29-18a8-430a-9d02-0f53486e0984', '7601b4d7-a2f2-45cc-99c8-55f61b35e6f3', '00000000-0000-0000-0000-000000000000', null, null),
('f63b828f-2655-4536-b3fa-aaebbae3a269', False, 'mcy', 'MCY', null, ST_GeomFromText('POINT(-72.5744 42.5802)',4326), null, null, '2021-03-02T12:40:19.936702Z', null, '98a61f29-18a8-430a-9d02-0f53486e0984', '7601b4d7-a2f2-45cc-99c8-55f61b35e6f3', '00000000-0000-0000-0000-000000000000', null, '01170500'),
('a3642ca3-9ab9-4021-93d7-ec018ca70ae3', False, 'ead', 'EAD', null, ST_GeomFromText('POINT(-73.1206 41.8364)',4326), null, null, '2021-03-02T12:40:19.936969Z', null, '98a61f29-18a8-430a-9d02-0f53486e0984', '7601b4d7-a2f2-45cc-99c8-55f61b35e6f3', '00000000-0000-0000-0000-000000000000', null, '01205650'),
('175b6d51-2c73-4cb1-9c20-638997fa9a52', False, 'for', 'FOR', null, ST_GeomFromText('POINT(-71.5631 41.9964)',4326), null, null, '2021-03-02T12:40:19.937237Z', null, '98a61f29-18a8-430a-9d02-0f53486e0984', '7601b4d7-a2f2-45cc-99c8-55f61b35e6f3', '00000000-0000-0000-0000-000000000000', null, '01111500'),
('ce13a38d-c12c-4a39-8635-23dd926c2c4f', False, 'gul', 'GUL', null, ST_GeomFromText('POINT(-145.4147 63.2764)',4326), null, null, '2021-03-02T12:40:19.937432Z', null, '98a61f29-18a8-430a-9d02-0f53486e0984', '7601b4d7-a2f2-45cc-99c8-55f61b35e6f3', '00000000-0000-0000-0000-000000000000', null, '15478038'),
('b68b6de7-4b52-4efa-b610-ab200108d883', False, 'lp2', 'LP2', null, ST_GeomFromText('POINT(0.0 0.0)',4326), null, null, '2021-03-02T12:40:19.938649Z', null, '98a61f29-18a8-430a-9d02-0f53486e0984', '7601b4d7-a2f2-45cc-99c8-55f61b35e6f3', '00000000-0000-0000-0000-000000000000', null, null),
('b4a45399-81a7-496b-b666-99d8668c94c6', False, 'cen', 'CEN', null, ST_GeomFromText('POINT(-71.4878 41.8589)',4326), null, null, '2021-03-02T12:40:19.941156Z', null, '98a61f29-18a8-430a-9d02-0f53486e0984', '7601b4d7-a2f2-45cc-99c8-55f61b35e6f3', '00000000-0000-0000-0000-000000000000', null, '01114500'),
('67165c5e-2dbf-481f-8700-6a14f58bcf02', False, 'pro', 'PRO', null, ST_GeomFromText('POINT(-71.4117 41.8339)',4326), null, null, '2021-03-02T12:40:19.941544Z', null, '98a61f29-18a8-430a-9d02-0f53486e0984', '7601b4d7-a2f2-45cc-99c8-55f61b35e6f3', '00000000-0000-0000-0000-000000000000', null, '01114000'),
('753e3231-1b6a-4d4e-ae0a-de79dd8332ce', False, 'roy', 'ROY', null, ST_GeomFromText('POINT(-72.1507 42.6297)',4326), null, null, '2021-03-02T12:40:19.941785Z', null, '98a61f29-18a8-430a-9d02-0f53486e0984', '7601b4d7-a2f2-45cc-99c8-55f61b35e6f3', '00000000-0000-0000-0000-000000000000', null, '01164000'),
('95fbac5c-2afb-41ec-b5ed-ae51be352601', False, 'helnorth', 'HELNORTH', null, ST_GeomFromText('POINT(-38.2 66.4)',4326), null, null, '2021-03-02T12:40:19.942133Z', null, '98a61f29-18a8-430a-9d02-0f53486e0984', '7601b4d7-a2f2-45cc-99c8-55f61b35e6f3', '00000000-0000-0000-0000-000000000000', null, null),
('eb46cd3a-2dbf-4465-a3b3-5749ba863866', False, 'nas', 'NAS', null, ST_GeomFromText('POINT(-71.45 42.7667)',4326), null, null, '2021-03-02T12:40:19.946715Z', null, '98a61f29-18a8-430a-9d02-0f53486e0984', '7601b4d7-a2f2-45cc-99c8-55f61b35e6f3', '00000000-0000-0000-0000-000000000000', null, null),
('d0dfa4b0-759b-4f29-8457-3e077bb604e5', False, 'cor', 'COR', null, ST_GeomFromText('POINT(-145.2714 60.6671)',4326), null, null, '2021-03-02T12:40:19.947615Z', null, '98a61f29-18a8-430a-9d02-0f53486e0984', '7601b4d7-a2f2-45cc-99c8-55f61b35e6f3', '00000000-0000-0000-0000-000000000000', null, null),
('58478afc-6b1d-4f08-9aba-c917348331f7', False, 'val', 'VAL', null, ST_GeomFromText('POINT(-146.1717 61.1772)',4326), null, null, '2021-03-02T12:40:19.948860Z', null, '98a61f29-18a8-430a-9d02-0f53486e0984', '7601b4d7-a2f2-45cc-99c8-55f61b35e6f3', '00000000-0000-0000-0000-000000000000', null, null),
('ba2a836b-b79d-4438-8ded-3c9c89635d19', False, 'rob', 'ROB', null, ST_GeomFromText('POINT(-73.0334 41.9679)',4326), null, null, '2021-03-02T12:40:19.950191Z', null, '98a61f29-18a8-430a-9d02-0f53486e0984', '7601b4d7-a2f2-45cc-99c8-55f61b35e6f3', '00000000-0000-0000-0000-000000000000', null, '01186500'),
('bca2071e-afaf-4a6f-b3a8-dab0b1de4795', False, 'wch', 'WCH', null, ST_GeomFromText('POINT(-72.0839 42.6842)',4326), null, null, '2021-03-02T12:40:19.950818Z', null, '98a61f29-18a8-430a-9d02-0f53486e0984', '7601b4d7-a2f2-45cc-99c8-55f61b35e6f3', '00000000-0000-0000-0000-000000000000', null, '01162000'),
('a2a1aa7b-f34a-41a8-be14-28771af54088', False, 'sid', 'SID', null, ST_GeomFromText('POINT(-69.6839 44.4722)',4326), null, null, '2021-03-02T12:40:19.951140Z', null, '98a61f29-18a8-430a-9d02-0f53486e0984', '7601b4d7-a2f2-45cc-99c8-55f61b35e6f3', '00000000-0000-0000-0000-000000000000', null, '01049265'),
('2faa5679-787a-4caf-9163-33e3dc82a102', False, 'pas', 'PAS', null, ST_GeomFromText('POINT(-72.0397 44.3656)',4326), null, null, '2021-03-02T12:40:19.951418Z', null, '98a61f29-18a8-430a-9d02-0f53486e0984', '7601b4d7-a2f2-45cc-99c8-55f61b35e6f3', '00000000-0000-0000-0000-000000000000', null, '01135500'),
('953727b5-e98e-49b5-81e7-ac499f763da2', False, 'wwa', 'WWA', null, ST_GeomFromText('POINT(-72.3331 42.2678)',4326), null, null, '2021-03-02T12:40:19.951935Z', null, '98a61f29-18a8-430a-9d02-0f53486e0984', '7601b4d7-a2f2-45cc-99c8-55f61b35e6f3', '00000000-0000-0000-0000-000000000000', null, '01175500'),
('54453f3c-58a1-4a6a-8bde-9e08a550c48d', False, 'ess', 'ESS', null, ST_GeomFromText('POINT(-72.3844 41.3514)',4326), null, null, '2021-03-02T12:40:19.952302Z', null, '98a61f29-18a8-430a-9d02-0f53486e0984', '7601b4d7-a2f2-45cc-99c8-55f61b35e6f3', '00000000-0000-0000-0000-000000000000', null, '01194750'),
('666174cc-b8f8-4366-9b39-629ea1f52c7c', False, 'wts', 'WTS', null, ST_GeomFromText('POINT(-50.6704 67.0054)',4326), null, null, '2021-03-02T12:40:19.952705Z', null, '98a61f29-18a8-430a-9d02-0f53486e0984', '7601b4d7-a2f2-45cc-99c8-55f61b35e6f3', '00000000-0000-0000-0000-000000000000', null, null),
('d051f5be-8f92-4eb8-ad47-4e82be4774fc', False, 'rcc', 'RCC', null, ST_GeomFromText('POINT(-71.302 42.4635)',4326), null, null, '2021-03-02T12:40:19.953398Z', null, '98a61f29-18a8-430a-9d02-0f53486e0984', '7601b4d7-a2f2-45cc-99c8-55f61b35e6f3', '00000000-0000-0000-0000-000000000000', null, null),
('ed3f7415-3bf4-4841-8fd7-8adf0de9dd8d', False, 'hel', 'HEL', null, ST_GeomFromText('POINT(-38.0 66.4)',4326), null, null, '2021-03-02T12:40:19.953920Z', null, '98a61f29-18a8-430a-9d02-0f53486e0984', '7601b4d7-a2f2-45cc-99c8-55f61b35e6f3', '00000000-0000-0000-0000-000000000000', null, null),
('cfc849e7-03a6-4b52-b5d9-1bde0fada89c', False, 'nhd', 'NHD', null, ST_GeomFromText('POINT(-72.3609 43.6044)',4326), null, null, '2021-03-02T12:40:19.956754Z', null, '98a61f29-18a8-430a-9d02-0f53486e0984', '7601b4d7-a2f2-45cc-99c8-55f61b35e6f3', '00000000-0000-0000-0000-000000000000', null, '01151400'),
('ee9f3dd2-9d87-4482-9fed-cb101d0c81f5', False, 'nli', 'NLI', null, ST_GeomFromText('POINT(-71.6725 44.0425)',4326), null, null, '2021-03-02T12:40:19.960412Z', null, '98a61f29-18a8-430a-9d02-0f53486e0984', '7601b4d7-a2f2-45cc-99c8-55f61b35e6f3', '00000000-0000-0000-0000-000000000000', null, null),
('4b3487b4-e405-4ebb-b4ab-829ae64490fc', False, 'helsouth', 'HELSOUTH', null, ST_GeomFromText('POINT(-38.2 66.4)',4326), null, null, '2021-03-02T12:40:19.960905Z', null, '98a61f29-18a8-430a-9d02-0f53486e0984', '7601b4d7-a2f2-45cc-99c8-55f61b35e6f3', '00000000-0000-0000-0000-000000000000', null, null),
('9e47f8eb-3335-4d05-9a71-3201eb4f6823', False, 'ing', 'ING', null, ST_GeomFromText('POINT(0.0 0.0)',4326), null, null, '2021-03-02T12:40:19.966503Z', null, '98a61f29-18a8-430a-9d02-0f53486e0984', '7601b4d7-a2f2-45cc-99c8-55f61b35e6f3', '00000000-0000-0000-0000-000000000000', null, null),
('eb5f279e-b11d-443c-abb4-dcdd2b5ebff9', False, 'atlas-crrel', 'Atlas-CRREL', null, ST_GeomFromText('POINT(0.0 0.0)',4326), null, null, '2021-03-02T12:40:19.968614Z', null, '98a61f29-18a8-430a-9d02-0f53486e0984', '7601b4d7-a2f2-45cc-99c8-55f61b35e6f3', '00000000-0000-0000-0000-000000000000', null, null),
('f3593112-a487-42d4-85dd-116ce81abb27', False, 'fit', 'FIT', null, ST_GeomFromText('POINT(-71.7886 42.5761)',4326), null, null, '2021-03-02T12:40:19.974120Z', null, '98a61f29-18a8-430a-9d02-0f53486e0984', '7601b4d7-a2f2-45cc-99c8-55f61b35e6f3', '00000000-0000-0000-0000-000000000000', null, '01094400'),
('31e2ff89-126f-4ce2-a0f6-a51df2ef05b3', False, 'crrelobllasertestsite', 'CRRELOblLaserTestSite', null, ST_GeomFromText('POINT(0.0 0.0)',4326), null, null, '2021-03-02T12:40:19.974452Z', null, '98a61f29-18a8-430a-9d02-0f53486e0984', '7601b4d7-a2f2-45cc-99c8-55f61b35e6f3', '00000000-0000-0000-0000-000000000000', null, null),
('42a90ed3-053b-46d9-a6de-e66331bfc390', False, 'thl', 'THL', null, ST_GeomFromText('POINT(-69.2285 77.467)',4326), null, null, '2021-03-02T12:40:19.976367Z', null, '98a61f29-18a8-430a-9d02-0f53486e0984', '7601b4d7-a2f2-45cc-99c8-55f61b35e6f3', '00000000-0000-0000-0000-000000000000', null, null);

--INSERT INSTRUMENT STATUS--
INSERT INTO public.instrument_status(id, instrument_id, status_id, "time")
 VALUES 
('5437bf35-ac2e-4224-8ee5-79a653dcf8ad', 'f3c7142b-b356-4f58-afc1-2d74ae578ba5', 'e26ba2ef-9b52-4c71-97df-9e4b6cf4174d', '2021-03-02T12:40:19.674892Z'),
('ce2dbc86-e2ba-498a-a0d9-d86f94e19699', 'ac67b2c8-13ba-4923-8512-a0aa91610c55', 'e26ba2ef-9b52-4c71-97df-9e4b6cf4174d', '2021-03-02T12:40:19.675739Z'),
('b27aeeb2-1c7e-4954-be81-3bf7e8e4c2d6', '5f0aff14-fb9e-4a3b-b4c4-d50d998923c5', 'e26ba2ef-9b52-4c71-97df-9e4b6cf4174d', '2021-03-02T12:40:19.676792Z'),
('fa6b5336-c2b4-46d2-9ea8-4cdbbb8ec699', '850d0abd-b1f7-4c94-a398-78a26cd9d1fd', 'e26ba2ef-9b52-4c71-97df-9e4b6cf4174d', '2021-03-02T12:40:19.678306Z'),
('10279f75-f90c-4072-8856-5c53218c871b', '28ec3483-b202-46a5-a56b-8b4e7d384cef', 'e26ba2ef-9b52-4c71-97df-9e4b6cf4174d', '2021-03-02T12:40:19.678923Z'),
('e4812152-12f0-4335-839c-31118174020d', '0144062c-5dbf-4f49-a55b-0fb92cc70fa1', 'e26ba2ef-9b52-4c71-97df-9e4b6cf4174d', '2021-03-02T12:40:19.680360Z'),
('94fe8bce-46b0-4db8-b3b2-7b7c9e67b568', '757b3d17-7254-427c-8913-ffad5d203c68', 'e26ba2ef-9b52-4c71-97df-9e4b6cf4174d', '2021-03-02T12:40:19.682404Z'),
('724bbfba-e115-46cb-be4c-95360e234698', '6743b892-eed9-4f85-81ac-dd11dcb976a3', 'e26ba2ef-9b52-4c71-97df-9e4b6cf4174d', '2021-03-02T12:40:19.682610Z'),
('91fcbea6-7f54-4bda-a345-c3f77dbd5851', 'f32e2cc5-1639-4fe5-b79b-bacba6ca5cfe', 'e26ba2ef-9b52-4c71-97df-9e4b6cf4174d', '2021-03-02T12:40:19.682765Z'),
('72590fe1-34c9-49d6-baa9-14e0551d8181', '6330114a-7919-46f0-aedf-f27b4fafbbeb', 'e26ba2ef-9b52-4c71-97df-9e4b6cf4174d', '2021-03-02T12:40:19.684476Z'),
('bb5cce4e-cf0e-4d49-9a12-3808ee1da5b4', '0829fd2a-d737-4aec-973e-b862b85f2109', 'e26ba2ef-9b52-4c71-97df-9e4b6cf4174d', '2021-03-02T12:40:19.685189Z'),
('1a57435a-6833-4724-9c5b-26a72ecbe54d', '442e152b-93cb-4682-b4bd-a4bf23b1ddb6', 'e26ba2ef-9b52-4c71-97df-9e4b6cf4174d', '2021-03-02T12:40:19.687635Z'),
('4db1736a-cf26-44af-ac8f-3b641703329e', '2917da95-76d1-42b6-941c-298aef037839', 'e26ba2ef-9b52-4c71-97df-9e4b6cf4174d', '2021-03-02T12:40:19.690381Z'),
('da6308af-6700-4e2c-b1a0-f6c69bf0c71a', '5beef929-f304-4e94-a236-a301e0e38bc7', 'e26ba2ef-9b52-4c71-97df-9e4b6cf4174d', '2021-03-02T12:40:19.693484Z'),
('96ed8e86-7874-4a12-9f30-a43978e3293c', 'a3f38225-80dd-4b97-a129-49b4c09edaf7', 'e26ba2ef-9b52-4c71-97df-9e4b6cf4174d', '2021-03-02T12:40:19.695926Z'),
('675fbb26-f74b-48c3-8091-3e2f4614d354', 'c0a1cf38-15fa-482b-83f0-fb0aa9f4d6fe', 'e26ba2ef-9b52-4c71-97df-9e4b6cf4174d', '2021-03-02T12:40:19.698519Z'),
('877b58bb-1a55-4153-9f28-f8cac47ea816', '991bea23-549d-4298-9470-b2a651cb6163', 'e26ba2ef-9b52-4c71-97df-9e4b6cf4174d', '2021-03-02T12:40:19.702078Z'),
('130a6ef8-964a-4ae9-8279-764bea00bb2e', '79966ce4-809b-4b26-b61f-abdd9d1af948', 'e26ba2ef-9b52-4c71-97df-9e4b6cf4174d', '2021-03-02T12:40:19.705079Z'),
('08318aab-f743-4a32-b3cc-bf4c64314d83', '1d61c196-a3de-4e3a-94d4-198c27b46899', 'e26ba2ef-9b52-4c71-97df-9e4b6cf4174d', '2021-03-02T12:40:19.717418Z'),
('014549ff-6297-4307-82eb-45d52918194b', '9f95073c-6271-42db-ad17-8a0a5c2ad045', 'e26ba2ef-9b52-4c71-97df-9e4b6cf4174d', '2021-03-02T12:40:19.719710Z'),
('68590ae9-21e0-4459-9a12-4c3337b938c3', 'db3ff527-cd88-4228-a587-9a2abf20f922', 'e26ba2ef-9b52-4c71-97df-9e4b6cf4174d', '2021-03-02T12:40:19.723712Z'),
('e78b22ef-c681-4d9b-b841-3a921b965d2f', 'f9b63aa7-0e82-4fa7-a25a-35ad363b99cb', 'e26ba2ef-9b52-4c71-97df-9e4b6cf4174d', '2021-03-02T12:40:19.729545Z'),
('91a905f5-7691-463e-ba3f-834e40aaa3a1', 'c9e6cffa-451f-4b49-b287-a44fdb72b40a', 'e26ba2ef-9b52-4c71-97df-9e4b6cf4174d', '2021-03-02T12:40:19.731992Z'),
('034ced9a-6295-4a99-9085-d7e15873655e', 'a92f4270-5702-4005-aa77-13b9ce816cce', 'e26ba2ef-9b52-4c71-97df-9e4b6cf4174d', '2021-03-02T12:40:19.752048Z'),
('267b7170-9909-4c18-8850-6db59e1cec58', 'ffd200e4-6504-4604-91b5-6b7718474565', 'e26ba2ef-9b52-4c71-97df-9e4b6cf4174d', '2021-03-02T12:40:19.754837Z'),
('a0ddcae1-2a2e-449e-afe4-f99075d6ae51', '28abfe2e-52ce-4161-8b03-3be009d11fea', 'e26ba2ef-9b52-4c71-97df-9e4b6cf4174d', '2021-03-02T12:40:19.759864Z'),
('7d1477ca-1326-40e3-893c-32e678d164c7', '19b5803c-d7ac-4bec-abd8-8fb70c7275b7', 'e26ba2ef-9b52-4c71-97df-9e4b6cf4174d', '2021-03-02T12:40:19.766907Z'),
('308300eb-22ab-4ce5-8aaa-78b7c63d1b0b', '50e8bd0e-6c92-44ad-b979-f6350de61902', 'e26ba2ef-9b52-4c71-97df-9e4b6cf4174d', '2021-03-02T12:40:19.791702Z'),
('b8d33c67-fd66-4d2a-953d-54f70b383ccb', '503941af-b8b5-4d65-838a-402f9ee6b745', 'e26ba2ef-9b52-4c71-97df-9e4b6cf4174d', '2021-03-02T12:40:19.795027Z'),
('af102134-5c11-4bc4-868b-a09b2ac54936', 'c6242fa4-681e-4d1c-9abc-d274515ebeaf', 'e26ba2ef-9b52-4c71-97df-9e4b6cf4174d', '2021-03-02T12:40:19.829381Z'),
('2c33bcf8-28c5-4a02-a67f-880ab13461ae', '168a96ba-f9de-4a78-a30c-efbf44079fb2', 'e26ba2ef-9b52-4c71-97df-9e4b6cf4174d', '2021-03-02T12:40:19.834616Z'),
('3ae9e568-ac20-4722-9959-9ee3fd44e56a', '0d3516d7-c191-4653-b140-eb2a15909f8e', 'e26ba2ef-9b52-4c71-97df-9e4b6cf4174d', '2021-03-02T12:40:19.836277Z'),
('dd210394-23d0-4aaa-882e-ac818a252e6f', '1c83013a-675c-4367-b744-abfcd3248cc3', 'e26ba2ef-9b52-4c71-97df-9e4b6cf4174d', '2021-03-02T12:40:19.848074Z'),
('a79911ea-42fc-4fdd-aabb-afda7cca46bf', '8ec4d460-ecd3-42ac-ab59-4b0d21f6a656', 'e26ba2ef-9b52-4c71-97df-9e4b6cf4174d', '2021-03-02T12:40:19.878523Z'),
('85ff1b48-8e0b-44f9-ac70-a3641369a317', '689d9dda-2226-46fc-9923-702d832e7087', 'e26ba2ef-9b52-4c71-97df-9e4b6cf4174d', '2021-03-02T12:40:19.885042Z'),
('d0e1c791-3b84-4a10-bba2-a114ccacccff', 'bdf489cc-d599-4f89-a060-6bfa010ea4c3', 'e26ba2ef-9b52-4c71-97df-9e4b6cf4174d', '2021-03-02T12:40:19.887030Z'),
('57ae1bd2-4abb-4d1f-9d53-2ae8f58198b3', 'aa51f94e-a1a7-42d1-9733-5dae124e90fd', 'e26ba2ef-9b52-4c71-97df-9e4b6cf4174d', '2021-03-02T12:40:19.887773Z'),
('9b48336d-26c3-4af4-b978-93c8360b7020', '00e1e165-beb1-4765-b2d4-72a178b097cf', 'e26ba2ef-9b52-4c71-97df-9e4b6cf4174d', '2021-03-02T12:40:19.888221Z'),
('c69f8f5f-3358-402e-abe6-5d90c15a6ccd', '1e77d330-9e45-4dfa-aa9e-b5e688e00cac', 'e26ba2ef-9b52-4c71-97df-9e4b6cf4174d', '2021-03-02T12:40:19.888751Z'),
('a0416131-7345-40cd-9445-ad652cc0b3af', 'ff060257-ea6e-4674-8bba-4ff31e24a6cb', 'e26ba2ef-9b52-4c71-97df-9e4b6cf4174d', '2021-03-02T12:40:19.889112Z'),
('3a60855f-61aa-458b-9710-ab0fb99e50af', '9fa32eee-0cb3-4c94-a949-f6668d345b38', 'e26ba2ef-9b52-4c71-97df-9e4b6cf4174d', '2021-03-02T12:40:19.889491Z'),
('ebe760a1-1772-4326-9e0c-02dc9a14ca8f', '88015e92-019c-4572-93bc-213056ecf952', 'e26ba2ef-9b52-4c71-97df-9e4b6cf4174d', '2021-03-02T12:40:19.889861Z'),
('690f42b1-181c-420a-9505-710c2a6bcec6', '8e5dc477-18d0-4369-94c7-8c1185ee81cb', 'e26ba2ef-9b52-4c71-97df-9e4b6cf4174d', '2021-03-02T12:40:19.890256Z'),
('255e97f6-8b70-4b78-98c2-a35e0f833da7', '2773d4a1-20be-4547-9b68-04149ab8984c', 'e26ba2ef-9b52-4c71-97df-9e4b6cf4174d', '2021-03-02T12:40:19.890642Z'),
('b0f217c9-d925-4301-b01d-eedae4222b83', '10e75d1e-1340-402f-bcbd-91542ef3fbad', 'e26ba2ef-9b52-4c71-97df-9e4b6cf4174d', '2021-03-02T12:40:19.891003Z'),
('81ff02c9-0cb9-4532-9cf4-b48805a294b5', '52ab3267-6ce6-4e53-a0c3-a956934b344b', 'e26ba2ef-9b52-4c71-97df-9e4b6cf4174d', '2021-03-02T12:40:19.891282Z'),
('6d05b086-d2dc-488b-a789-f6456d47c543', '89e1d9d9-51a8-486f-a351-7679539d9c58', 'e26ba2ef-9b52-4c71-97df-9e4b6cf4174d', '2021-03-02T12:40:19.891605Z'),
('5c4c1ccc-7012-4739-9e36-5390834c3354', 'f0a84196-1549-489a-a7f1-b526f30b87a0', 'e26ba2ef-9b52-4c71-97df-9e4b6cf4174d', '2021-03-02T12:40:19.891857Z'),
('a682746d-9539-4c37-a617-b127e34a963d', '4247d4ff-ec8e-4e5e-9db6-a14d8f5756bd', 'e26ba2ef-9b52-4c71-97df-9e4b6cf4174d', '2021-03-02T12:40:19.892135Z'),
('acde29ad-925a-44c2-b081-ea692e0d843d', '676787fa-4122-4e11-9152-c09e26b438c0', 'e26ba2ef-9b52-4c71-97df-9e4b6cf4174d', '2021-03-02T12:40:19.892439Z'),
('c31d1bd4-1a27-4f52-8ec5-b28ad3ddff5a', '125277c7-9d38-4bad-9ad5-b7dd962e0526', 'e26ba2ef-9b52-4c71-97df-9e4b6cf4174d', '2021-03-02T12:40:19.892760Z'),
('4a5812af-4517-4272-8e8c-f518a2b7a5fa', 'ffbae3a7-70ba-4489-b9a6-015507235190', 'e26ba2ef-9b52-4c71-97df-9e4b6cf4174d', '2021-03-02T12:40:19.892994Z'),
('4dd9e951-255b-44af-82db-51aa1a26a3e5', '6d45fdb8-3bcf-45e6-bb62-82c4467c4cca', 'e26ba2ef-9b52-4c71-97df-9e4b6cf4174d', '2021-03-02T12:40:19.893267Z'),
('566bedb8-3031-4467-bcde-3e655e156e19', 'e41e55a9-c8d6-4c1a-86b1-f233e5a33715', 'e26ba2ef-9b52-4c71-97df-9e4b6cf4174d', '2021-03-02T12:40:19.893538Z'),
('3327c7c8-dcd1-4ead-8930-c50d2c0f59ab', '9a0062f9-9f37-4be4-afc4-e00b2c7af928', 'e26ba2ef-9b52-4c71-97df-9e4b6cf4174d', '2021-03-02T12:40:19.893764Z'),
('9cda558d-32d1-47a5-a4e6-457a70e3ab98', 'a6dc5d5c-e92b-4497-b9ba-5174e3dc592e', 'e26ba2ef-9b52-4c71-97df-9e4b6cf4174d', '2021-03-02T12:40:19.894015Z'),
('1da13986-7aad-4127-99c3-2099dccaade7', '5aaeea36-a2d3-46f1-85fd-2b8fa0684053', 'e26ba2ef-9b52-4c71-97df-9e4b6cf4174d', '2021-03-02T12:40:19.894397Z'),
('7021b17d-e6b2-4b74-bcec-bdf0f7a39e55', 'bc51e65d-303e-4d67-b3ab-96a54766ea21', 'e26ba2ef-9b52-4c71-97df-9e4b6cf4174d', '2021-03-02T12:40:19.894724Z'),
('9d15d9f5-4642-42b3-9fb3-10db3d0dea90', 'd5ae99d8-09ba-44df-9df5-3cf2254d15b1', 'e26ba2ef-9b52-4c71-97df-9e4b6cf4174d', '2021-03-02T12:40:19.895157Z'),
('e512ab09-672f-43a0-9bb7-dbef33a04603', '9351a7ce-e628-4c09-96bc-527cf6650504', 'e26ba2ef-9b52-4c71-97df-9e4b6cf4174d', '2021-03-02T12:40:19.895547Z'),
('0760be31-9049-4ee9-b26f-e26f73fdd3f3', '3f3cfa39-d6f6-4b10-923f-925ecfb11778', 'e26ba2ef-9b52-4c71-97df-9e4b6cf4174d', '2021-03-02T12:40:19.895807Z'),
('52d71687-1328-44f9-9a4f-4ce2217bb0f6', '6e48a98a-c473-42c6-a0a7-ac6ecb883134', 'e26ba2ef-9b52-4c71-97df-9e4b6cf4174d', '2021-03-02T12:40:19.896082Z'),
('6b09c2aa-03e8-4ec7-9cf5-784799a5b396', '3684868a-b591-44c1-b34d-f10850323eb7', 'e26ba2ef-9b52-4c71-97df-9e4b6cf4174d', '2021-03-02T12:40:19.896454Z'),
('92537daf-88f7-48b4-81fb-2bfbd4e0d253', '10d0f03d-84a3-44b1-8540-69bf9be69e95', 'e26ba2ef-9b52-4c71-97df-9e4b6cf4174d', '2021-03-02T12:40:19.896689Z'),
('16a96fea-c800-468f-9591-e9346173097a', '861ac604-07a5-4f4a-9459-c098c2c68462', 'e26ba2ef-9b52-4c71-97df-9e4b6cf4174d', '2021-03-02T12:40:19.896985Z'),
('97b07591-1e11-40b8-91f8-e2de41725e5b', '0373981c-70c1-4bb0-923a-5991cfaca5bb', 'e26ba2ef-9b52-4c71-97df-9e4b6cf4174d', '2021-03-02T12:40:19.897279Z'),
('aea2378f-3f64-4a43-b828-3b1e5ba054eb', 'a095abc7-1c87-44ea-92fe-4ceda379e9e1', 'e26ba2ef-9b52-4c71-97df-9e4b6cf4174d', '2021-03-02T12:40:19.897551Z'),
('6cd93866-b05b-4fb1-b3af-493d9f893f9d', '256e9e1c-4156-4ad0-b9ff-34b3bb47f0d8', 'e26ba2ef-9b52-4c71-97df-9e4b6cf4174d', '2021-03-02T12:40:19.897772Z'),
('5efb222c-13ab-4118-b686-6d33f1930276', 'ee65f40d-e8dd-420d-a67d-f849d472d453', 'e26ba2ef-9b52-4c71-97df-9e4b6cf4174d', '2021-03-02T12:40:19.898025Z'),
('ade0afb3-2de2-4404-b01e-06e483ec877c', '3b192c4b-b554-46a8-bfce-70e427cb12ab', 'e26ba2ef-9b52-4c71-97df-9e4b6cf4174d', '2021-03-02T12:40:19.898300Z'),
('2c7b0d8d-0351-4eea-b694-58b89cf855de', '637ab3cd-63a5-41d1-a9f6-57fe3dc5c8cf', 'e26ba2ef-9b52-4c71-97df-9e4b6cf4174d', '2021-03-02T12:40:19.898601Z'),
('8bdc99e6-333c-4a0d-b8cb-8f9600955a0a', '682af46f-4393-4fa9-bbd4-688284ca7de2', 'e26ba2ef-9b52-4c71-97df-9e4b6cf4174d', '2021-03-02T12:40:19.898883Z'),
('b715764d-0569-4711-8575-fd943863f60a', '3481f523-7ac8-472d-b07c-7204c894c4c3', 'e26ba2ef-9b52-4c71-97df-9e4b6cf4174d', '2021-03-02T12:40:19.899114Z'),
('62eef4e4-97f1-4af9-b8b7-8f9238522dbb', '8a66c8b0-65b8-46d9-8493-b719cb265318', 'e26ba2ef-9b52-4c71-97df-9e4b6cf4174d', '2021-03-02T12:40:19.899369Z'),
('583d1283-bdbc-4aad-8f98-efb5c936c7ea', '04b196fb-07c0-4923-a004-e7b59c21d03a', 'e26ba2ef-9b52-4c71-97df-9e4b6cf4174d', '2021-03-02T12:40:19.899584Z'),
('6265a84e-5715-481e-95a4-b174791e8d08', '0c4ba6e5-3fed-49eb-bcf1-ef1e82147f02', 'e26ba2ef-9b52-4c71-97df-9e4b6cf4174d', '2021-03-02T12:40:19.899827Z'),
('d45c4dea-17ed-4e85-8ff6-69be0a696e64', '35071d64-5ea2-44d8-bfae-93982e2223b6', 'e26ba2ef-9b52-4c71-97df-9e4b6cf4174d', '2021-03-02T12:40:19.900035Z'),
('aa9dfdc8-c8cb-454f-a57c-724e3ca4d07d', '04efbd69-486b-4c6e-ac1d-ec502874153c', 'e26ba2ef-9b52-4c71-97df-9e4b6cf4174d', '2021-03-02T12:40:19.901389Z'),
('3d48a6e2-b65b-499a-a8f7-b29b0b979b2f', '536b25fc-46f6-46bb-b6b7-9e52b7f18eb0', 'e26ba2ef-9b52-4c71-97df-9e4b6cf4174d', '2021-03-02T12:40:19.905070Z'),
('c27a17eb-e460-48bf-9783-3abf7a745c0e', 'fe87bb30-f101-414d-8ff6-774f9e9edb68', 'e26ba2ef-9b52-4c71-97df-9e4b6cf4174d', '2021-03-02T12:40:19.905652Z'),
('d3e3f918-0b56-4fcd-bd83-4237b7c0f5cf', '3ff74ad2-d69d-4ff2-9edf-81db0b73d54d', 'e26ba2ef-9b52-4c71-97df-9e4b6cf4174d', '2021-03-02T12:40:19.905929Z'),
('0b115afe-6ee2-427a-9f71-b789182eef52', '3b1c3284-eabe-4455-a298-1d432e87fa05', 'e26ba2ef-9b52-4c71-97df-9e4b6cf4174d', '2021-03-02T12:40:19.906225Z'),
('51db44f3-52a9-4a95-b72b-6aba45c91bc7', 'd6ec1758-18e4-43f7-b232-355e5eec5bdd', 'e26ba2ef-9b52-4c71-97df-9e4b6cf4174d', '2021-03-02T12:40:19.906441Z'),
('6322acee-0fc5-4f35-b214-1b4a35c64169', '84381009-96d2-4540-831c-ea91ef71c487', 'e26ba2ef-9b52-4c71-97df-9e4b6cf4174d', '2021-03-02T12:40:19.906725Z'),
('c8fccc44-1c6d-47bb-86a8-f1f4da12fadc', 'c813ccbb-7b26-471b-a4ad-3447504a3133', 'e26ba2ef-9b52-4c71-97df-9e4b6cf4174d', '2021-03-02T12:40:19.906976Z'),
('25b2dffc-761c-4bb0-a9f7-99f218d6521e', 'e3876ea2-be22-45d2-b79f-6ff9dfcee76e', 'e26ba2ef-9b52-4c71-97df-9e4b6cf4174d', '2021-03-02T12:40:19.907242Z'),
('3b298162-b046-43a4-b894-3b04eb4b1476', '36ec6215-b054-418a-ac66-73bba9b417ad', 'e26ba2ef-9b52-4c71-97df-9e4b6cf4174d', '2021-03-02T12:40:19.907585Z'),
('27367d3a-6b9e-47c8-a56d-d0b73b0b7883', '867c5f0c-afd1-4ada-b9e7-2ae45620c4d3', 'e26ba2ef-9b52-4c71-97df-9e4b6cf4174d', '2021-03-02T12:40:19.907956Z'),
('398320e9-fabb-4c95-9528-7c249022e2a5', 'f21b11f2-4187-42d0-8048-d83c99b1db32', 'e26ba2ef-9b52-4c71-97df-9e4b6cf4174d', '2021-03-02T12:40:19.908278Z'),
('31d9cef6-0539-4732-91b0-ec9c58e022d1', '84a4c7c4-dc18-451f-946f-bc6cff162d70', 'e26ba2ef-9b52-4c71-97df-9e4b6cf4174d', '2021-03-02T12:40:19.908650Z'),
('8b6f82e6-c0ca-40f3-b4e2-74f3a694a8ed', '6ec230e0-62db-470a-bd99-ac7459fb402c', 'e26ba2ef-9b52-4c71-97df-9e4b6cf4174d', '2021-03-02T12:40:19.909251Z'),
('d261fa86-211e-49b0-8128-2210c5e33d58', 'f2072f27-4244-45c3-9517-bd9698fe2ea5', 'e26ba2ef-9b52-4c71-97df-9e4b6cf4174d', '2021-03-02T12:40:19.910123Z'),
('65a7a6b2-5772-41b3-b7ec-f4d64a6ae8d9', '7a476987-72bc-40b0-a498-12512df16f3c', 'e26ba2ef-9b52-4c71-97df-9e4b6cf4174d', '2021-03-02T12:40:19.911012Z'),
('1e168bd4-4c44-47fa-9420-5c594bff1011', '108421a6-02b2-456a-afc1-8b52a895787b', 'e26ba2ef-9b52-4c71-97df-9e4b6cf4174d', '2021-03-02T12:40:19.911346Z'),
('788bef99-ac36-4040-b6de-1c8450658e1e', '01ffd427-2668-4a88-bf0f-cde82481bdaf', 'e26ba2ef-9b52-4c71-97df-9e4b6cf4174d', '2021-03-02T12:40:19.911807Z'),
('e65174a6-47a9-4b37-a7fa-b517b00bf23f', '2313f0a6-c713-4bee-a063-dd2d57b1aef4', 'e26ba2ef-9b52-4c71-97df-9e4b6cf4174d', '2021-03-02T12:40:19.912092Z'),
('b8a7bc94-efab-41c2-927b-6e9f5198fd40', 'd6a5588a-1d6c-4820-b177-719ce09ff04e', 'e26ba2ef-9b52-4c71-97df-9e4b6cf4174d', '2021-03-02T12:40:19.912403Z'),
('a95a79e6-8329-49a0-bcda-8fedcbde94c5', '4cb4becd-0ecd-453a-82ea-c768cbb309d9', 'e26ba2ef-9b52-4c71-97df-9e4b6cf4174d', '2021-03-02T12:40:19.914038Z'),
('e3402fdb-3712-425e-88ff-412a32b6ec6f', '096304cb-dc2e-4c39-ba07-95c5095267c4', 'e26ba2ef-9b52-4c71-97df-9e4b6cf4174d', '2021-03-02T12:40:19.915652Z'),
('acad5830-b10b-412b-9b88-8a9e4be10848', '19cbf4de-0b6f-4a8c-a22a-fcf4584a6619', 'e26ba2ef-9b52-4c71-97df-9e4b6cf4174d', '2021-03-02T12:40:19.916891Z'),
('c9ef8f78-5c9e-4f9b-8d44-7791d0c56e8e', 'a873c5ea-431d-423f-9806-6d337aa10613', 'e26ba2ef-9b52-4c71-97df-9e4b6cf4174d', '2021-03-02T12:40:19.917340Z'),
('bd410f8d-1d2e-4400-9835-9f34b847eae1', 'eab77b01-bb39-4e1d-8e94-d19891d9f195', 'e26ba2ef-9b52-4c71-97df-9e4b6cf4174d', '2021-03-02T12:40:19.917887Z'),
('8cbe9b1e-1d74-4ab0-973e-7c9ff39abbaa', '0ba53b32-3900-42a3-9495-768bd38bf29f', 'e26ba2ef-9b52-4c71-97df-9e4b6cf4174d', '2021-03-02T12:40:19.919639Z'),
('1676f2c1-5165-4d22-819c-4b2ca8491222', '7aea09dc-d644-4e06-ac6d-0fb0f29cce71', 'e26ba2ef-9b52-4c71-97df-9e4b6cf4174d', '2021-03-02T12:40:19.922481Z'),
('cd959280-3492-4091-a213-70e4f3dcde04', '4e32b418-bdc3-40cf-9d75-c31d96050fcf', 'e26ba2ef-9b52-4c71-97df-9e4b6cf4174d', '2021-03-02T12:40:19.923207Z'),
('dfe44ae3-25e8-4cd1-81a0-70b670c4f574', 'd40fc9fa-7819-4ad5-82fa-2cc6a77dea4c', 'e26ba2ef-9b52-4c71-97df-9e4b6cf4174d', '2021-03-02T12:40:19.923912Z'),
('523352f8-c7ac-4ec1-bef9-c07b5cf737a5', 'd0585274-9ecd-4b7e-8141-8357c9ae2541', 'e26ba2ef-9b52-4c71-97df-9e4b6cf4174d', '2021-03-02T12:40:19.924125Z'),
('7e3b5a40-9281-4c77-b7ce-08bd24646052', '260b13ec-c6a8-473c-a8eb-b1e3f99b6f4c', 'e26ba2ef-9b52-4c71-97df-9e4b6cf4174d', '2021-03-02T12:40:19.924369Z'),
('b05f6210-ba85-4bb9-a581-fb867fd7b929', 'd5c9dcc3-e2de-43a2-b1ff-960e1302415e', 'e26ba2ef-9b52-4c71-97df-9e4b6cf4174d', '2021-03-02T12:40:19.924719Z'),
('1575a6cb-1ee8-4896-b25d-18a6425d1380', 'd636bc1c-0366-4b48-928e-712050be7aa8', 'e26ba2ef-9b52-4c71-97df-9e4b6cf4174d', '2021-03-02T12:40:19.924923Z'),
('987f9b87-8986-4cc2-b27f-471403983fc2', '8a7e7ed7-b045-4fc3-b9db-3eca4192f952', 'e26ba2ef-9b52-4c71-97df-9e4b6cf4174d', '2021-03-02T12:40:19.925178Z'),
('4182ff35-eb9b-4b82-a8e6-d28a578ee862', '01573f62-b488-45a1-b0c9-50834d82f402', 'e26ba2ef-9b52-4c71-97df-9e4b6cf4174d', '2021-03-02T12:40:19.925396Z'),
('86615966-2067-4658-9664-5ed3db239000', 'd3eadd07-e87c-4fe1-9666-7a29c8490b24', 'e26ba2ef-9b52-4c71-97df-9e4b6cf4174d', '2021-03-02T12:40:19.925656Z'),
('22082872-cbe1-4038-924f-bb4be823b704', '44450bc2-b0e1-42d6-a333-2ff4258b57fd', 'e26ba2ef-9b52-4c71-97df-9e4b6cf4174d', '2021-03-02T12:40:19.925861Z'),
('c6a349ca-eac3-4161-8e55-39412647349d', 'c58a199a-5d24-48d2-962e-7620fd034cfb', 'e26ba2ef-9b52-4c71-97df-9e4b6cf4174d', '2021-03-02T12:40:19.926120Z'),
('8f7da741-1952-491f-a5d1-6ca762a96456', 'c742f943-efc0-487d-af4d-d60c585b6867', 'e26ba2ef-9b52-4c71-97df-9e4b6cf4174d', '2021-03-02T12:40:19.926390Z'),
('65e4b2eb-aad7-4458-b08d-970551fdd0aa', '1943ae05-60e1-4a7a-89f6-75365d7ee6c6', 'e26ba2ef-9b52-4c71-97df-9e4b6cf4174d', '2021-03-02T12:40:19.926819Z'),
('a4e3c082-53d7-4e39-b462-e282ecaf0213', '950d070d-8b14-4f5e-8d15-a09552e50ed2', 'e26ba2ef-9b52-4c71-97df-9e4b6cf4174d', '2021-03-02T12:40:19.932881Z'),
('3521139e-34e8-4a4d-a940-3b4de279d5b7', '2c820fef-bc65-41ea-a2a8-db067db1f370', 'e26ba2ef-9b52-4c71-97df-9e4b6cf4174d', '2021-03-02T12:40:19.933564Z'),
('e13ce187-10ed-43fc-94d5-2515ea443a97', '0f84c4df-2e55-4793-8792-10607ec34dc4', 'e26ba2ef-9b52-4c71-97df-9e4b6cf4174d', '2021-03-02T12:40:19.934082Z'),
('7d995ac5-8f1b-4446-9061-76fa193b88d5', 'b993658c-7006-4fea-ae5a-7b0c7099d425', 'e26ba2ef-9b52-4c71-97df-9e4b6cf4174d', '2021-03-02T12:40:19.934378Z'),
('820b8e19-28e7-46fc-b82a-70e82dadeeb8', 'ebccb98d-1d63-42d4-9622-367cd4888ae2', 'e26ba2ef-9b52-4c71-97df-9e4b6cf4174d', '2021-03-02T12:40:19.934639Z'),
('63df3a1f-d82a-4e9f-8fe4-ff9ecf98391e', '25f20030-0bb9-4121-9fe5-afdfa9b37b5c', 'e26ba2ef-9b52-4c71-97df-9e4b6cf4174d', '2021-03-02T12:40:19.935622Z'),
('b04f1ab2-66af-4106-a747-6b692d901e2d', '58deb237-b226-4a16-9a1d-72698a107b18', 'e26ba2ef-9b52-4c71-97df-9e4b6cf4174d', '2021-03-02T12:40:19.936481Z'),
('f4a7d91c-037e-4131-8561-f2a1fda9c06c', 'f63b828f-2655-4536-b3fa-aaebbae3a269', 'e26ba2ef-9b52-4c71-97df-9e4b6cf4174d', '2021-03-02T12:40:19.936702Z'),
('50fb095b-3327-4c1b-b8d8-a5e7f27bb39d', 'a3642ca3-9ab9-4021-93d7-ec018ca70ae3', 'e26ba2ef-9b52-4c71-97df-9e4b6cf4174d', '2021-03-02T12:40:19.936969Z'),
('473b8a2c-a1da-46f6-95f3-2efdd56254b6', '175b6d51-2c73-4cb1-9c20-638997fa9a52', 'e26ba2ef-9b52-4c71-97df-9e4b6cf4174d', '2021-03-02T12:40:19.937237Z'),
('0649d26d-8351-4ccf-b177-88ab5390f9f7', 'ce13a38d-c12c-4a39-8635-23dd926c2c4f', 'e26ba2ef-9b52-4c71-97df-9e4b6cf4174d', '2021-03-02T12:40:19.937432Z'),
('6e35816f-7039-4710-9b12-f6a742f0a1a2', 'b68b6de7-4b52-4efa-b610-ab200108d883', 'e26ba2ef-9b52-4c71-97df-9e4b6cf4174d', '2021-03-02T12:40:19.938649Z'),
('7dfd9967-fb81-477c-b48e-df211e909339', 'b4a45399-81a7-496b-b666-99d8668c94c6', 'e26ba2ef-9b52-4c71-97df-9e4b6cf4174d', '2021-03-02T12:40:19.941156Z'),
('f147191e-731b-4b26-a707-5972697217ff', '67165c5e-2dbf-481f-8700-6a14f58bcf02', 'e26ba2ef-9b52-4c71-97df-9e4b6cf4174d', '2021-03-02T12:40:19.941544Z'),
('8d76f90a-8150-4547-9157-bebb367fc149', '753e3231-1b6a-4d4e-ae0a-de79dd8332ce', 'e26ba2ef-9b52-4c71-97df-9e4b6cf4174d', '2021-03-02T12:40:19.941785Z'),
('f2346b08-8b96-4505-9873-bea73ae14850', '95fbac5c-2afb-41ec-b5ed-ae51be352601', 'e26ba2ef-9b52-4c71-97df-9e4b6cf4174d', '2021-03-02T12:40:19.942133Z'),
('8108c9c1-1660-4341-b5bb-574e148a72c2', 'eb46cd3a-2dbf-4465-a3b3-5749ba863866', 'e26ba2ef-9b52-4c71-97df-9e4b6cf4174d', '2021-03-02T12:40:19.946715Z'),
('efe1b4cb-2300-4b24-bf5e-83a34a6d00da', 'd0dfa4b0-759b-4f29-8457-3e077bb604e5', 'e26ba2ef-9b52-4c71-97df-9e4b6cf4174d', '2021-03-02T12:40:19.947615Z'),
('2d28f4df-938c-4223-986e-7015f588ddd9', '58478afc-6b1d-4f08-9aba-c917348331f7', 'e26ba2ef-9b52-4c71-97df-9e4b6cf4174d', '2021-03-02T12:40:19.948860Z'),
('3b587ea4-dfda-4fe3-89ab-18a2c46f7b1e', 'ba2a836b-b79d-4438-8ded-3c9c89635d19', 'e26ba2ef-9b52-4c71-97df-9e4b6cf4174d', '2021-03-02T12:40:19.950191Z'),
('fb9a476c-51d2-4192-a8ab-01381301007e', 'bca2071e-afaf-4a6f-b3a8-dab0b1de4795', 'e26ba2ef-9b52-4c71-97df-9e4b6cf4174d', '2021-03-02T12:40:19.950818Z'),
('2cfdb5c1-5249-4801-9b7e-541b58cea596', 'a2a1aa7b-f34a-41a8-be14-28771af54088', 'e26ba2ef-9b52-4c71-97df-9e4b6cf4174d', '2021-03-02T12:40:19.951140Z'),
('80da9dba-b382-4c6c-a980-cb760e1d4288', '2faa5679-787a-4caf-9163-33e3dc82a102', 'e26ba2ef-9b52-4c71-97df-9e4b6cf4174d', '2021-03-02T12:40:19.951418Z'),
('80818615-4020-4152-a2ef-3658e10e5302', '953727b5-e98e-49b5-81e7-ac499f763da2', 'e26ba2ef-9b52-4c71-97df-9e4b6cf4174d', '2021-03-02T12:40:19.951935Z'),
('9d801c65-8f7b-4653-a702-7a485342a42f', '54453f3c-58a1-4a6a-8bde-9e08a550c48d', 'e26ba2ef-9b52-4c71-97df-9e4b6cf4174d', '2021-03-02T12:40:19.952302Z'),
('b1515923-67eb-48cc-b862-1cf192c9123e', '666174cc-b8f8-4366-9b39-629ea1f52c7c', 'e26ba2ef-9b52-4c71-97df-9e4b6cf4174d', '2021-03-02T12:40:19.952705Z'),
('15b562e7-222c-4314-80a0-92b886cd1e87', 'd051f5be-8f92-4eb8-ad47-4e82be4774fc', 'e26ba2ef-9b52-4c71-97df-9e4b6cf4174d', '2021-03-02T12:40:19.953398Z'),
('eedb543f-e48e-467a-8b7f-8047ddeeda1c', 'ed3f7415-3bf4-4841-8fd7-8adf0de9dd8d', 'e26ba2ef-9b52-4c71-97df-9e4b6cf4174d', '2021-03-02T12:40:19.953920Z'),
('cba63276-296e-4193-953e-4577a1008fef', 'cfc849e7-03a6-4b52-b5d9-1bde0fada89c', 'e26ba2ef-9b52-4c71-97df-9e4b6cf4174d', '2021-03-02T12:40:19.956754Z'),
('042ae79d-661c-4547-869a-e424a16a8400', 'ee9f3dd2-9d87-4482-9fed-cb101d0c81f5', 'e26ba2ef-9b52-4c71-97df-9e4b6cf4174d', '2021-03-02T12:40:19.960412Z'),
('a47c5072-7a75-4371-9ab7-4c9a94d8e98e', '4b3487b4-e405-4ebb-b4ab-829ae64490fc', 'e26ba2ef-9b52-4c71-97df-9e4b6cf4174d', '2021-03-02T12:40:19.960905Z'),
('4d65452d-0ac3-4656-aaf8-bf3b6cb1eee0', '9e47f8eb-3335-4d05-9a71-3201eb4f6823', 'e26ba2ef-9b52-4c71-97df-9e4b6cf4174d', '2021-03-02T12:40:19.966503Z'),
('5268a023-c0b8-4425-bbbe-e6f33a80fcc5', 'eb5f279e-b11d-443c-abb4-dcdd2b5ebff9', 'e26ba2ef-9b52-4c71-97df-9e4b6cf4174d', '2021-03-02T12:40:19.968614Z'),
('1b5f8e26-adf0-495e-879a-69692f173a0e', 'f3593112-a487-42d4-85dd-116ce81abb27', 'e26ba2ef-9b52-4c71-97df-9e4b6cf4174d', '2021-03-02T12:40:19.974120Z'),
('53bf47a4-784c-49d8-9f78-d2d0a9639188', '31e2ff89-126f-4ce2-a0f6-a51df2ef05b3', 'e26ba2ef-9b52-4c71-97df-9e4b6cf4174d', '2021-03-02T12:40:19.974452Z'),
('5beb935c-ed9a-416f-9211-5b0b9e817b9f', '42a90ed3-053b-46d9-a6de-e66331bfc390', 'e26ba2ef-9b52-4c71-97df-9e4b6cf4174d', '2021-03-02T12:40:19.976367Z');

--INSERT TELEMETRY_GOES--COUNT:37
INSERT INTO public.telemetry_goes (id, nesdis_id) select '1c10239a-f252-4ba1-a9be-a514250a0634', 'CE393764' where not exists (select 1 from telemetry_goes where nesdis_id = 'CE393764');
INSERT INTO public.telemetry_goes (id, nesdis_id) select '60831df4-79f7-46e0-8305-068b5d92fd9c', '17B546E8' where not exists (select 1 from telemetry_goes where nesdis_id = '17B546E8');
INSERT INTO public.telemetry_goes (id, nesdis_id) select '9aee77e5-0ee4-412e-97df-99bf9027d3f6', 'DE18930C' where not exists (select 1 from telemetry_goes where nesdis_id = 'DE18930C');
INSERT INTO public.telemetry_goes (id, nesdis_id) select '9912cdfd-81aa-4675-845c-4cee81e03e67', 'CE7AEB0C' where not exists (select 1 from telemetry_goes where nesdis_id = 'CE7AEB0C');
INSERT INTO public.telemetry_goes (id, nesdis_id) select 'fcea21b8-af0b-419c-a43e-a60597e9ea75', 'D1162346' where not exists (select 1 from telemetry_goes where nesdis_id = 'D1162346');
INSERT INTO public.telemetry_goes (id, nesdis_id) select 'c961e52e-0201-4b77-83f7-5ba890c37933', '1655C4D4' where not exists (select 1 from telemetry_goes where nesdis_id = '1655C4D4');
INSERT INTO public.telemetry_goes (id, nesdis_id) select 'f681e0f4-4a59-411d-8fac-7639aea5b58a', 'DF02517C' where not exists (select 1 from telemetry_goes where nesdis_id = 'DF02517C');
INSERT INTO public.telemetry_goes (id, nesdis_id) select 'f92297d4-97a6-4541-ac48-208bf3e6fc1b', 'DDB615C0' where not exists (select 1 from telemetry_goes where nesdis_id = 'DDB615C0');
INSERT INTO public.telemetry_goes (id, nesdis_id) select 'b0fa4d92-80a7-4dd4-a89b-0dbef5ed3fc7', '17F2A4F2' where not exists (select 1 from telemetry_goes where nesdis_id = '17F2A4F2');
INSERT INTO public.telemetry_goes (id, nesdis_id) select 'cfeb0d1d-9d3e-49f9-a0e0-dd40e82af8de', '15C2C420' where not exists (select 1 from telemetry_goes where nesdis_id = '15C2C420');
INSERT INTO public.telemetry_goes (id, nesdis_id) select 'b3915e3b-a785-4128-bde2-fd745790c45e', '1173478E' where not exists (select 1 from telemetry_goes where nesdis_id = '1173478E');
INSERT INTO public.telemetry_goes (id, nesdis_id) select '55f01856-6285-496f-acec-7ba946b0abcf', '1668724C' where not exists (select 1 from telemetry_goes where nesdis_id = '1668724C');
INSERT INTO public.telemetry_goes (id, nesdis_id) select '229f31d5-1e71-42f7-ab91-9b275646cb7d', 'CE4D695C' where not exists (select 1 from telemetry_goes where nesdis_id = 'CE4D695C');
INSERT INTO public.telemetry_goes (id, nesdis_id) select 'bf912ed9-e412-4509-a05b-343da43b202c', '17330294' where not exists (select 1 from telemetry_goes where nesdis_id = '17330294');
INSERT INTO public.telemetry_goes (id, nesdis_id) select '5be16cd9-2006-44b8-b999-f08df544c19c', '177AC20A' where not exists (select 1 from telemetry_goes where nesdis_id = '177AC20A');
INSERT INTO public.telemetry_goes (id, nesdis_id) select 'cef69599-6cc4-40c7-95a5-3c8de5141286', '17C8A3D0' where not exists (select 1 from telemetry_goes where nesdis_id = '17C8A3D0');
INSERT INTO public.telemetry_goes (id, nesdis_id) select 'bfe34956-6758-4feb-9ff5-9817a1b1636d', 'DE22A1B4' where not exists (select 1 from telemetry_goes where nesdis_id = 'DE22A1B4');
INSERT INTO public.telemetry_goes (id, nesdis_id) select '60472424-3b26-487d-b2d3-d7f0424d763a', '17CA2030' where not exists (select 1 from telemetry_goes where nesdis_id = '17CA2030');
INSERT INTO public.telemetry_goes (id, nesdis_id) select '9a72ad32-59f9-4bd1-963c-4035f6cbc697', '17D2307E' where not exists (select 1 from telemetry_goes where nesdis_id = '17D2307E');
INSERT INTO public.telemetry_goes (id, nesdis_id) select 'f964412b-fc7d-4f4d-b721-6cc8e1ad95b7', '17D07680' where not exists (select 1 from telemetry_goes where nesdis_id = '17D07680');
INSERT INTO public.telemetry_goes (id, nesdis_id) select '3d82bab5-8017-453a-85f9-e33a1cc759bd', 'DDB9D64C' where not exists (select 1 from telemetry_goes where nesdis_id = 'DDB9D64C');
INSERT INTO public.telemetry_goes (id, nesdis_id) select '75368b99-4234-490a-8875-738843e0a0be', '16213A14' where not exists (select 1 from telemetry_goes where nesdis_id = '16213A14');
INSERT INTO public.telemetry_goes (id, nesdis_id) select '57354309-90fe-46d7-bff8-215e149611f7', '17D613A8' where not exists (select 1 from telemetry_goes where nesdis_id = '17D613A8');
INSERT INTO public.telemetry_goes (id, nesdis_id) select 'f9106298-fbeb-4888-b09d-20e9eb18e383', '17C5B3C0' where not exists (select 1 from telemetry_goes where nesdis_id = '17C5B3C0');
INSERT INTO public.telemetry_goes (id, nesdis_id) select 'd6c68fed-497e-4cfa-80ce-11843d8277a3', 'DE1221D0' where not exists (select 1 from telemetry_goes where nesdis_id = 'DE1221D0');
INSERT INTO public.telemetry_goes (id, nesdis_id) select 'd7207143-4eb5-46d1-b489-6bbeaccbac2b', 'DE22942E' where not exists (select 1 from telemetry_goes where nesdis_id = 'DE22942E');
INSERT INTO public.telemetry_goes (id, nesdis_id) select 'f8c7d2bd-07a9-4cf2-a248-be6f2c865de9', '17B56004' where not exists (select 1 from telemetry_goes where nesdis_id = '17B56004');
INSERT INTO public.telemetry_goes (id, nesdis_id) select 'b91c1f10-2bfc-45a6-bdf6-0c573eb84a36', '1733370E' where not exists (select 1 from telemetry_goes where nesdis_id = '1733370E');
INSERT INTO public.telemetry_goes (id, nesdis_id) select '66618b44-66b3-48d1-a5b8-c135e0d0659d', '1732F0EA' where not exists (select 1 from telemetry_goes where nesdis_id = '1732F0EA');
INSERT INTO public.telemetry_goes (id, nesdis_id) select '5af426ae-d5df-4d38-a80a-c87e9772b641', '1732E39C' where not exists (select 1 from telemetry_goes where nesdis_id = '1732E39C');
INSERT INTO public.telemetry_goes (id, nesdis_id) select '98c78c96-edf5-40eb-825e-9d29ebf8b9b5', '0330C188' where not exists (select 1 from telemetry_goes where nesdis_id = '0330C188');
INSERT INTO public.telemetry_goes (id, nesdis_id) select 'e1ddaf28-5d44-4a59-9f22-ee3f96f5bd3a', '17CE03E6' where not exists (select 1 from telemetry_goes where nesdis_id = '17CE03E6');
INSERT INTO public.telemetry_goes (id, nesdis_id) select '301b3a0b-2370-4627-bd69-0ab1bcfe24aa', '172B42A6' where not exists (select 1 from telemetry_goes where nesdis_id = '172B42A6');
INSERT INTO public.telemetry_goes (id, nesdis_id) select 'a3e867f0-3368-47e7-9a6d-7293a4524cdd', '165475A0' where not exists (select 1 from telemetry_goes where nesdis_id = '165475A0');
INSERT INTO public.telemetry_goes (id, nesdis_id) select 'bae25194-5388-4f1f-b854-1ed99a9cf758', 'DF01060E' where not exists (select 1 from telemetry_goes where nesdis_id = 'DF01060E');
INSERT INTO public.telemetry_goes (id, nesdis_id) select '36ddbc5d-258c-41e4-b71e-6a75097d733b', '1170A372' where not exists (select 1 from telemetry_goes where nesdis_id = '1170A372');
INSERT INTO public.telemetry_goes (id, nesdis_id) select '41c039d1-bc0b-42c3-8861-0f2597d4dbac', '166891BE' where not exists (select 1 from telemetry_goes where nesdis_id = '166891BE');

--INSERT TELEMETRY_IRIDIUM--COUNT:17
INSERT INTO public.telemetry_iridium (id, imei) select '458cdc59-fff7-4600-9ea6-68b11a1f48bc', '300234060554500' where not exists (select 1 from telemetry_iridium where imei = '300234060554500');
INSERT INTO public.telemetry_iridium (id, imei) select 'b757f0ee-a020-4477-8bc4-b21480fe885f', '300234011651780' where not exists (select 1 from telemetry_iridium where imei = '300234011651780');
INSERT INTO public.telemetry_iridium (id, imei) select 'f2be04fd-57ea-412b-929a-d011267a057d', '300234061764220' where not exists (select 1 from telemetry_iridium where imei = '300234061764220');
INSERT INTO public.telemetry_iridium (id, imei) select 'a0843f8c-31eb-443c-bcdd-b1e999f16269', '300034012635570' where not exists (select 1 from telemetry_iridium where imei = '300034012635570');
INSERT INTO public.telemetry_iridium (id, imei) select 'e52afaba-af4d-409f-8ac3-6af8cbcf00b4', '30003401286XXXX' where not exists (select 1 from telemetry_iridium where imei = '30003401286XXXX');
INSERT INTO public.telemetry_iridium (id, imei) select 'a9cbd8f3-fd94-4263-bc1f-cd71a8ddb6ad', '300034012797940' where not exists (select 1 from telemetry_iridium where imei = '300034012797940');
INSERT INTO public.telemetry_iridium (id, imei) select '0156cd9b-facc-4759-8f32-fb747fbfe18b', '3000340127XXXXX' where not exists (select 1 from telemetry_iridium where imei = '3000340127XXXXX');
INSERT INTO public.telemetry_iridium (id, imei) select 'f843bff5-afb9-49b3-be46-6833e8a19fc4', '300234063554810' where not exists (select 1 from telemetry_iridium where imei = '300234063554810');
INSERT INTO public.telemetry_iridium (id, imei) select '59ab681c-b47b-4dcd-9ade-cb2b620d6b17', '300034012728020' where not exists (select 1 from telemetry_iridium where imei = '300034012728020');
INSERT INTO public.telemetry_iridium (id, imei) select '03f6beb2-3118-4213-9d03-40f47b53d8c7', '300034012724030' where not exists (select 1 from telemetry_iridium where imei = '300034012724030');
INSERT INTO public.telemetry_iridium (id, imei) select '6fe61879-c24e-4715-839a-c6fdc22c97a6', '300234010498510' where not exists (select 1 from telemetry_iridium where imei = '300234010498510');
INSERT INTO public.telemetry_iridium (id, imei) select '893d1313-4082-49e3-a4ab-e7a3a411ea88', '300234060555480' where not exists (select 1 from telemetry_iridium where imei = '300234060555480');
INSERT INTO public.telemetry_iridium (id, imei) select 'b0ccfdde-e032-4037-b67c-1d8234948757', '300234063554840' where not exists (select 1 from telemetry_iridium where imei = '300234063554840');
INSERT INTO public.telemetry_iridium (id, imei) select 'd211d251-7b74-42ae-8415-f4bf1a6f2292', '300234063553790' where not exists (select 1 from telemetry_iridium where imei = '300234063553790');
INSERT INTO public.telemetry_iridium (id, imei) select '7c543412-f0b5-48ce-ac90-c0e78773bfa0', '300234063554800' where not exists (select 1 from telemetry_iridium where imei = '300234063554800');
INSERT INTO public.telemetry_iridium (id, imei) select '4eece7ac-e47b-4a91-896a-7f1872cbb801', '30053061805110' where not exists (select 1 from telemetry_iridium where imei = '30053061805110');
INSERT INTO public.telemetry_iridium (id, imei) select '6ca1625a-9ee0-42f6-b7af-1f7835613213', '300234068620520' where not exists (select 1 from telemetry_iridium where imei = '300234068620520');

--INSERT INSTRUMENT_TELEMETRY--COUNT:54
INSERT INTO public.instrument_telemetry (instrument_id, telemetry_type_id, telemetry_id) 
VALUES
('f3c7142b-b356-4f58-afc1-2d74ae578ba5', 'c0b03b0d-bfce-453a-b5a9-636118940449', '458cdc59-fff7-4600-9ea6-68b11a1f48bc'),
('ac67b2c8-13ba-4923-8512-a0aa91610c55', 'c0b03b0d-bfce-453a-b5a9-636118940449', 'b757f0ee-a020-4477-8bc4-b21480fe885f'),
('5f0aff14-fb9e-4a3b-b4c4-d50d998923c5', 'c0b03b0d-bfce-453a-b5a9-636118940449', 'f2be04fd-57ea-412b-929a-d011267a057d'),
('04efbd69-486b-4c6e-ac1d-ec502874153c', '10a32652-af43-4451-bd52-4980c5690cc9', '1c10239a-f252-4ba1-a9be-a514250a0634'),
('3ff74ad2-d69d-4ff2-9edf-81db0b73d54d', '10a32652-af43-4451-bd52-4980c5690cc9', '60831df4-79f7-46e0-8305-068b5d92fd9c'),
('84381009-96d2-4540-831c-ea91ef71c487', '10a32652-af43-4451-bd52-4980c5690cc9', '9aee77e5-0ee4-412e-97df-99bf9027d3f6'),
('e3876ea2-be22-45d2-b79f-6ff9dfcee76e', '10a32652-af43-4451-bd52-4980c5690cc9', '9912cdfd-81aa-4675-845c-4cee81e03e67'),
('36ec6215-b054-418a-ac66-73bba9b417ad', '10a32652-af43-4451-bd52-4980c5690cc9', 'fcea21b8-af0b-419c-a43e-a60597e9ea75'),
('867c5f0c-afd1-4ada-b9e7-2ae45620c4d3', '10a32652-af43-4451-bd52-4980c5690cc9', 'c961e52e-0201-4b77-83f7-5ba890c37933'),
('f21b11f2-4187-42d0-8048-d83c99b1db32', '10a32652-af43-4451-bd52-4980c5690cc9', 'f681e0f4-4a59-411d-8fac-7639aea5b58a'),
('84a4c7c4-dc18-451f-946f-bc6cff162d70', '10a32652-af43-4451-bd52-4980c5690cc9', 'f92297d4-97a6-4541-ac48-208bf3e6fc1b'),
('f2072f27-4244-45c3-9517-bd9698fe2ea5', '10a32652-af43-4451-bd52-4980c5690cc9', 'b0fa4d92-80a7-4dd4-a89b-0dbef5ed3fc7'),
('01ffd427-2668-4a88-bf0f-cde82481bdaf', '10a32652-af43-4451-bd52-4980c5690cc9', 'cfeb0d1d-9d3e-49f9-a0e0-dd40e82af8de'),
('2313f0a6-c713-4bee-a063-dd2d57b1aef4', '10a32652-af43-4451-bd52-4980c5690cc9', 'b3915e3b-a785-4128-bde2-fd745790c45e'),
('4cb4becd-0ecd-453a-82ea-c768cbb309d9', 'c0b03b0d-bfce-453a-b5a9-636118940449', 'a0843f8c-31eb-443c-bcdd-b1e999f16269'),
('a873c5ea-431d-423f-9806-6d337aa10613', '10a32652-af43-4451-bd52-4980c5690cc9', '55f01856-6285-496f-acec-7ba946b0abcf'),
('eab77b01-bb39-4e1d-8e94-d19891d9f195', '10a32652-af43-4451-bd52-4980c5690cc9', '229f31d5-1e71-42f7-ab91-9b275646cb7d'),
('0ba53b32-3900-42a3-9495-768bd38bf29f', '10a32652-af43-4451-bd52-4980c5690cc9', 'bf912ed9-e412-4509-a05b-343da43b202c'),
('d40fc9fa-7819-4ad5-82fa-2cc6a77dea4c', '10a32652-af43-4451-bd52-4980c5690cc9', '5be16cd9-2006-44b8-b999-f08df544c19c'),
('d0585274-9ecd-4b7e-8141-8357c9ae2541', '10a32652-af43-4451-bd52-4980c5690cc9', 'cef69599-6cc4-40c7-95a5-3c8de5141286'),
('260b13ec-c6a8-473c-a8eb-b1e3f99b6f4c', '10a32652-af43-4451-bd52-4980c5690cc9', 'bfe34956-6758-4feb-9ff5-9817a1b1636d'),
('d5c9dcc3-e2de-43a2-b1ff-960e1302415e', '10a32652-af43-4451-bd52-4980c5690cc9', '60472424-3b26-487d-b2d3-d7f0424d763a'),
('d636bc1c-0366-4b48-928e-712050be7aa8', '10a32652-af43-4451-bd52-4980c5690cc9', '9a72ad32-59f9-4bd1-963c-4035f6cbc697'),
('01573f62-b488-45a1-b0c9-50834d82f402', '10a32652-af43-4451-bd52-4980c5690cc9', 'f964412b-fc7d-4f4d-b721-6cc8e1ad95b7'),
('d3eadd07-e87c-4fe1-9666-7a29c8490b24', '10a32652-af43-4451-bd52-4980c5690cc9', '3d82bab5-8017-453a-85f9-e33a1cc759bd'),
('44450bc2-b0e1-42d6-a333-2ff4258b57fd', '10a32652-af43-4451-bd52-4980c5690cc9', '75368b99-4234-490a-8875-738843e0a0be'),
('c58a199a-5d24-48d2-962e-7620fd034cfb', '10a32652-af43-4451-bd52-4980c5690cc9', '57354309-90fe-46d7-bff8-215e149611f7'),
('c742f943-efc0-487d-af4d-d60c585b6867', '10a32652-af43-4451-bd52-4980c5690cc9', 'f9106298-fbeb-4888-b09d-20e9eb18e383'),
('1943ae05-60e1-4a7a-89f6-75365d7ee6c6', 'c0b03b0d-bfce-453a-b5a9-636118940449', 'e52afaba-af4d-409f-8ac3-6af8cbcf00b4'),
('2c820fef-bc65-41ea-a2a8-db067db1f370', '10a32652-af43-4451-bd52-4980c5690cc9', 'd6c68fed-497e-4cfa-80ce-11843d8277a3'),
('0f84c4df-2e55-4793-8792-10607ec34dc4', 'c0b03b0d-bfce-453a-b5a9-636118940449', 'a9cbd8f3-fd94-4263-bc1f-cd71a8ddb6ad'),
('b993658c-7006-4fea-ae5a-7b0c7099d425', '10a32652-af43-4451-bd52-4980c5690cc9', 'd7207143-4eb5-46d1-b489-6bbeaccbac2b'),
('175b6d51-2c73-4cb1-9c20-638997fa9a52', '10a32652-af43-4451-bd52-4980c5690cc9', 'f8c7d2bd-07a9-4cf2-a248-be6f2c865de9'),
('ce13a38d-c12c-4a39-8635-23dd926c2c4f', '10a32652-af43-4451-bd52-4980c5690cc9', 'b91c1f10-2bfc-45a6-bdf6-0c573eb84a36'),
('b68b6de7-4b52-4efa-b610-ab200108d883', 'c0b03b0d-bfce-453a-b5a9-636118940449', '0156cd9b-facc-4759-8f32-fb747fbfe18b'),
('b4a45399-81a7-496b-b666-99d8668c94c6', '10a32652-af43-4451-bd52-4980c5690cc9', '66618b44-66b3-48d1-a5b8-c135e0d0659d'),
('67165c5e-2dbf-481f-8700-6a14f58bcf02', '10a32652-af43-4451-bd52-4980c5690cc9', '5af426ae-d5df-4d38-a80a-c87e9772b641'),
('95fbac5c-2afb-41ec-b5ed-ae51be352601', 'c0b03b0d-bfce-453a-b5a9-636118940449', 'f843bff5-afb9-49b3-be46-6833e8a19fc4'),
('eb46cd3a-2dbf-4465-a3b3-5749ba863866', '10a32652-af43-4451-bd52-4980c5690cc9', '98c78c96-edf5-40eb-825e-9d29ebf8b9b5'),
('d0dfa4b0-759b-4f29-8457-3e077bb604e5', 'c0b03b0d-bfce-453a-b5a9-636118940449', '59ab681c-b47b-4dcd-9ade-cb2b620d6b17'),
('58478afc-6b1d-4f08-9aba-c917348331f7', 'c0b03b0d-bfce-453a-b5a9-636118940449', '03f6beb2-3118-4213-9d03-40f47b53d8c7'),
('a2a1aa7b-f34a-41a8-be14-28771af54088', '10a32652-af43-4451-bd52-4980c5690cc9', 'e1ddaf28-5d44-4a59-9f22-ee3f96f5bd3a'),
('2faa5679-787a-4caf-9163-33e3dc82a102', '10a32652-af43-4451-bd52-4980c5690cc9', '301b3a0b-2370-4627-bd69-0ab1bcfe24aa'),
('953727b5-e98e-49b5-81e7-ac499f763da2', '10a32652-af43-4451-bd52-4980c5690cc9', 'a3e867f0-3368-47e7-9a6d-7293a4524cdd'),
('54453f3c-58a1-4a6a-8bde-9e08a550c48d', '10a32652-af43-4451-bd52-4980c5690cc9', 'bae25194-5388-4f1f-b854-1ed99a9cf758'),
('666174cc-b8f8-4366-9b39-629ea1f52c7c', 'c0b03b0d-bfce-453a-b5a9-636118940449', '6fe61879-c24e-4715-839a-c6fdc22c97a6'),
('ed3f7415-3bf4-4841-8fd7-8adf0de9dd8d', 'c0b03b0d-bfce-453a-b5a9-636118940449', '893d1313-4082-49e3-a4ab-e7a3a411ea88'),
('ee9f3dd2-9d87-4482-9fed-cb101d0c81f5', '10a32652-af43-4451-bd52-4980c5690cc9', '36ddbc5d-258c-41e4-b71e-6a75097d733b'),
('4b3487b4-e405-4ebb-b4ab-829ae64490fc', 'c0b03b0d-bfce-453a-b5a9-636118940449', 'b0ccfdde-e032-4037-b67c-1d8234948757'),
('9e47f8eb-3335-4d05-9a71-3201eb4f6823', 'c0b03b0d-bfce-453a-b5a9-636118940449', 'd211d251-7b74-42ae-8415-f4bf1a6f2292'),
('eb5f279e-b11d-443c-abb4-dcdd2b5ebff9', 'c0b03b0d-bfce-453a-b5a9-636118940449', '7c543412-f0b5-48ce-ac90-c0e78773bfa0'),
('f3593112-a487-42d4-85dd-116ce81abb27', '10a32652-af43-4451-bd52-4980c5690cc9', '41c039d1-bc0b-42c3-8861-0f2597d4dbac'),
('31e2ff89-126f-4ce2-a0f6-a51df2ef05b3', 'c0b03b0d-bfce-453a-b5a9-636118940449', '4eece7ac-e47b-4a91-896a-7f1872cbb801'),
('42a90ed3-053b-46d9-a6de-e66331bfc390', 'c0b03b0d-bfce-453a-b5a9-636118940449', '6ca1625a-9ee0-42f6-b7af-1f7835613213');

--INSERT TIMESERIES--COUNT:153
INSERT INTO public.timeseries(id, slug, name, instrument_id, parameter_id, unit_id) 
VALUES
('24e38b72-3406-4862-a83e-740773fe334c','air-temperature','Air-Temperature','5f0aff14-fb9e-4a3b-b4c4-d50d998923c5', 'b4ea8385-48a3-4e95-82fb-d102dfcbcb54', '2d379b61-fef6-4531-9e58-cace51909e44'),
('c45c9ed3-0e0b-46bb-bf17-22f811572d7d','precipitation','Precipitation','5f0aff14-fb9e-4a3b-b4c4-d50d998923c5', '0ce77a5a-8283-47cd-9126-c440bcec4ef6', '4ee79a3d-a053-41b8-85b5-bb2eea3c9d1a'),
('d5bb8d1c-fbbd-4ac4-8e21-e2016826133e','voltage','Voltage','850d0abd-b1f7-4c94-a398-78a26cd9d1fd', '430e5edb-e2b5-4f86-b19f-cda26a27e151', '3254f483-5e66-405c-acf2-2a8add714bf5'),
('4762c070-16c1-42ee-8679-20e48f70b1f4','precipitation','Precipitation','28ec3483-b202-46a5-a56b-8b4e7d384cef', '0ce77a5a-8283-47cd-9126-c440bcec4ef6', '4ee79a3d-a053-41b8-85b5-bb2eea3c9d1a'),
('63e0b018-0798-4d73-a193-357d567b900e','voltage','Voltage','28ec3483-b202-46a5-a56b-8b4e7d384cef', '430e5edb-e2b5-4f86-b19f-cda26a27e151', '3254f483-5e66-405c-acf2-2a8add714bf5'),
('8ba377d5-bcf6-44a7-b854-24f7cd867b9a','air-temperature','Air-Temperature','28ec3483-b202-46a5-a56b-8b4e7d384cef', 'b4ea8385-48a3-4e95-82fb-d102dfcbcb54', '10e05b5c-7e96-434b-9182-a547333e1c52'),
('ac650207-c3da-4ee5-9807-7b5fca76fdbc','precipitation','Precipitation','0144062c-5dbf-4f49-a55b-0fb92cc70fa1', '0ce77a5a-8283-47cd-9126-c440bcec4ef6', '4ee79a3d-a053-41b8-85b5-bb2eea3c9d1a'),
('e663b735-4cc0-44fc-af29-418296af38dd','voltage','Voltage','757b3d17-7254-427c-8913-ffad5d203c68', '430e5edb-e2b5-4f86-b19f-cda26a27e151', '3254f483-5e66-405c-acf2-2a8add714bf5'),
('02e9d37c-c77d-4cf8-b4b5-f9c96d44c4be','voltage','Voltage','6743b892-eed9-4f85-81ac-dd11dcb976a3', '430e5edb-e2b5-4f86-b19f-cda26a27e151', '3254f483-5e66-405c-acf2-2a8add714bf5'),
('7c5789b2-d1ca-4f80-83a4-fa2d246bc580','precipitation','Precipitation','f32e2cc5-1639-4fe5-b79b-bacba6ca5cfe', '0ce77a5a-8283-47cd-9126-c440bcec4ef6', '4ee79a3d-a053-41b8-85b5-bb2eea3c9d1a'),
('e04e068f-d9bb-479b-8b80-276a4ad2a9c0','voltage','Voltage','f32e2cc5-1639-4fe5-b79b-bacba6ca5cfe', '430e5edb-e2b5-4f86-b19f-cda26a27e151', '6b5bd788-8c78-43bb-b5a3-ad544b858a64'),
('1d369fe6-5f9e-4bd0-8555-d50f11ca3e6c','voltage','Voltage','6330114a-7919-46f0-aedf-f27b4fafbbeb', '430e5edb-e2b5-4f86-b19f-cda26a27e151', '3254f483-5e66-405c-acf2-2a8add714bf5'),
('07e6b1ee-d35a-48e1-9770-fc11333f6454','air-temperature','Air-Temperature','0829fd2a-d737-4aec-973e-b862b85f2109', 'b4ea8385-48a3-4e95-82fb-d102dfcbcb54', '10e05b5c-7e96-434b-9182-a547333e1c52'),
('d3e2dab9-9e78-49a4-9f9b-0b6bebcf31fc','precipitation','Precipitation','0829fd2a-d737-4aec-973e-b862b85f2109', '0ce77a5a-8283-47cd-9126-c440bcec4ef6', '4ee79a3d-a053-41b8-85b5-bb2eea3c9d1a'),
('a84a5f87-e23d-40a8-91c0-1a826cb8d26e','stage','Stage','0829fd2a-d737-4aec-973e-b862b85f2109', 'b49f214e-f69f-43da-9ce3-ad96042268d0', 'f777f2e2-5e32-424e-a1ca-19d16cd8abce'),
('6d48c467-4f35-4d48-9724-e55a5abc1897','precipitation','Precipitation','442e152b-93cb-4682-b4bd-a4bf23b1ddb6', '0ce77a5a-8283-47cd-9126-c440bcec4ef6', '4ee79a3d-a053-41b8-85b5-bb2eea3c9d1a'),
('690a6a55-2002-48ea-b622-c584f5f9de5c','voltage','Voltage','442e152b-93cb-4682-b4bd-a4bf23b1ddb6', '430e5edb-e2b5-4f86-b19f-cda26a27e151', '3254f483-5e66-405c-acf2-2a8add714bf5'),
('8ac50509-6c05-4625-bf8a-2e7bdf40c55d','air-temperature','Air-Temperature','442e152b-93cb-4682-b4bd-a4bf23b1ddb6', 'b4ea8385-48a3-4e95-82fb-d102dfcbcb54', '10e05b5c-7e96-434b-9182-a547333e1c52'),
('e49a70b6-eb59-4e85-97b9-a321f135a0e0','air-temperature','Air-Temperature','2917da95-76d1-42b6-941c-298aef037839', 'b4ea8385-48a3-4e95-82fb-d102dfcbcb54', '10e05b5c-7e96-434b-9182-a547333e1c52'),
('53b590eb-648d-4ce7-85e1-bd979b5db7c9','precipitation','Precipitation','2917da95-76d1-42b6-941c-298aef037839', '0ce77a5a-8283-47cd-9126-c440bcec4ef6', '3254f483-5e66-405c-acf2-2a8add714bf5'),
('43ed0faa-11ae-48bc-bb32-f108610225fd','air-temperature','Air-Temperature','5beef929-f304-4e94-a236-a301e0e38bc7', 'b4ea8385-48a3-4e95-82fb-d102dfcbcb54', '10e05b5c-7e96-434b-9182-a547333e1c52'),
('27638718-b8a7-4d7b-ba7f-31def19f1e11','precipitation','Precipitation','5beef929-f304-4e94-a236-a301e0e38bc7', '0ce77a5a-8283-47cd-9126-c440bcec4ef6', '4ee79a3d-a053-41b8-85b5-bb2eea3c9d1a'),
('f6c211de-6214-4d8a-86fb-98ca67d162e3','stage','Stage','5beef929-f304-4e94-a236-a301e0e38bc7', 'b49f214e-f69f-43da-9ce3-ad96042268d0', 'f777f2e2-5e32-424e-a1ca-19d16cd8abce'),
('05b401fd-29cd-4ee3-a4f2-76088c75aa0f','voltage','Voltage','5beef929-f304-4e94-a236-a301e0e38bc7', '430e5edb-e2b5-4f86-b19f-cda26a27e151', '6b5bd788-8c78-43bb-b5a3-ad544b858a64'),
('68dca62a-ac5a-4e07-b508-03cd3e004f85','air-temperature','Air-Temperature','a3f38225-80dd-4b97-a129-49b4c09edaf7', 'b4ea8385-48a3-4e95-82fb-d102dfcbcb54', '10e05b5c-7e96-434b-9182-a547333e1c52'),
('67528162-26a6-4464-b754-2f64e4fca178','precipitation','Precipitation','a3f38225-80dd-4b97-a129-49b4c09edaf7', '0ce77a5a-8283-47cd-9126-c440bcec4ef6', '4ee79a3d-a053-41b8-85b5-bb2eea3c9d1a'),
('bb57ff1b-6e67-4844-85bf-b0bc3ca2ea77','voltage','Voltage','a3f38225-80dd-4b97-a129-49b4c09edaf7', '430e5edb-e2b5-4f86-b19f-cda26a27e151', '6b5bd788-8c78-43bb-b5a3-ad544b858a64'),
('36e2dd88-8e76-4cda-9f92-aba38c093cfd','stage','Stage','a3f38225-80dd-4b97-a129-49b4c09edaf7', 'b49f214e-f69f-43da-9ce3-ad96042268d0', 'f777f2e2-5e32-424e-a1ca-19d16cd8abce'),
('f1e5ec9e-f0ec-43cf-aecf-b309e49a0354','air-temperature','Air-Temperature','c0a1cf38-15fa-482b-83f0-fb0aa9f4d6fe', 'b4ea8385-48a3-4e95-82fb-d102dfcbcb54', '10e05b5c-7e96-434b-9182-a547333e1c52'),
('e33ded97-4c83-49a7-834f-261df20f3cfa','precipitation','Precipitation','c0a1cf38-15fa-482b-83f0-fb0aa9f4d6fe', '0ce77a5a-8283-47cd-9126-c440bcec4ef6', '4ee79a3d-a053-41b8-85b5-bb2eea3c9d1a'),
('822817ab-1d16-46c6-9c68-a201daf34357','stage','Stage','c0a1cf38-15fa-482b-83f0-fb0aa9f4d6fe', 'b49f214e-f69f-43da-9ce3-ad96042268d0', 'f777f2e2-5e32-424e-a1ca-19d16cd8abce'),
('9599c6e1-a797-46cd-9897-dea285bc2704','voltage','Voltage','c0a1cf38-15fa-482b-83f0-fb0aa9f4d6fe', '430e5edb-e2b5-4f86-b19f-cda26a27e151', '6b5bd788-8c78-43bb-b5a3-ad544b858a64'),
('c51c985e-fee6-4426-8bd8-f08b3e7b4844','air-temperature','Air-Temperature','991bea23-549d-4298-9470-b2a651cb6163', 'b4ea8385-48a3-4e95-82fb-d102dfcbcb54', '10e05b5c-7e96-434b-9182-a547333e1c52'),
('050ff48f-173e-4277-9f54-2775ce494701','precipitation','Precipitation','991bea23-549d-4298-9470-b2a651cb6163', '0ce77a5a-8283-47cd-9126-c440bcec4ef6', '4ee79a3d-a053-41b8-85b5-bb2eea3c9d1a'),
('b468c194-1ea0-4caf-8d1b-6509230d03df','voltage','Voltage','991bea23-549d-4298-9470-b2a651cb6163', '430e5edb-e2b5-4f86-b19f-cda26a27e151', '6b5bd788-8c78-43bb-b5a3-ad544b858a64'),
('8eb79a2c-7f54-4593-82b2-acdf7d9aa62e','stage','Stage','991bea23-549d-4298-9470-b2a651cb6163', 'b49f214e-f69f-43da-9ce3-ad96042268d0', 'f777f2e2-5e32-424e-a1ca-19d16cd8abce'),
('39682693-2fff-428a-bc70-4bc6ef777a38','air-temperature','Air-Temperature','79966ce4-809b-4b26-b61f-abdd9d1af948', 'b4ea8385-48a3-4e95-82fb-d102dfcbcb54', '10e05b5c-7e96-434b-9182-a547333e1c52'),
('89a8a9cb-5e94-4382-8466-7e205bf9d8a3','precipitation','Precipitation','79966ce4-809b-4b26-b61f-abdd9d1af948', '0ce77a5a-8283-47cd-9126-c440bcec4ef6', '4ee79a3d-a053-41b8-85b5-bb2eea3c9d1a'),
('6ae217a0-8f8a-4513-a085-2ba26b25a225','stage','Stage','79966ce4-809b-4b26-b61f-abdd9d1af948', 'b49f214e-f69f-43da-9ce3-ad96042268d0', 'f777f2e2-5e32-424e-a1ca-19d16cd8abce'),
('5952d801-25eb-492c-b7ff-955345b59c96','voltage','Voltage','79966ce4-809b-4b26-b61f-abdd9d1af948', '430e5edb-e2b5-4f86-b19f-cda26a27e151', '6b5bd788-8c78-43bb-b5a3-ad544b858a64'),
('ac929d30-62af-4d92-b140-412747dcfb75','air-temperature','Air-Temperature','1d61c196-a3de-4e3a-94d4-198c27b46899', 'b4ea8385-48a3-4e95-82fb-d102dfcbcb54', '10e05b5c-7e96-434b-9182-a547333e1c52'),
('fa5acc86-657a-4434-8b13-774225522c6a','precipitation','Precipitation','1d61c196-a3de-4e3a-94d4-198c27b46899', '0ce77a5a-8283-47cd-9126-c440bcec4ef6', '4ee79a3d-a053-41b8-85b5-bb2eea3c9d1a'),
('45c8ce41-7bdb-4a2b-9ede-f18be05dd20a','stage','Stage','1d61c196-a3de-4e3a-94d4-198c27b46899', 'b49f214e-f69f-43da-9ce3-ad96042268d0', 'f777f2e2-5e32-424e-a1ca-19d16cd8abce'),
('7698e0e7-459b-4076-b122-15feb74c2872','voltage','Voltage','1d61c196-a3de-4e3a-94d4-198c27b46899', '430e5edb-e2b5-4f86-b19f-cda26a27e151', '6b5bd788-8c78-43bb-b5a3-ad544b858a64'),
('c92dc894-9bcc-4302-a65b-3bffdaa2e274','air-temperature','Air-Temperature','9f95073c-6271-42db-ad17-8a0a5c2ad045', 'b4ea8385-48a3-4e95-82fb-d102dfcbcb54', '10e05b5c-7e96-434b-9182-a547333e1c52'),
('035428bb-fa4e-492f-8f39-aa67c1513e87','precipitation','Precipitation','9f95073c-6271-42db-ad17-8a0a5c2ad045', '0ce77a5a-8283-47cd-9126-c440bcec4ef6', '4ee79a3d-a053-41b8-85b5-bb2eea3c9d1a'),
('ace57bda-4cc6-44be-a074-fef6db0931ca','stage','Stage','9f95073c-6271-42db-ad17-8a0a5c2ad045', 'b49f214e-f69f-43da-9ce3-ad96042268d0', 'f777f2e2-5e32-424e-a1ca-19d16cd8abce'),
('d5a887d4-17c3-4784-8033-a52ce7b83716','voltage','Voltage','9f95073c-6271-42db-ad17-8a0a5c2ad045', '430e5edb-e2b5-4f86-b19f-cda26a27e151', '6b5bd788-8c78-43bb-b5a3-ad544b858a64'),
('2baada19-2f67-43c8-a5c6-47a0bb6cfc03','air-temperature','Air-Temperature','db3ff527-cd88-4228-a587-9a2abf20f922', 'b4ea8385-48a3-4e95-82fb-d102dfcbcb54', '10e05b5c-7e96-434b-9182-a547333e1c52'),
('417a8165-85c9-4a41-93b5-d9607b80719b','precipitation','Precipitation','db3ff527-cd88-4228-a587-9a2abf20f922', '0ce77a5a-8283-47cd-9126-c440bcec4ef6', '4ee79a3d-a053-41b8-85b5-bb2eea3c9d1a'),
('3ec6ead4-ba0b-4495-a2bd-9349d2d6fda8','voltage','Voltage','db3ff527-cd88-4228-a587-9a2abf20f922', '430e5edb-e2b5-4f86-b19f-cda26a27e151', '6b5bd788-8c78-43bb-b5a3-ad544b858a64'),
('7b149f76-906d-485f-8221-b35e6c94b50f','air-temperature','Air-Temperature','f9b63aa7-0e82-4fa7-a25a-35ad363b99cb', 'b4ea8385-48a3-4e95-82fb-d102dfcbcb54', '10e05b5c-7e96-434b-9182-a547333e1c52'),
('bf30118c-b338-4f90-b197-22469692cf54','precipitation','Precipitation','f9b63aa7-0e82-4fa7-a25a-35ad363b99cb', '0ce77a5a-8283-47cd-9126-c440bcec4ef6', '4ee79a3d-a053-41b8-85b5-bb2eea3c9d1a'),
('f17b303a-24e2-488a-b44f-0ea211cecfde','air-temperature','Air-Temperature','c9e6cffa-451f-4b49-b287-a44fdb72b40a', 'b4ea8385-48a3-4e95-82fb-d102dfcbcb54', '10e05b5c-7e96-434b-9182-a547333e1c52'),
('c3477301-3f10-4f0a-b3fa-c699fbfc59f6','precipitation','Precipitation','c9e6cffa-451f-4b49-b287-a44fdb72b40a', '0ce77a5a-8283-47cd-9126-c440bcec4ef6', '4ee79a3d-a053-41b8-85b5-bb2eea3c9d1a'),
('c30ab199-68e8-44d4-b563-1b7b5ad72626','voltage','Voltage','c9e6cffa-451f-4b49-b287-a44fdb72b40a', '430e5edb-e2b5-4f86-b19f-cda26a27e151', '6b5bd788-8c78-43bb-b5a3-ad544b858a64'),
('21d3ae50-103a-4112-bd5a-82fb1b0e2ccd','precipitation','Precipitation','a92f4270-5702-4005-aa77-13b9ce816cce', '0ce77a5a-8283-47cd-9126-c440bcec4ef6', '4ee79a3d-a053-41b8-85b5-bb2eea3c9d1a'),
('0fe70112-3254-4269-b836-dabbbb0e8994','voltage','Voltage','a92f4270-5702-4005-aa77-13b9ce816cce', '430e5edb-e2b5-4f86-b19f-cda26a27e151', '3254f483-5e66-405c-acf2-2a8add714bf5'),
('f6bf08c3-46ba-410d-9a7d-8050cb98c7b4','air-temperature','Air-Temperature','ffd200e4-6504-4604-91b5-6b7718474565', 'b4ea8385-48a3-4e95-82fb-d102dfcbcb54', '10e05b5c-7e96-434b-9182-a547333e1c52'),
('75a003c2-12f9-4de8-af2f-6b7cf2811c33','precipitation','Precipitation','ffd200e4-6504-4604-91b5-6b7718474565', '0ce77a5a-8283-47cd-9126-c440bcec4ef6', '4ee79a3d-a053-41b8-85b5-bb2eea3c9d1a'),
('aabd83c8-25db-4308-83eb-75a07aceb15f','stage','Stage','ffd200e4-6504-4604-91b5-6b7718474565', 'b49f214e-f69f-43da-9ce3-ad96042268d0', 'f777f2e2-5e32-424e-a1ca-19d16cd8abce'),
('184e4c53-42b5-4684-962e-356f4fcc894f','precipitation','Precipitation','28abfe2e-52ce-4161-8b03-3be009d11fea', '0ce77a5a-8283-47cd-9126-c440bcec4ef6', '4ee79a3d-a053-41b8-85b5-bb2eea3c9d1a'),
('529b0daa-6582-4e6b-adea-cbbead418374','voltage','Voltage','28abfe2e-52ce-4161-8b03-3be009d11fea', '430e5edb-e2b5-4f86-b19f-cda26a27e151', '6b5bd788-8c78-43bb-b5a3-ad544b858a64'),
('114d84fd-da11-44cf-b0fe-2dda00f8262f','stage','Stage','19b5803c-d7ac-4bec-abd8-8fb70c7275b7', 'b49f214e-f69f-43da-9ce3-ad96042268d0', 'f777f2e2-5e32-424e-a1ca-19d16cd8abce'),
('0d47c4a2-b997-4458-bfd6-0b3c1ab90b72','precipitation','Precipitation','19b5803c-d7ac-4bec-abd8-8fb70c7275b7', '0ce77a5a-8283-47cd-9126-c440bcec4ef6', '4ee79a3d-a053-41b8-85b5-bb2eea3c9d1a'),
('dba3fbe9-d9f7-4986-b00c-6289c4acd6b3','voltage','Voltage','19b5803c-d7ac-4bec-abd8-8fb70c7275b7', '430e5edb-e2b5-4f86-b19f-cda26a27e151', '6b5bd788-8c78-43bb-b5a3-ad544b858a64'),
('c60e00a2-6bad-4f0b-aac6-3610140582f6','air-temperature','Air-Temperature','50e8bd0e-6c92-44ad-b979-f6350de61902', 'b4ea8385-48a3-4e95-82fb-d102dfcbcb54', '10e05b5c-7e96-434b-9182-a547333e1c52'),
('5a92e4ee-2518-48e7-8659-9a196059c315','precipitation','Precipitation','50e8bd0e-6c92-44ad-b979-f6350de61902', '0ce77a5a-8283-47cd-9126-c440bcec4ef6', '4ee79a3d-a053-41b8-85b5-bb2eea3c9d1a'),
('9c436db1-7b30-446d-b862-f0442bbdeadc','stage','Stage','50e8bd0e-6c92-44ad-b979-f6350de61902', 'b49f214e-f69f-43da-9ce3-ad96042268d0', 'f777f2e2-5e32-424e-a1ca-19d16cd8abce'),
('35156979-d677-4ab1-b901-bde20b3b4d3b','voltage','Voltage','50e8bd0e-6c92-44ad-b979-f6350de61902', '430e5edb-e2b5-4f86-b19f-cda26a27e151', '6b5bd788-8c78-43bb-b5a3-ad544b858a64'),
('96b15a88-05e4-420a-a4fc-7a6ae65dcc8f','stage','Stage','503941af-b8b5-4d65-838a-402f9ee6b745', 'b49f214e-f69f-43da-9ce3-ad96042268d0', 'f777f2e2-5e32-424e-a1ca-19d16cd8abce'),
('6c127249-2a9d-433a-a6c5-938c384524c8','precipitation','Precipitation','503941af-b8b5-4d65-838a-402f9ee6b745', '0ce77a5a-8283-47cd-9126-c440bcec4ef6', '4ee79a3d-a053-41b8-85b5-bb2eea3c9d1a'),
('c01d7e7b-890e-4346-b808-4d752fcb4ea8','air-temperature','Air-Temperature','c6242fa4-681e-4d1c-9abc-d274515ebeaf', 'b4ea8385-48a3-4e95-82fb-d102dfcbcb54', '10e05b5c-7e96-434b-9182-a547333e1c52'),
('60eb1387-f925-427c-89c2-4dcdd9bb6651','precipitation','Precipitation','c6242fa4-681e-4d1c-9abc-d274515ebeaf', '0ce77a5a-8283-47cd-9126-c440bcec4ef6', '4ee79a3d-a053-41b8-85b5-bb2eea3c9d1a'),
('731ed2a6-ab91-46ea-bbd6-5f33e3361c72','stage','Stage','c6242fa4-681e-4d1c-9abc-d274515ebeaf', 'b49f214e-f69f-43da-9ce3-ad96042268d0', 'f777f2e2-5e32-424e-a1ca-19d16cd8abce'),
('cdcea289-0200-446e-b2a4-0bd70e411956','voltage','Voltage','c6242fa4-681e-4d1c-9abc-d274515ebeaf', '430e5edb-e2b5-4f86-b19f-cda26a27e151', '6b5bd788-8c78-43bb-b5a3-ad544b858a64'),
('668192e3-13e8-4b08-b8b0-5736bc926a76','air-temperature','Air-Temperature','168a96ba-f9de-4a78-a30c-efbf44079fb2', 'b4ea8385-48a3-4e95-82fb-d102dfcbcb54', '10e05b5c-7e96-434b-9182-a547333e1c52'),
('d70d678e-da3f-4f80-8fda-adc02741aa96','precipitation','Precipitation','168a96ba-f9de-4a78-a30c-efbf44079fb2', '0ce77a5a-8283-47cd-9126-c440bcec4ef6', '4ee79a3d-a053-41b8-85b5-bb2eea3c9d1a'),
('ea51481d-2ea8-4a65-977b-e5a31856464b','stage','Stage','0d3516d7-c191-4653-b140-eb2a15909f8e', 'b49f214e-f69f-43da-9ce3-ad96042268d0', 'f777f2e2-5e32-424e-a1ca-19d16cd8abce'),
('3cfce992-0416-4c5f-ad42-b10a4fddf23f','precipitation','Precipitation','0d3516d7-c191-4653-b140-eb2a15909f8e', '0ce77a5a-8283-47cd-9126-c440bcec4ef6', '4ee79a3d-a053-41b8-85b5-bb2eea3c9d1a'),
('40ce8180-f83c-4e19-8f57-a0691b482605','voltage','Voltage','0d3516d7-c191-4653-b140-eb2a15909f8e', '430e5edb-e2b5-4f86-b19f-cda26a27e151', '6b5bd788-8c78-43bb-b5a3-ad544b858a64'),
('f1046a18-5ce1-4131-aa49-8ba132bf4748','precipitation','Precipitation','1c83013a-675c-4367-b744-abfcd3248cc3', '0ce77a5a-8283-47cd-9126-c440bcec4ef6', '4ee79a3d-a053-41b8-85b5-bb2eea3c9d1a'),
('baafdb17-939c-4f24-a85c-c217958ad946','air-temperature','Air-Temperature','1c83013a-675c-4367-b744-abfcd3248cc3', 'b4ea8385-48a3-4e95-82fb-d102dfcbcb54', '10e05b5c-7e96-434b-9182-a547333e1c52'),
('84401872-a15e-4207-81fb-494ce38aabbd','voltage','Voltage','1c83013a-675c-4367-b744-abfcd3248cc3', '430e5edb-e2b5-4f86-b19f-cda26a27e151', '6b5bd788-8c78-43bb-b5a3-ad544b858a64'),
('cb1e79d0-e5a6-40a4-b957-59a826d02742','air-temperature','Air-Temperature','8ec4d460-ecd3-42ac-ab59-4b0d21f6a656', 'b4ea8385-48a3-4e95-82fb-d102dfcbcb54', '10e05b5c-7e96-434b-9182-a547333e1c52'),
('48cbf4c3-46e0-4dbf-9c05-05e06ad5dfe2','precipitation','Precipitation','8ec4d460-ecd3-42ac-ab59-4b0d21f6a656', '0ce77a5a-8283-47cd-9126-c440bcec4ef6', '4ee79a3d-a053-41b8-85b5-bb2eea3c9d1a'),
('67dae07d-7b02-4a33-b425-5eb1a5fc89bd','stage','Stage','8ec4d460-ecd3-42ac-ab59-4b0d21f6a656', 'b49f214e-f69f-43da-9ce3-ad96042268d0', 'f777f2e2-5e32-424e-a1ca-19d16cd8abce'),
('ed0f2443-9877-484f-b94f-ede68aa3a985','stage','Stage','bdf489cc-d599-4f89-a060-6bfa010ea4c3', 'b49f214e-f69f-43da-9ce3-ad96042268d0', 'f777f2e2-5e32-424e-a1ca-19d16cd8abce'),
('ae626680-47da-4062-a046-eee4b0d31788','precipitation','Precipitation','bdf489cc-d599-4f89-a060-6bfa010ea4c3', '0ce77a5a-8283-47cd-9126-c440bcec4ef6', '4ee79a3d-a053-41b8-85b5-bb2eea3c9d1a'),
('a52c3cc9-660d-4933-aa18-ba2335be0bcc','voltage','Voltage','bdf489cc-d599-4f89-a060-6bfa010ea4c3', '430e5edb-e2b5-4f86-b19f-cda26a27e151', '3254f483-5e66-405c-acf2-2a8add714bf5'),
('00fbf7b8-1598-409f-bf4e-eac80aa31f9a','air-temperature','Air-Temperature','bdf489cc-d599-4f89-a060-6bfa010ea4c3', 'b4ea8385-48a3-4e95-82fb-d102dfcbcb54', '10e05b5c-7e96-434b-9182-a547333e1c52'),
('3d4279fb-0f37-4fc7-b8dc-6086bcc2b102','stage','Stage','aa51f94e-a1a7-42d1-9733-5dae124e90fd', 'b49f214e-f69f-43da-9ce3-ad96042268d0', 'f777f2e2-5e32-424e-a1ca-19d16cd8abce'),
('4b2267c9-d8ca-4248-ac7d-3e35557b830b','voltage','Voltage','aa51f94e-a1a7-42d1-9733-5dae124e90fd', '430e5edb-e2b5-4f86-b19f-cda26a27e151', '3254f483-5e66-405c-acf2-2a8add714bf5'),
('9d97a493-4f52-4f5f-9105-7c89d2802309','stage','Stage','00e1e165-beb1-4765-b2d4-72a178b097cf', 'b49f214e-f69f-43da-9ce3-ad96042268d0', 'f777f2e2-5e32-424e-a1ca-19d16cd8abce'),
('c264c372-e711-4c06-83e5-f36346410852','voltage','Voltage','00e1e165-beb1-4765-b2d4-72a178b097cf', '430e5edb-e2b5-4f86-b19f-cda26a27e151', '3254f483-5e66-405c-acf2-2a8add714bf5'),
('daf6e1b3-0e02-4a84-b554-aee0f98f934f','stage','Stage','1e77d330-9e45-4dfa-aa9e-b5e688e00cac', 'b49f214e-f69f-43da-9ce3-ad96042268d0', 'f777f2e2-5e32-424e-a1ca-19d16cd8abce'),
('87758077-c74d-4a42-a5f9-1bcf00922afb','voltage','Voltage','1e77d330-9e45-4dfa-aa9e-b5e688e00cac', '430e5edb-e2b5-4f86-b19f-cda26a27e151', '3254f483-5e66-405c-acf2-2a8add714bf5'),
('eec48d4f-478a-47ac-b224-a009227f46ad','stage','Stage','ff060257-ea6e-4674-8bba-4ff31e24a6cb', 'b49f214e-f69f-43da-9ce3-ad96042268d0', 'f777f2e2-5e32-424e-a1ca-19d16cd8abce'),
('76ab5ce7-14a7-49f5-bff8-af2e41c8ed6f','stage','Stage','9fa32eee-0cb3-4c94-a949-f6668d345b38', 'b49f214e-f69f-43da-9ce3-ad96042268d0', 'f777f2e2-5e32-424e-a1ca-19d16cd8abce'),
('c05e3caf-55c6-495c-9d85-57e37dee66d0','stage','Stage','88015e92-019c-4572-93bc-213056ecf952', 'b49f214e-f69f-43da-9ce3-ad96042268d0', 'f777f2e2-5e32-424e-a1ca-19d16cd8abce'),
('521fed72-d47d-4bff-bf53-a9983fcf22fa','stage','Stage','8e5dc477-18d0-4369-94c7-8c1185ee81cb', 'b49f214e-f69f-43da-9ce3-ad96042268d0', 'f777f2e2-5e32-424e-a1ca-19d16cd8abce'),
('d8e81f46-58c8-4fd0-a752-1154bb2dfa83','voltage','Voltage','8e5dc477-18d0-4369-94c7-8c1185ee81cb', '430e5edb-e2b5-4f86-b19f-cda26a27e151', '3254f483-5e66-405c-acf2-2a8add714bf5'),
('863f8f99-6a31-40a6-9da9-ee8d7a28cafb','stage','Stage','2773d4a1-20be-4547-9b68-04149ab8984c', 'b49f214e-f69f-43da-9ce3-ad96042268d0', 'f777f2e2-5e32-424e-a1ca-19d16cd8abce'),
('0ed43cb3-9256-4173-9593-f42e585d305e','stage','Stage','10e75d1e-1340-402f-bcbd-91542ef3fbad', 'b49f214e-f69f-43da-9ce3-ad96042268d0', 'f777f2e2-5e32-424e-a1ca-19d16cd8abce'),
('5ed650a5-c002-4b5c-9a7c-c81a825921dd','voltage','Voltage','10e75d1e-1340-402f-bcbd-91542ef3fbad', '430e5edb-e2b5-4f86-b19f-cda26a27e151', '3254f483-5e66-405c-acf2-2a8add714bf5'),
('a8e96f29-9e48-42ca-9bb4-94a69f892d4e','stage','Stage','52ab3267-6ce6-4e53-a0c3-a956934b344b', 'b49f214e-f69f-43da-9ce3-ad96042268d0', 'f777f2e2-5e32-424e-a1ca-19d16cd8abce'),
('95b357a9-1258-487c-9613-8ac3d1c71a00','voltage','Voltage','52ab3267-6ce6-4e53-a0c3-a956934b344b', '430e5edb-e2b5-4f86-b19f-cda26a27e151', '3254f483-5e66-405c-acf2-2a8add714bf5'),
('8de0cc85-0da4-44ce-b518-0b35519bb50d','stage','Stage','89e1d9d9-51a8-486f-a351-7679539d9c58', 'b49f214e-f69f-43da-9ce3-ad96042268d0', 'f777f2e2-5e32-424e-a1ca-19d16cd8abce'),
('16c751e1-9ae1-4339-aadb-e28dbb5f8344','voltage','Voltage','89e1d9d9-51a8-486f-a351-7679539d9c58', '430e5edb-e2b5-4f86-b19f-cda26a27e151', '3254f483-5e66-405c-acf2-2a8add714bf5'),
('09182cf4-9d1c-4706-8bb1-57f8bdb28bfa','stage','Stage','f0a84196-1549-489a-a7f1-b526f30b87a0', 'b49f214e-f69f-43da-9ce3-ad96042268d0', 'f777f2e2-5e32-424e-a1ca-19d16cd8abce'),
('361f52e7-d26c-4f09-a78f-038d620125cb','stage','Stage','4247d4ff-ec8e-4e5e-9db6-a14d8f5756bd', 'b49f214e-f69f-43da-9ce3-ad96042268d0', 'f777f2e2-5e32-424e-a1ca-19d16cd8abce'),
('317ce2ae-c838-4cd6-b1a0-4bb48c1ed3ba','stage','Stage','676787fa-4122-4e11-9152-c09e26b438c0', 'b49f214e-f69f-43da-9ce3-ad96042268d0', 'f777f2e2-5e32-424e-a1ca-19d16cd8abce'),
('fd36e8dc-df24-42ce-97fc-8b40027ee8b2','voltage','Voltage','676787fa-4122-4e11-9152-c09e26b438c0', '430e5edb-e2b5-4f86-b19f-cda26a27e151', '3254f483-5e66-405c-acf2-2a8add714bf5'),
('b304fc43-32ef-4385-9570-1bcf3afc8d6a','stage','Stage','125277c7-9d38-4bad-9ad5-b7dd962e0526', 'b49f214e-f69f-43da-9ce3-ad96042268d0', 'f777f2e2-5e32-424e-a1ca-19d16cd8abce'),
('dd897ae0-1507-4a69-b445-a946d59c0f37','voltage','Voltage','125277c7-9d38-4bad-9ad5-b7dd962e0526', '430e5edb-e2b5-4f86-b19f-cda26a27e151', '3254f483-5e66-405c-acf2-2a8add714bf5'),
('c8b18555-327f-4c93-a820-05fb21212bb4','stage','Stage','ffbae3a7-70ba-4489-b9a6-015507235190', 'b49f214e-f69f-43da-9ce3-ad96042268d0', 'f777f2e2-5e32-424e-a1ca-19d16cd8abce'),
('4228616f-b971-4bba-87eb-15b72fe97390','stage','Stage','6d45fdb8-3bcf-45e6-bb62-82c4467c4cca', 'b49f214e-f69f-43da-9ce3-ad96042268d0', 'f777f2e2-5e32-424e-a1ca-19d16cd8abce'),
('d012bd1a-a6db-48f4-bbc0-d90fc0104f98','stage','Stage','e41e55a9-c8d6-4c1a-86b1-f233e5a33715', 'b49f214e-f69f-43da-9ce3-ad96042268d0', 'f777f2e2-5e32-424e-a1ca-19d16cd8abce'),
('e677e492-1b68-4140-be53-453e0f4e660a','voltage','Voltage','e41e55a9-c8d6-4c1a-86b1-f233e5a33715', '430e5edb-e2b5-4f86-b19f-cda26a27e151', '3254f483-5e66-405c-acf2-2a8add714bf5'),
('2828e1ce-0c54-4855-aa26-4febd2b963c0','stage','Stage','9a0062f9-9f37-4be4-afc4-e00b2c7af928', 'b49f214e-f69f-43da-9ce3-ad96042268d0', 'f777f2e2-5e32-424e-a1ca-19d16cd8abce'),
('8283e938-8d87-40be-b078-ba4435917e37','voltage','Voltage','9a0062f9-9f37-4be4-afc4-e00b2c7af928', '430e5edb-e2b5-4f86-b19f-cda26a27e151', '3254f483-5e66-405c-acf2-2a8add714bf5'),
('3a50f48a-049e-4485-946f-4a68f1013f3e','stage','Stage','a6dc5d5c-e92b-4497-b9ba-5174e3dc592e', 'b49f214e-f69f-43da-9ce3-ad96042268d0', 'f777f2e2-5e32-424e-a1ca-19d16cd8abce'),
('34efb008-9ceb-4224-92a1-34717ef5a9b3','stage','Stage','5aaeea36-a2d3-46f1-85fd-2b8fa0684053', 'b49f214e-f69f-43da-9ce3-ad96042268d0', 'f777f2e2-5e32-424e-a1ca-19d16cd8abce'),
('445fde21-d39c-4066-8e4a-3eb08b5f557b','voltage','Voltage','5aaeea36-a2d3-46f1-85fd-2b8fa0684053', '430e5edb-e2b5-4f86-b19f-cda26a27e151', '3254f483-5e66-405c-acf2-2a8add714bf5'),
('d05c577e-bb0c-4ef1-bc13-01689c2f664e','stage','Stage','bc51e65d-303e-4d67-b3ab-96a54766ea21', 'b49f214e-f69f-43da-9ce3-ad96042268d0', 'f777f2e2-5e32-424e-a1ca-19d16cd8abce'),
('226fcf89-a7e6-4730-8154-21b893268cc3','voltage','Voltage','bc51e65d-303e-4d67-b3ab-96a54766ea21', '430e5edb-e2b5-4f86-b19f-cda26a27e151', '3254f483-5e66-405c-acf2-2a8add714bf5'),
('7a329076-501c-43c0-a6ee-8e1c1329cd27','water-temperature','Water-Temperature','bc51e65d-303e-4d67-b3ab-96a54766ea21', 'de6112da-8489-4286-ae56-ec72aa09974d', '10e05b5c-7e96-434b-9182-a547333e1c52'),
('36d7a475-6585-470b-8177-5d210b362c02','stage','Stage','d5ae99d8-09ba-44df-9df5-3cf2254d15b1', 'b49f214e-f69f-43da-9ce3-ad96042268d0', 'f777f2e2-5e32-424e-a1ca-19d16cd8abce'),
('f6ce306f-a1f6-43b1-bb94-eac14e5d893c','stage','Stage','9351a7ce-e628-4c09-96bc-527cf6650504', 'b49f214e-f69f-43da-9ce3-ad96042268d0', 'f777f2e2-5e32-424e-a1ca-19d16cd8abce'),
('bce44a56-eeec-44ef-9537-c2e3beac0c08','voltage','Voltage','9351a7ce-e628-4c09-96bc-527cf6650504', '430e5edb-e2b5-4f86-b19f-cda26a27e151', '3254f483-5e66-405c-acf2-2a8add714bf5'),
('82f36008-0891-43e4-bf59-1af5035ea95a','stage','Stage','3f3cfa39-d6f6-4b10-923f-925ecfb11778', 'b49f214e-f69f-43da-9ce3-ad96042268d0', 'f777f2e2-5e32-424e-a1ca-19d16cd8abce'),
('c8e285d1-7260-46c3-98f1-1cce9b6b010c','stage','Stage','6e48a98a-c473-42c6-a0a7-ac6ecb883134', 'b49f214e-f69f-43da-9ce3-ad96042268d0', 'f777f2e2-5e32-424e-a1ca-19d16cd8abce'),
('8bbaa650-a62d-463a-9a27-d817dc2d587e','precipitation','Precipitation','6e48a98a-c473-42c6-a0a7-ac6ecb883134', '0ce77a5a-8283-47cd-9126-c440bcec4ef6', '4ee79a3d-a053-41b8-85b5-bb2eea3c9d1a'),
('dca21ab4-d415-4b35-950c-de7ee963bffc','voltage','Voltage','6e48a98a-c473-42c6-a0a7-ac6ecb883134', '430e5edb-e2b5-4f86-b19f-cda26a27e151', '3254f483-5e66-405c-acf2-2a8add714bf5'),
('51c2a98d-7ca3-4f73-8892-d5169d9234c7','air-temperature','Air-Temperature','6e48a98a-c473-42c6-a0a7-ac6ecb883134', 'b4ea8385-48a3-4e95-82fb-d102dfcbcb54', '10e05b5c-7e96-434b-9182-a547333e1c52'),
('5a994387-c6ff-4456-a58f-e44170f3e57d','stage','Stage','3684868a-b591-44c1-b34d-f10850323eb7', 'b49f214e-f69f-43da-9ce3-ad96042268d0', 'f777f2e2-5e32-424e-a1ca-19d16cd8abce'),
('d58c035a-d514-4000-a03f-b5044843d820','voltage','Voltage','3684868a-b591-44c1-b34d-f10850323eb7', '430e5edb-e2b5-4f86-b19f-cda26a27e151', '3254f483-5e66-405c-acf2-2a8add714bf5'),
('e773278a-b11e-41d1-8481-a310be1d34ea','stage','Stage','10d0f03d-84a3-44b1-8540-69bf9be69e95', 'b49f214e-f69f-43da-9ce3-ad96042268d0', 'f777f2e2-5e32-424e-a1ca-19d16cd8abce'),
('20b9772b-c03a-4b4b-a9d7-960ae29bb579','voltage','Voltage','10d0f03d-84a3-44b1-8540-69bf9be69e95', '430e5edb-e2b5-4f86-b19f-cda26a27e151', '3254f483-5e66-405c-acf2-2a8add714bf5'),
('75184b6e-ab41-4b10-8f09-8aca43964b42','air-temperature','Air-Temperature','10d0f03d-84a3-44b1-8540-69bf9be69e95', 'b4ea8385-48a3-4e95-82fb-d102dfcbcb54', '10e05b5c-7e96-434b-9182-a547333e1c52'),
('5cddc114-7fa2-4658-b939-08fb6afaf485','stage','Stage','861ac604-07a5-4f4a-9459-c098c2c68462', 'b49f214e-f69f-43da-9ce3-ad96042268d0', 'f777f2e2-5e32-424e-a1ca-19d16cd8abce'),
('e4b4de43-18ca-49df-9e8d-25757c8fc0cb','stage','Stage','0373981c-70c1-4bb0-923a-5991cfaca5bb', 'b49f214e-f69f-43da-9ce3-ad96042268d0', 'f777f2e2-5e32-424e-a1ca-19d16cd8abce'),
('66a5ed32-af51-41f5-88f9-28399985fb43','voltage','Voltage','0373981c-70c1-4bb0-923a-5991cfaca5bb', '430e5edb-e2b5-4f86-b19f-cda26a27e151', '3254f483-5e66-405c-acf2-2a8add714bf5'),
('4f909477-902b-4f7f-8f09-f79fc942c411','stage','Stage','a095abc7-1c87-44ea-92fe-4ceda379e9e1', 'b49f214e-f69f-43da-9ce3-ad96042268d0', 'f777f2e2-5e32-424e-a1ca-19d16cd8abce'),
('a9dc49d4-ae2f-44e7-8357-f83dd69999f0','voltage','Voltage','a095abc7-1c87-44ea-92fe-4ceda379e9e1', '430e5edb-e2b5-4f86-b19f-cda26a27e151', '3254f483-5e66-405c-acf2-2a8add714bf5'),
('d2fbc994-df34-4325-a7a1-8ff090161413','stage','Stage','256e9e1c-4156-4ad0-b9ff-34b3bb47f0d8', 'b49f214e-f69f-43da-9ce3-ad96042268d0', 'f777f2e2-5e32-424e-a1ca-19d16cd8abce'),
('84ab1c69-c5c0-4835-a1d8-0e90d147233c','voltage','Voltage','256e9e1c-4156-4ad0-b9ff-34b3bb47f0d8', '430e5edb-e2b5-4f86-b19f-cda26a27e151', '3254f483-5e66-405c-acf2-2a8add714bf5'),
('23fdb67a-d25b-4454-873d-b2c924829e77','stage','Stage','ee65f40d-e8dd-420d-a67d-f849d472d453', 'b49f214e-f69f-43da-9ce3-ad96042268d0', 'f777f2e2-5e32-424e-a1ca-19d16cd8abce'),
('7f8d2383-af26-4679-a3e5-7ec0fdcd43a2','voltage','Voltage','ee65f40d-e8dd-420d-a67d-f849d472d453', '430e5edb-e2b5-4f86-b19f-cda26a27e151', '3254f483-5e66-405c-acf2-2a8add714bf5'),
('90381814-095a-4607-acc6-c8cadd07858a','stage','Stage','3b192c4b-b554-46a8-bfce-70e427cb12ab', 'b49f214e-f69f-43da-9ce3-ad96042268d0', 'f777f2e2-5e32-424e-a1ca-19d16cd8abce'),
('9d107ee0-ebb0-448e-bb28-ce9db3d2d3b7','stage','Stage','637ab3cd-63a5-41d1-a9f6-57fe3dc5c8cf', 'b49f214e-f69f-43da-9ce3-ad96042268d0', 'f777f2e2-5e32-424e-a1ca-19d16cd8abce'),
('e0a37a2d-d6d2-4f20-abf2-793501fdf69a','stage','Stage','682af46f-4393-4fa9-bbd4-688284ca7de2', 'b49f214e-f69f-43da-9ce3-ad96042268d0', 'f777f2e2-5e32-424e-a1ca-19d16cd8abce'),
('0f5b28e8-69e0-40de-a0a6-c8c0c49348e3','stage','Stage','3481f523-7ac8-472d-b07c-7204c894c4c3', 'b49f214e-f69f-43da-9ce3-ad96042268d0', 'f777f2e2-5e32-424e-a1ca-19d16cd8abce'),
('17cc0fc8-817a-45d8-a2d4-ac4a7ae0bb96','stage','Stage','8a66c8b0-65b8-46d9-8493-b719cb265318', 'b49f214e-f69f-43da-9ce3-ad96042268d0', 'f777f2e2-5e32-424e-a1ca-19d16cd8abce'),
('98fdb918-9034-4161-8f7b-9f90e4acf99a','voltage','Voltage','8a66c8b0-65b8-46d9-8493-b719cb265318', '430e5edb-e2b5-4f86-b19f-cda26a27e151', '3254f483-5e66-405c-acf2-2a8add714bf5'),
('92843bcb-084f-43ce-afe4-0c017b919bf3','stage','Stage','04b196fb-07c0-4923-a004-e7b59c21d03a', 'b49f214e-f69f-43da-9ce3-ad96042268d0', 'f777f2e2-5e32-424e-a1ca-19d16cd8abce'),
('f3f94e19-5eb6-4c3a-b03a-492839dce49a','stage','Stage','0c4ba6e5-3fed-49eb-bcf1-ef1e82147f02', 'b49f214e-f69f-43da-9ce3-ad96042268d0', 'f777f2e2-5e32-424e-a1ca-19d16cd8abce'),
('a7ec81d4-08d3-490d-bed8-15624e4ffde1','voltage','Voltage','0c4ba6e5-3fed-49eb-bcf1-ef1e82147f02', '430e5edb-e2b5-4f86-b19f-cda26a27e151', '3254f483-5e66-405c-acf2-2a8add714bf5'),
('396bda2b-bcbd-4fd6-a3d6-e6c8761a409a','stage','Stage','35071d64-5ea2-44d8-bfae-93982e2223b6', 'b49f214e-f69f-43da-9ce3-ad96042268d0', 'f777f2e2-5e32-424e-a1ca-19d16cd8abce'),
('0f1f27cf-21f6-46d3-a005-c32cd1bf0a9d','air-temperature','Air-Temperature','04efbd69-486b-4c6e-ac1d-ec502874153c', 'b4ea8385-48a3-4e95-82fb-d102dfcbcb54', '10e05b5c-7e96-434b-9182-a547333e1c52'),
('3ad4b6c9-0af6-48ee-8f1b-316632edea69','precipitation','Precipitation','04efbd69-486b-4c6e-ac1d-ec502874153c', '0ce77a5a-8283-47cd-9126-c440bcec4ef6', '4ee79a3d-a053-41b8-85b5-bb2eea3c9d1a'),
('146d82aa-7243-4d58-ab7d-582909dc8035','stage','Stage','536b25fc-46f6-46bb-b6b7-9e52b7f18eb0', 'b49f214e-f69f-43da-9ce3-ad96042268d0', 'f777f2e2-5e32-424e-a1ca-19d16cd8abce'),
('4efafe6d-9b58-4d69-9af0-5ad8e82fe4b1','precipitation','Precipitation','536b25fc-46f6-46bb-b6b7-9e52b7f18eb0', '0ce77a5a-8283-47cd-9126-c440bcec4ef6', '4ee79a3d-a053-41b8-85b5-bb2eea3c9d1a'),
('2a2888e1-31c1-4a4e-a86e-cbe2ab3aabab','stage','Stage','fe87bb30-f101-414d-8ff6-774f9e9edb68', 'b49f214e-f69f-43da-9ce3-ad96042268d0', 'f777f2e2-5e32-424e-a1ca-19d16cd8abce'),
('1b3f413b-f834-4fbd-af2b-ba97a9241253','stage','Stage','3ff74ad2-d69d-4ff2-9edf-81db0b73d54d', 'b49f214e-f69f-43da-9ce3-ad96042268d0', 'f777f2e2-5e32-424e-a1ca-19d16cd8abce'),
('4d967e22-1ec5-4a26-864e-4659865101ab','voltage','Voltage','3ff74ad2-d69d-4ff2-9edf-81db0b73d54d', '430e5edb-e2b5-4f86-b19f-cda26a27e151', '3254f483-5e66-405c-acf2-2a8add714bf5'),
('67d782f2-ebe0-49e6-a600-b559726209a8','stage','Stage','3b1c3284-eabe-4455-a298-1d432e87fa05', 'b49f214e-f69f-43da-9ce3-ad96042268d0', 'f777f2e2-5e32-424e-a1ca-19d16cd8abce'),
('e20c7e0e-506b-4d51-9672-77b7538039a8','voltage','Voltage','3b1c3284-eabe-4455-a298-1d432e87fa05', '430e5edb-e2b5-4f86-b19f-cda26a27e151', '3254f483-5e66-405c-acf2-2a8add714bf5'),
('b9a6a3c8-bc29-4b9c-84d6-b030bae3a92d','stage','Stage','d6ec1758-18e4-43f7-b232-355e5eec5bdd', 'b49f214e-f69f-43da-9ce3-ad96042268d0', 'f777f2e2-5e32-424e-a1ca-19d16cd8abce'),
('28dec085-3ec8-489d-a7f9-18886f3955fe','stage','Stage','84381009-96d2-4540-831c-ea91ef71c487', 'b49f214e-f69f-43da-9ce3-ad96042268d0', 'f777f2e2-5e32-424e-a1ca-19d16cd8abce'),
('e371b6b6-eb92-4bfe-806d-c086706320d7','water-temperature','Water-Temperature','84381009-96d2-4540-831c-ea91ef71c487', 'de6112da-8489-4286-ae56-ec72aa09974d', '10e05b5c-7e96-434b-9182-a547333e1c52'),
('8d8a8c71-4ada-4115-92b7-fc70b7af3741','voltage','Voltage','c813ccbb-7b26-471b-a4ad-3447504a3133', '430e5edb-e2b5-4f86-b19f-cda26a27e151', '3254f483-5e66-405c-acf2-2a8add714bf5'),
('819ab928-f9c7-4d04-aff8-2c447bfe903e','stage','Stage','36ec6215-b054-418a-ac66-73bba9b417ad', 'b49f214e-f69f-43da-9ce3-ad96042268d0', 'f777f2e2-5e32-424e-a1ca-19d16cd8abce'),
('92c8a1b2-72ed-4931-bdbf-b1f887fd8947','voltage','Voltage','36ec6215-b054-418a-ac66-73bba9b417ad', '430e5edb-e2b5-4f86-b19f-cda26a27e151', '3254f483-5e66-405c-acf2-2a8add714bf5'),
('e6dd713a-5c0d-4f7b-a069-c56860d16f2d','stage','Stage','867c5f0c-afd1-4ada-b9e7-2ae45620c4d3', 'b49f214e-f69f-43da-9ce3-ad96042268d0', 'f777f2e2-5e32-424e-a1ca-19d16cd8abce'),
('f21affc9-734c-4a4b-95d8-9844682b080b','voltage','Voltage','867c5f0c-afd1-4ada-b9e7-2ae45620c4d3', '430e5edb-e2b5-4f86-b19f-cda26a27e151', '3254f483-5e66-405c-acf2-2a8add714bf5'),
('aa42e226-fd15-43f3-9f6b-05cf248d95bc','stage','Stage','f21b11f2-4187-42d0-8048-d83c99b1db32', 'b49f214e-f69f-43da-9ce3-ad96042268d0', 'f777f2e2-5e32-424e-a1ca-19d16cd8abce'),
('e691a19c-c4af-4da5-aaa1-bf36c53e66c7','voltage','Voltage','f21b11f2-4187-42d0-8048-d83c99b1db32', '430e5edb-e2b5-4f86-b19f-cda26a27e151', '3254f483-5e66-405c-acf2-2a8add714bf5'),
('8d47a2d2-618f-40a3-9838-11fc13c14716','stage','Stage','84a4c7c4-dc18-451f-946f-bc6cff162d70', 'b49f214e-f69f-43da-9ce3-ad96042268d0', 'f777f2e2-5e32-424e-a1ca-19d16cd8abce'),
('c1fd4dec-f9bd-4b6c-9e5c-9e1cf12851ef','voltage','Voltage','84a4c7c4-dc18-451f-946f-bc6cff162d70', '430e5edb-e2b5-4f86-b19f-cda26a27e151', '3254f483-5e66-405c-acf2-2a8add714bf5'),
('4f74e2f1-b842-40f9-84a5-d651382e5c5a','stage','Stage','6ec230e0-62db-470a-bd99-ac7459fb402c', 'b49f214e-f69f-43da-9ce3-ad96042268d0', 'f777f2e2-5e32-424e-a1ca-19d16cd8abce'),
('427758ec-8ad2-4e8d-a9a1-601bef38fcbc','voltage','Voltage','6ec230e0-62db-470a-bd99-ac7459fb402c', '430e5edb-e2b5-4f86-b19f-cda26a27e151', '3254f483-5e66-405c-acf2-2a8add714bf5'),
('f9f489f7-17a4-40b2-b4e3-b2a84e5e14b8','stage','Stage','f2072f27-4244-45c3-9517-bd9698fe2ea5', 'b49f214e-f69f-43da-9ce3-ad96042268d0', 'f777f2e2-5e32-424e-a1ca-19d16cd8abce'),
('5d78108d-5c46-449c-8416-ff244d4353f7','voltage','Voltage','f2072f27-4244-45c3-9517-bd9698fe2ea5', '430e5edb-e2b5-4f86-b19f-cda26a27e151', '3254f483-5e66-405c-acf2-2a8add714bf5'),
('c2d4d6c4-9d91-42dc-a921-7fdae4416194','stage','Stage','7a476987-72bc-40b0-a498-12512df16f3c', 'b49f214e-f69f-43da-9ce3-ad96042268d0', 'f777f2e2-5e32-424e-a1ca-19d16cd8abce'),
('d882b9d1-e0d1-4adc-8d4e-177369999d89','voltage','Voltage','7a476987-72bc-40b0-a498-12512df16f3c', '430e5edb-e2b5-4f86-b19f-cda26a27e151', '3254f483-5e66-405c-acf2-2a8add714bf5'),
('c1307525-32da-448b-9ee6-99f2f93fde52','stage','Stage','108421a6-02b2-456a-afc1-8b52a895787b', 'b49f214e-f69f-43da-9ce3-ad96042268d0', 'f777f2e2-5e32-424e-a1ca-19d16cd8abce'),
('667b32a2-9570-47c7-ae36-b45c87978d28','precipitation','Precipitation','01ffd427-2668-4a88-bf0f-cde82481bdaf', '0ce77a5a-8283-47cd-9126-c440bcec4ef6', '4ee79a3d-a053-41b8-85b5-bb2eea3c9d1a'),
('49c1dc75-d768-4590-9a9d-28f2c718fec7','air-temperature','Air-Temperature','01ffd427-2668-4a88-bf0f-cde82481bdaf', 'b4ea8385-48a3-4e95-82fb-d102dfcbcb54', '10e05b5c-7e96-434b-9182-a547333e1c52'),
('d4a67418-0609-401d-bb96-8b0328514649','precipitation','Precipitation','2313f0a6-c713-4bee-a063-dd2d57b1aef4', '0ce77a5a-8283-47cd-9126-c440bcec4ef6', '4ee79a3d-a053-41b8-85b5-bb2eea3c9d1a'),
('40061b06-0fd4-432b-aead-57a83ff03dce','air-temperature','Air-Temperature','2313f0a6-c713-4bee-a063-dd2d57b1aef4', 'b4ea8385-48a3-4e95-82fb-d102dfcbcb54', '10e05b5c-7e96-434b-9182-a547333e1c52'),
('8eb86c18-ea92-4dae-9d8e-8bd705d3f3d1','stage','Stage','d6a5588a-1d6c-4820-b177-719ce09ff04e', 'b49f214e-f69f-43da-9ce3-ad96042268d0', 'f777f2e2-5e32-424e-a1ca-19d16cd8abce'),
('df6e5734-be9d-418e-a9bf-ed7cb3698418','voltage','Voltage','d6a5588a-1d6c-4820-b177-719ce09ff04e', '430e5edb-e2b5-4f86-b19f-cda26a27e151', '3254f483-5e66-405c-acf2-2a8add714bf5'),
('14778cb2-f556-49f8-b1a1-abef9f4f1364','stage','Stage','096304cb-dc2e-4c39-ba07-95c5095267c4', 'b49f214e-f69f-43da-9ce3-ad96042268d0', 'f777f2e2-5e32-424e-a1ca-19d16cd8abce'),
('350f311f-9f13-44fe-98bb-580330973927','stage','Stage','19cbf4de-0b6f-4a8c-a22a-fcf4584a6619', 'b49f214e-f69f-43da-9ce3-ad96042268d0', 'f777f2e2-5e32-424e-a1ca-19d16cd8abce'),
('bbed2dd4-65e9-4f64-a82c-8eda3118d5be','stage','Stage','a873c5ea-431d-423f-9806-6d337aa10613', 'b49f214e-f69f-43da-9ce3-ad96042268d0', 'f777f2e2-5e32-424e-a1ca-19d16cd8abce'),
('68de04f7-d69e-46bb-a7a1-81da795a2e01','voltage','Voltage','a873c5ea-431d-423f-9806-6d337aa10613', '430e5edb-e2b5-4f86-b19f-cda26a27e151', '3254f483-5e66-405c-acf2-2a8add714bf5'),
('6a4b3ed6-d75c-4a18-bd69-d1edf08a5a57','air-temperature','Air-Temperature','eab77b01-bb39-4e1d-8e94-d19891d9f195', 'b4ea8385-48a3-4e95-82fb-d102dfcbcb54', '2d379b61-fef6-4531-9e58-cace51909e44'),
('a35204af-5e37-4e35-8d23-91e2cd3bf77e','precipitation','Precipitation','eab77b01-bb39-4e1d-8e94-d19891d9f195', '0ce77a5a-8283-47cd-9126-c440bcec4ef6', '612d6fa5-954a-40fd-86d6-c21a75fe6cff'),
('cf6b4065-ce10-4d97-b782-d38af1a7e8c8','precipitation','Precipitation','0ba53b32-3900-42a3-9495-768bd38bf29f', '0ce77a5a-8283-47cd-9126-c440bcec4ef6', 'ae06a7db-1e18-4994-be41-9d5a408d6cad'),
('98565025-37b7-475a-ba8d-94075a56c806','air-temperature','Air-Temperature','7aea09dc-d644-4e06-ac6d-0fb0f29cce71', 'b4ea8385-48a3-4e95-82fb-d102dfcbcb54', '10e05b5c-7e96-434b-9182-a547333e1c52'),
('28c79f5a-9cf8-4a8c-a542-20e947e37da0','air-temperature','Air-Temperature','4e32b418-bdc3-40cf-9d75-c31d96050fcf', 'b4ea8385-48a3-4e95-82fb-d102dfcbcb54', '10e05b5c-7e96-434b-9182-a547333e1c52'),
('c4ce37f5-9677-440a-9ef7-71f723eebdc1','stage','Stage','d40fc9fa-7819-4ad5-82fa-2cc6a77dea4c', 'b49f214e-f69f-43da-9ce3-ad96042268d0', 'f777f2e2-5e32-424e-a1ca-19d16cd8abce'),
('f57e5292-ff76-46d4-a884-c1f539367f0a','stage','Stage','d0585274-9ecd-4b7e-8141-8357c9ae2541', 'b49f214e-f69f-43da-9ce3-ad96042268d0', 'f777f2e2-5e32-424e-a1ca-19d16cd8abce'),
('cd244f43-5445-4f71-b3e9-622013581bb3','stage','Stage','260b13ec-c6a8-473c-a8eb-b1e3f99b6f4c', 'b49f214e-f69f-43da-9ce3-ad96042268d0', 'f777f2e2-5e32-424e-a1ca-19d16cd8abce'),
('cd18964f-ce97-43c1-b5d1-be313b341bd5','stage','Stage','d5c9dcc3-e2de-43a2-b1ff-960e1302415e', 'b49f214e-f69f-43da-9ce3-ad96042268d0', 'f777f2e2-5e32-424e-a1ca-19d16cd8abce'),
('12c5609c-54f6-46a7-a77a-17b6dc77713a','stage','Stage','d636bc1c-0366-4b48-928e-712050be7aa8', 'b49f214e-f69f-43da-9ce3-ad96042268d0', 'f777f2e2-5e32-424e-a1ca-19d16cd8abce'),
('3eb29a71-9699-48d8-adfb-24cb747d4e23','voltage','Voltage','d636bc1c-0366-4b48-928e-712050be7aa8', '430e5edb-e2b5-4f86-b19f-cda26a27e151', '3254f483-5e66-405c-acf2-2a8add714bf5'),
('e65d4f97-b482-434c-8919-9aca8c6f011f','stage','Stage','8a7e7ed7-b045-4fc3-b9db-3eca4192f952', 'b49f214e-f69f-43da-9ce3-ad96042268d0', 'f777f2e2-5e32-424e-a1ca-19d16cd8abce'),
('37bd1766-7903-4e79-bc8f-9d3573b252f4','stage','Stage','01573f62-b488-45a1-b0c9-50834d82f402', 'b49f214e-f69f-43da-9ce3-ad96042268d0', 'f777f2e2-5e32-424e-a1ca-19d16cd8abce'),
('043453cc-57cd-4c29-9c77-e3ce82b745b0','voltage','Voltage','01573f62-b488-45a1-b0c9-50834d82f402', '430e5edb-e2b5-4f86-b19f-cda26a27e151', '3254f483-5e66-405c-acf2-2a8add714bf5'),
('2e79d719-0c26-4671-bfdc-60e8b9d266ce','stage','Stage','d3eadd07-e87c-4fe1-9666-7a29c8490b24', 'b49f214e-f69f-43da-9ce3-ad96042268d0', 'f777f2e2-5e32-424e-a1ca-19d16cd8abce'),
('87f65de3-380c-42fc-90b3-7d2e312edded','stage','Stage','44450bc2-b0e1-42d6-a333-2ff4258b57fd', 'b49f214e-f69f-43da-9ce3-ad96042268d0', 'f777f2e2-5e32-424e-a1ca-19d16cd8abce'),
('87ab9f50-5e81-4b64-982b-e86c5af9b6a9','stage','Stage','c58a199a-5d24-48d2-962e-7620fd034cfb', 'b49f214e-f69f-43da-9ce3-ad96042268d0', 'f777f2e2-5e32-424e-a1ca-19d16cd8abce'),
('e3ec8891-6918-4b51-920d-c19f411fae54','stage','Stage','c742f943-efc0-487d-af4d-d60c585b6867', 'b49f214e-f69f-43da-9ce3-ad96042268d0', 'f777f2e2-5e32-424e-a1ca-19d16cd8abce'),
('02611e43-2c77-459e-8a10-98a625552ff8','air-temperature','Air-Temperature','c742f943-efc0-487d-af4d-d60c585b6867', 'b4ea8385-48a3-4e95-82fb-d102dfcbcb54', '10e05b5c-7e96-434b-9182-a547333e1c52'),
('4c560804-fe67-4f87-8114-4a2f8b8efcd2','voltage','Voltage','c742f943-efc0-487d-af4d-d60c585b6867', '430e5edb-e2b5-4f86-b19f-cda26a27e151', '3254f483-5e66-405c-acf2-2a8add714bf5'),
('4d2c130e-7125-44f8-b0d0-7d34e0dfdb75','stage','Stage','950d070d-8b14-4f5e-8d15-a09552e50ed2', 'b49f214e-f69f-43da-9ce3-ad96042268d0', 'f777f2e2-5e32-424e-a1ca-19d16cd8abce'),
('688bef02-aab9-41dc-a433-d575ca6f96b4','voltage','Voltage','950d070d-8b14-4f5e-8d15-a09552e50ed2', '430e5edb-e2b5-4f86-b19f-cda26a27e151', '3254f483-5e66-405c-acf2-2a8add714bf5'),
('92cb3acd-5c05-4e10-a783-8cbaaaa9b246','stage','Stage','2c820fef-bc65-41ea-a2a8-db067db1f370', 'b49f214e-f69f-43da-9ce3-ad96042268d0', 'f777f2e2-5e32-424e-a1ca-19d16cd8abce'),
('b42f1347-8546-416a-8971-523b39977652','water-temperature','Water-Temperature','2c820fef-bc65-41ea-a2a8-db067db1f370', 'de6112da-8489-4286-ae56-ec72aa09974d', '2d379b61-fef6-4531-9e58-cace51909e44'),
('f6db9cd0-728b-424a-894b-9183126991d0','stage','Stage','0f84c4df-2e55-4793-8792-10607ec34dc4', 'b49f214e-f69f-43da-9ce3-ad96042268d0', 'f777f2e2-5e32-424e-a1ca-19d16cd8abce'),
('67f974eb-525c-4a61-96a0-999c6d42e2d7','stage','Stage','b993658c-7006-4fea-ae5a-7b0c7099d425', 'b49f214e-f69f-43da-9ce3-ad96042268d0', 'f777f2e2-5e32-424e-a1ca-19d16cd8abce'),
('724ac9b7-9c00-4bd0-92e3-ff2a5323a392','voltage','Voltage','b993658c-7006-4fea-ae5a-7b0c7099d425', '430e5edb-e2b5-4f86-b19f-cda26a27e151', '3254f483-5e66-405c-acf2-2a8add714bf5'),
('02fbaae6-c7ed-466e-b4ea-a9b5115fce8d','air-temperature','Air-Temperature','ebccb98d-1d63-42d4-9622-367cd4888ae2', 'b4ea8385-48a3-4e95-82fb-d102dfcbcb54', '10e05b5c-7e96-434b-9182-a547333e1c52'),
('0a1a3ca3-bfab-4e08-a893-630a9d4246b9','water-temperature','Water-Temperature','ebccb98d-1d63-42d4-9622-367cd4888ae2', 'de6112da-8489-4286-ae56-ec72aa09974d', '10e05b5c-7e96-434b-9182-a547333e1c52'),
('6e01dd54-9cb1-4eec-8920-609e94e74c00','air-temperature','Air-Temperature','25f20030-0bb9-4121-9fe5-afdfa9b37b5c', 'b4ea8385-48a3-4e95-82fb-d102dfcbcb54', '10e05b5c-7e96-434b-9182-a547333e1c52'),
('8595896f-1c3e-4171-812b-f96e644874d9','precipitation','Precipitation','25f20030-0bb9-4121-9fe5-afdfa9b37b5c', '0ce77a5a-8283-47cd-9126-c440bcec4ef6', '4ee79a3d-a053-41b8-85b5-bb2eea3c9d1a'),
('d4e7e898-e517-42ab-8c5b-8f2216acbc3b','voltage','Voltage','58deb237-b226-4a16-9a1d-72698a107b18', '430e5edb-e2b5-4f86-b19f-cda26a27e151', '6b5bd788-8c78-43bb-b5a3-ad544b858a64'),
('6205cee4-d5ab-4d99-93ca-33b1410c21bf','stage','Stage','f63b828f-2655-4536-b3fa-aaebbae3a269', 'b49f214e-f69f-43da-9ce3-ad96042268d0', 'f777f2e2-5e32-424e-a1ca-19d16cd8abce'),
('151859a8-7cbf-43a5-9aa3-0486ac6ac4e3','voltage','Voltage','a3642ca3-9ab9-4021-93d7-ec018ca70ae3', '430e5edb-e2b5-4f86-b19f-cda26a27e151', '3254f483-5e66-405c-acf2-2a8add714bf5'),
('27e4d8b1-24c1-45d8-a33a-ea84ac22fb1b','stage','Stage','175b6d51-2c73-4cb1-9c20-638997fa9a52', 'b49f214e-f69f-43da-9ce3-ad96042268d0', 'f777f2e2-5e32-424e-a1ca-19d16cd8abce'),
('0c3c6ae2-9176-4ab2-8d44-3e5856bd41c5','precipitation','Precipitation','ce13a38d-c12c-4a39-8635-23dd926c2c4f', '0ce77a5a-8283-47cd-9126-c440bcec4ef6', 'ae06a7db-1e18-4994-be41-9d5a408d6cad'),
('94672958-1cbc-4dc7-9b7e-49f2b423979c','stage','Stage','b4a45399-81a7-496b-b666-99d8668c94c6', 'b49f214e-f69f-43da-9ce3-ad96042268d0', 'f777f2e2-5e32-424e-a1ca-19d16cd8abce'),
('f6990786-8a79-40e6-b30c-e6948a9a5111','voltage','Voltage','b4a45399-81a7-496b-b666-99d8668c94c6', '430e5edb-e2b5-4f86-b19f-cda26a27e151', '3254f483-5e66-405c-acf2-2a8add714bf5'),
('7e69ad5d-1de6-44f2-9939-475992cca31f','stage','Stage','67165c5e-2dbf-481f-8700-6a14f58bcf02', 'b49f214e-f69f-43da-9ce3-ad96042268d0', 'f777f2e2-5e32-424e-a1ca-19d16cd8abce'),
('9c22d625-8aab-4918-8e39-15ba1e98cc7b','stage','Stage','753e3231-1b6a-4d4e-ae0a-de79dd8332ce', 'b49f214e-f69f-43da-9ce3-ad96042268d0', 'f777f2e2-5e32-424e-a1ca-19d16cd8abce'),
('07694cda-378f-4f40-9eed-f4fb7a3d59a1','water-temperature','Water-Temperature','753e3231-1b6a-4d4e-ae0a-de79dd8332ce', 'de6112da-8489-4286-ae56-ec72aa09974d', '10e05b5c-7e96-434b-9182-a547333e1c52'),
('341bf58e-529b-464a-8bb6-62aa3b304b30','voltage','Voltage','753e3231-1b6a-4d4e-ae0a-de79dd8332ce', '430e5edb-e2b5-4f86-b19f-cda26a27e151', '3254f483-5e66-405c-acf2-2a8add714bf5'),
('a7648482-ebd7-416e-97c3-4f4916f0535b','stage','Stage','eb46cd3a-2dbf-4465-a3b3-5749ba863866', 'b49f214e-f69f-43da-9ce3-ad96042268d0', 'f777f2e2-5e32-424e-a1ca-19d16cd8abce'),
('91864b9a-a6c0-4c53-8eef-96239684d3bd','voltage','Voltage','eb46cd3a-2dbf-4465-a3b3-5749ba863866', '430e5edb-e2b5-4f86-b19f-cda26a27e151', '3254f483-5e66-405c-acf2-2a8add714bf5'),
('1bee3273-1038-4840-85e7-ee4a148a59be','stage','Stage','ba2a836b-b79d-4438-8ded-3c9c89635d19', 'b49f214e-f69f-43da-9ce3-ad96042268d0', 'f777f2e2-5e32-424e-a1ca-19d16cd8abce'),
('0da7f2b3-3452-4079-8a44-57fe581c855b','stage','Stage','bca2071e-afaf-4a6f-b3a8-dab0b1de4795', 'b49f214e-f69f-43da-9ce3-ad96042268d0', 'f777f2e2-5e32-424e-a1ca-19d16cd8abce'),
('202e03c2-6fca-4676-ad5f-991431e9091b','stage','Stage','a2a1aa7b-f34a-41a8-be14-28771af54088', 'b49f214e-f69f-43da-9ce3-ad96042268d0', 'f777f2e2-5e32-424e-a1ca-19d16cd8abce'),
('1f2e6b83-7c69-4b8f-a524-a8ca9189f56b','stage','Stage','2faa5679-787a-4caf-9163-33e3dc82a102', 'b49f214e-f69f-43da-9ce3-ad96042268d0', 'f777f2e2-5e32-424e-a1ca-19d16cd8abce'),
('6792ed62-6421-4eb0-97b5-7cbc8b8b478e','air-temperature','Air-Temperature','2faa5679-787a-4caf-9163-33e3dc82a102', 'b4ea8385-48a3-4e95-82fb-d102dfcbcb54', '10e05b5c-7e96-434b-9182-a547333e1c52'),
('86e8becc-6feb-4eec-b6a9-39af792e1985','precipitation','Precipitation','2faa5679-787a-4caf-9163-33e3dc82a102', '0ce77a5a-8283-47cd-9126-c440bcec4ef6', '4ee79a3d-a053-41b8-85b5-bb2eea3c9d1a'),
('8fa9a13f-80fb-463a-baa9-7612def496f5','stage','Stage','953727b5-e98e-49b5-81e7-ac499f763da2', 'b49f214e-f69f-43da-9ce3-ad96042268d0', 'f777f2e2-5e32-424e-a1ca-19d16cd8abce'),
('20255274-3ac2-4ce8-ac33-45f93433dfdf','stage','Stage','54453f3c-58a1-4a6a-8bde-9e08a550c48d', 'b49f214e-f69f-43da-9ce3-ad96042268d0', 'f777f2e2-5e32-424e-a1ca-19d16cd8abce'),
('f283f228-889e-47e3-aaf7-ad03cbede49f','stage','Stage','666174cc-b8f8-4366-9b39-629ea1f52c7c', 'b49f214e-f69f-43da-9ce3-ad96042268d0', 'ae06a7db-1e18-4994-be41-9d5a408d6cad'),
('979f8717-19d4-4203-998a-57d606197a06','air-temperature','Air-Temperature','666174cc-b8f8-4366-9b39-629ea1f52c7c', 'b4ea8385-48a3-4e95-82fb-d102dfcbcb54', '2d379b61-fef6-4531-9e58-cace51909e44'),
('050ab74c-9581-4a64-92ff-b0f1c18adcef','stage','Stage','d051f5be-8f92-4eb8-ad47-4e82be4774fc', 'b49f214e-f69f-43da-9ce3-ad96042268d0', 'f777f2e2-5e32-424e-a1ca-19d16cd8abce'),
('0dd18834-aca5-42a8-acd8-c0d52117209a','air-temperature','Air-Temperature','d051f5be-8f92-4eb8-ad47-4e82be4774fc', 'b4ea8385-48a3-4e95-82fb-d102dfcbcb54', '10e05b5c-7e96-434b-9182-a547333e1c52'),
('eb7103d7-2239-4a1a-91f7-79a9f0d5c006','air-temperature','Air-Temperature','cfc849e7-03a6-4b52-b5d9-1bde0fada89c', 'b4ea8385-48a3-4e95-82fb-d102dfcbcb54', '10e05b5c-7e96-434b-9182-a547333e1c52'),
('68fd59b5-2454-4034-aaa8-a7d26dd050b2','precipitation','Precipitation','cfc849e7-03a6-4b52-b5d9-1bde0fada89c', '0ce77a5a-8283-47cd-9126-c440bcec4ef6', '4ee79a3d-a053-41b8-85b5-bb2eea3c9d1a'),
('bebb5202-c3f2-4408-884c-ff09a52f43f8','stage','Stage','cfc849e7-03a6-4b52-b5d9-1bde0fada89c', 'b49f214e-f69f-43da-9ce3-ad96042268d0', 'f777f2e2-5e32-424e-a1ca-19d16cd8abce'),
('36009877-96b5-4fc5-9237-7b0d890ea683','voltage','Voltage','cfc849e7-03a6-4b52-b5d9-1bde0fada89c', '430e5edb-e2b5-4f86-b19f-cda26a27e151', '6b5bd788-8c78-43bb-b5a3-ad544b858a64'),
('e665f843-fd07-43f6-ac31-af81dfc0c982','precipitation','Precipitation','ee9f3dd2-9d87-4482-9fed-cb101d0c81f5', '0ce77a5a-8283-47cd-9126-c440bcec4ef6', '4ee79a3d-a053-41b8-85b5-bb2eea3c9d1a'),
('072d29dc-9c12-4e79-bd0e-e865b8ab703d','air-temperature','Air-Temperature','ee9f3dd2-9d87-4482-9fed-cb101d0c81f5', 'b4ea8385-48a3-4e95-82fb-d102dfcbcb54', '10e05b5c-7e96-434b-9182-a547333e1c52'),
('0df2ac87-00a9-466b-9e11-703b2de97d22','stage','Stage','9e47f8eb-3335-4d05-9a71-3201eb4f6823', 'b49f214e-f69f-43da-9ce3-ad96042268d0', 'f777f2e2-5e32-424e-a1ca-19d16cd8abce'),
('509d95b4-832f-449a-9ad9-95d1e5239696','stage','Stage','f3593112-a487-42d4-85dd-116ce81abb27', 'b49f214e-f69f-43da-9ce3-ad96042268d0', 'f777f2e2-5e32-424e-a1ca-19d16cd8abce'),
('8ec18fc0-f7b0-44ac-a286-37945e9fc170','water-temperature','Water-Temperature','31e2ff89-126f-4ce2-a0f6-a51df2ef05b3', 'de6112da-8489-4286-ae56-ec72aa09974d', '2d379b61-fef6-4531-9e58-cace51909e44');
