INSERT INTO project (id, office_id, slug, name, image) VALUES
    ('6b60b4e6-ff3a-4b8a-8426-93347824588f', '0154184e-2509-4485-b449-8eff4ab52eef', 'savannah-district-streamgages', 'Savannah District Streamgages', 'savannah-district-streamgages.jpg');



--INSERT INSTRUMENTS--COUNT:49
INSERT INTO public.instrument(id, deleted, slug, name, formula, geometry, station, station_offset, create_date, update_date, type_id, project_id, creator, updater)
 VALUES 
('23655b91-27a8-4f46-90d2-fe92c12c321a', False, 'chattooga-river-at-burrells-ford-nr-pine-mtn-ga', 'CHATTOOGA RIVER AT BURRELLS FORD, NR PINE MTN, GA', null, ST_GeomFromText('POINT(-83.1194 34.9689)',4326), null, null, '2021-02-26T16:09:23.087564Z', null, '98a61f29-18a8-430a-9d02-0f53486e0984', '6b60b4e6-ff3a-4b8a-8426-93347824588f', '00000000-0000-0000-0000-000000000000', null),
('d7e9e70e-4612-4904-891a-95899b1e9cbb', False, 'chattooga-river-near-clayton-ga', 'CHATTOOGA RIVER NEAR CLAYTON, GA', null, ST_GeomFromText('POINT(-83.306 34.814)',4326), null, null, '2021-02-26T16:09:23.440717Z', null, '98a61f29-18a8-430a-9d02-0f53486e0984', '6b60b4e6-ff3a-4b8a-8426-93347824588f', '00000000-0000-0000-0000-000000000000', null),
('1d6ae3ce-7e9a-4cb3-8aff-efeefd4da85e', False, 'tallulah-river-near-clayton-ga', 'TALLULAH RIVER NEAR CLAYTON, GA', null, ST_GeomFromText('POINT(-83.5304 34.8904)',4326), null, null, '2021-02-26T16:09:23.788392Z', null, '98a61f29-18a8-430a-9d02-0f53486e0984', '6b60b4e6-ff3a-4b8a-8426-93347824588f', '00000000-0000-0000-0000-000000000000', null),
('e2acbc5a-c694-4bf8-aa2d-4a6e5cd66a04', False, 'tallulah-river-ab-powerhouse-nr-tallulah-falls-ga', 'TALLULAH RIVER AB POWERHOUSE, NR TALLULAH FALLS,GA', null, ST_GeomFromText('POINT(-83.3757 34.732)',4326), null, null, '2021-02-26T16:09:24.507833Z', null, '98a61f29-18a8-430a-9d02-0f53486e0984', '6b60b4e6-ff3a-4b8a-8426-93347824588f', '00000000-0000-0000-0000-000000000000', null),
('d8ee2a9b-baca-4ac2-840f-ee674abc4dd5', False, '02182000', '02182000', null, ST_GeomFromText('POINT(-83.3452 34.6779)',4326), null, null, '2021-02-26T16:09:24.941166Z', null, '98a61f29-18a8-430a-9d02-0f53486e0984', '6b60b4e6-ff3a-4b8a-8426-93347824588f', '00000000-0000-0000-0000-000000000000', null),
('b31fcde3-71a6-4c96-9db4-f7b024a159a9', False, 'beaverdam-creek-above-elberton-ga', 'BEAVERDAM CREEK ABOVE ELBERTON, GA', null, ST_GeomFromText('POINT(-82.8965 34.1687)',4326), null, null, '2021-02-26T16:09:25.274574Z', null, '98a61f29-18a8-430a-9d02-0f53486e0984', '6b60b4e6-ff3a-4b8a-8426-93347824588f', '00000000-0000-0000-0000-000000000000', null),
('ea5fb959-5791-4150-a7db-b01691f9bae2', False, 'broad-river-above-carlton-ga', 'BROAD RIVER ABOVE CARLTON, GA', null, ST_GeomFromText('POINT(-83.0033 34.0733)',4326), null, null, '2021-02-26T16:09:25.714667Z', null, '98a61f29-18a8-430a-9d02-0f53486e0984', '6b60b4e6-ff3a-4b8a-8426-93347824588f', '00000000-0000-0000-0000-000000000000', null),
('4043173a-17bb-47d8-b1b9-507075443cb0', False, 'broad-river-near-bell-ga', 'BROAD RIVER NEAR BELL, GA', null, ST_GeomFromText('POINT(-82.77 33.9742)',4326), null, null, '2021-02-26T16:09:26.087162Z', null, '98a61f29-18a8-430a-9d02-0f53486e0984', '6b60b4e6-ff3a-4b8a-8426-93347824588f', '00000000-0000-0000-0000-000000000000', null),
('b360d2a9-7314-42a3-be5d-a69662d69e55', False, 'kettle-creek-near-washington-ga', 'KETTLE CREEK NEAR WASHINGTON, GA', null, ST_GeomFromText('POINT(-82.8579 33.6826)',4326), null, null, '2021-02-26T16:09:26.477913Z', null, '98a61f29-18a8-430a-9d02-0f53486e0984', '6b60b4e6-ff3a-4b8a-8426-93347824588f', '00000000-0000-0000-0000-000000000000', null),
('461dd041-66a1-422e-a0b6-ed9ae7f7c3a1', False, 'little-river-near-washington-ga', 'LITTLE RIVER NEAR WASHINGTON, GA', null, ST_GeomFromText('POINT(-82.7425 33.6128)',4326), null, null, '2021-02-26T16:09:26.891083Z', null, '98a61f29-18a8-430a-9d02-0f53486e0984', '6b60b4e6-ff3a-4b8a-8426-93347824588f', '00000000-0000-0000-0000-000000000000', null),
('9f1e159e-0e94-4232-a61e-a426294aac5d', False, 'kiokee-creek-at-ga-104-near-evans-ga', 'KIOKEE CREEK AT GA 104, NEAR EVANS, GA', null, ST_GeomFromText('POINT(-82.2326 33.601)',4326), null, null, '2021-02-26T16:09:27.232879Z', null, '98a61f29-18a8-430a-9d02-0f53486e0984', '6b60b4e6-ff3a-4b8a-8426-93347824588f', '00000000-0000-0000-0000-000000000000', null),
('890a95de-c578-419d-849c-7ce1679ec6b8', False, 'butler-creek-below-7th-avenue-at-ft.-gordon-ga', 'BUTLER CREEK BELOW 7TH AVENUE, AT FT. GORDON, GA', null, ST_GeomFromText('POINT(-82.1161 33.4386)',4326), null, null, '2021-02-26T16:09:27.674912Z', null, '98a61f29-18a8-430a-9d02-0f53486e0984', '6b60b4e6-ff3a-4b8a-8426-93347824588f', '00000000-0000-0000-0000-000000000000', null),
('b5b9f77f-94bc-4f48-b1c6-e47b208966fb', False, 'butler-creek-reservoir-at-fort-gordon-ga', 'BUTLER CREEK RESERVOIR AT FORT GORDON, GA', null, ST_GeomFromText('POINT(-82.0992 33.4258)',4326), null, null, '2021-02-26T16:09:28.027742Z', null, '98a61f29-18a8-430a-9d02-0f53486e0984', '6b60b4e6-ff3a-4b8a-8426-93347824588f', '00000000-0000-0000-0000-000000000000', null),
('69309767-e07c-474a-9ad6-d38d19599dae', False, 'spirit-creek-at-us-1-near-augusta-ga', 'SPIRIT CREEK AT US 1, NEAR AUGUSTA, GA', null, ST_GeomFromText('POINT(-82.139 33.3735)',4326), null, null, '2021-02-26T16:09:28.364640Z', null, '98a61f29-18a8-430a-9d02-0f53486e0984', '6b60b4e6-ff3a-4b8a-8426-93347824588f', '00000000-0000-0000-0000-000000000000', null),
('98c94154-b54a-44a0-b5ab-bc69127ff297', False, 'savannah-river-near-waynesboro-ga', 'SAVANNAH RIVER NEAR WAYNESBORO, GA', null, ST_GeomFromText('POINT(-81.7548 33.1499)',4326), null, null, '2021-02-26T16:09:28.944124Z', null, '98a61f29-18a8-430a-9d02-0f53486e0984', '6b60b4e6-ff3a-4b8a-8426-93347824588f', '00000000-0000-0000-0000-000000000000', null),
('0b941abe-45b7-470f-8c64-1a90f770dc08', False, 'brushy-creek-at-campground-road-near-wrens-ga', 'BRUSHY CREEK AT CAMPGROUND ROAD, NEAR WRENS, GA', null, ST_GeomFromText('POINT(-82.3343 33.1807)',4326), null, null, '2021-02-26T16:09:29.318453Z', null, '98a61f29-18a8-430a-9d02-0f53486e0984', '6b60b4e6-ff3a-4b8a-8426-93347824588f', '00000000-0000-0000-0000-000000000000', null),
('cce37bfe-98a0-4e16-8b15-2ad8831ca912', False, 'brier-creek-near-waynesboro-ga', 'BRIER CREEK NEAR WAYNESBORO, GA', null, ST_GeomFromText('POINT(-81.9637 33.1182)',4326), null, null, '2021-02-26T16:09:29.766902Z', null, '98a61f29-18a8-430a-9d02-0f53486e0984', '6b60b4e6-ff3a-4b8a-8426-93347824588f', '00000000-0000-0000-0000-000000000000', null),
('eaea76f8-0ef4-44f5-ad78-7c7286facf98', False, 'brier-creek-at-millhaven-ga', 'BRIER CREEK AT MILLHAVEN, GA', null, ST_GeomFromText('POINT(-81.6512 32.9335)',4326), null, null, '2021-02-26T16:09:30.201580Z', null, '98a61f29-18a8-430a-9d02-0f53486e0984', '6b60b4e6-ff3a-4b8a-8426-93347824588f', '00000000-0000-0000-0000-000000000000', null),
('9e1b87a5-2c84-45fb-8c52-d46acaef525d', False, 'beaverdam-creek-near-sardis-ga', 'BEAVERDAM CREEK NEAR SARDIS, GA', null, ST_GeomFromText('POINT(-81.8154 32.9377)',4326), null, null, '2021-02-26T16:09:30.538612Z', null, '98a61f29-18a8-430a-9d02-0f53486e0984', '6b60b4e6-ff3a-4b8a-8426-93347824588f', '00000000-0000-0000-0000-000000000000', null),
('8ed22f3a-2490-4a4b-afb9-7afd853ff491', False, 'ebenezer-creek-at-springfield-ga', 'EBENEZER CREEK AT SPRINGFIELD, GA', null, ST_GeomFromText('POINT(-81.2973 32.3657)',4326), null, null, '2021-02-26T16:09:30.874394Z', null, '98a61f29-18a8-430a-9d02-0f53486e0984', '6b60b4e6-ff3a-4b8a-8426-93347824588f', '00000000-0000-0000-0000-000000000000', null),
('b6217f54-1741-4a6c-93d0-547f9cdec38c', False, '02198745', '02198745', null, ST_GeomFromText('POINT(-81.1615 32.3532)',4326), null, null, '2021-02-26T16:09:31.289548Z', null, '98a61f29-18a8-430a-9d02-0f53486e0984', '6b60b4e6-ff3a-4b8a-8426-93347824588f', '00000000-0000-0000-0000-000000000000', null),
('07d31ac3-4db3-4ffb-a1fa-8097ed5ca9a6', False, '02198768', '02198768', null, ST_GeomFromText('POINT(-81.1464 32.3003)',4326), null, null, '2021-02-26T16:09:31.825980Z', null, '98a61f29-18a8-430a-9d02-0f53486e0984', '6b60b4e6-ff3a-4b8a-8426-93347824588f', '00000000-0000-0000-0000-000000000000', null),
('402a8b7e-688a-4fca-9b1d-31fc77391bd0', False, 'abercorn-creek-near-savannah-ga', 'ABERCORN CREEK NEAR SAVANNAH,GA', null, ST_GeomFromText('POINT(-81.1782 32.2558)',4326), null, null, '2021-02-26T16:09:32.275690Z', null, '98a61f29-18a8-430a-9d02-0f53486e0984', '6b60b4e6-ff3a-4b8a-8426-93347824588f', '00000000-0000-0000-0000-000000000000', null),
('62454df9-d25f-4d7a-8647-948f7c8393f4', False, 'savannah-river-i-95-near-port-wentworth-ga', 'SAVANNAH RIVER (I-95) NEAR PORT WENTWORTH, GA', null, ST_GeomFromText('POINT(-81.1512 32.2358)',4326), null, null, '2021-02-26T16:09:32.618794Z', null, '98a61f29-18a8-430a-9d02-0f53486e0984', '6b60b4e6-ff3a-4b8a-8426-93347824588f', '00000000-0000-0000-0000-000000000000', null),
('47be997a-168a-4f2d-a860-8b95476d0f09', False, 'savannah-river-at-ga-25-at-port-wentworth-ga', 'SAVANNAH RIVER AT GA 25, AT PORT WENTWORTH, GA', null, ST_GeomFromText('POINT(-81.1537 32.166)',4326), null, null, '2021-02-26T16:09:32.950275Z', null, '98a61f29-18a8-430a-9d02-0f53486e0984', '6b60b4e6-ff3a-4b8a-8426-93347824588f', '00000000-0000-0000-0000-000000000000', null),
('c5658c8e-cc5c-4ee8-990a-154bb4b9aa79', False, 'middle-river-at-ga-25-at-port-wentworth-ga', 'MIDDLE RIVER AT GA 25 AT PORT WENTWORTH, GA', null, ST_GeomFromText('POINT(-81.1383 32.1656)',4326), null, null, '2021-02-26T16:09:33.276355Z', null, '98a61f29-18a8-430a-9d02-0f53486e0984', '6b60b4e6-ff3a-4b8a-8426-93347824588f', '00000000-0000-0000-0000-000000000000', null),
('a26f2105-23e4-4331-ba82-d3c5d9e777f5', False, 'savannah-river-at-usace-dock-at-savannah-ga', 'SAVANNAH RIVER AT USACE DOCK, AT SAVANNAH, GA', null, ST_GeomFromText('POINT(-81.0812 32.081)',4326), null, null, '2021-02-26T16:09:33.619688Z', null, '98a61f29-18a8-430a-9d02-0f53486e0984', '6b60b4e6-ff3a-4b8a-8426-93347824588f', '00000000-0000-0000-0000-000000000000', null),
('79b365ba-f543-456e-bf40-01dd7d515bcf', False, 'l-back-river-above-lucknow-canal-nr-limehouse-sc', 'L BACK RIVER ABOVE LUCKNOW CANAL, NR LIMEHOUSE, SC', null, ST_GeomFromText('POINT(-81.1179 32.1858)',4326), null, null, '2021-02-26T16:09:33.953347Z', null, '98a61f29-18a8-430a-9d02-0f53486e0984', '6b60b4e6-ff3a-4b8a-8426-93347824588f', '00000000-0000-0000-0000-000000000000', null),
('c2034ba0-a672-42ce-87ef-1f12b2faa79a', False, 'little-back-river-at-f&w-dock-near-limehouse-sc', 'LITTLE BACK RIVER AT F&W DOCK, NEAR LIMEHOUSE, SC', null, ST_GeomFromText('POINT(-81.1182 32.1708)',4326), null, null, '2021-02-26T16:09:34.288064Z', null, '98a61f29-18a8-430a-9d02-0f53486e0984', '6b60b4e6-ff3a-4b8a-8426-93347824588f', '00000000-0000-0000-0000-000000000000', null),
('f539acc2-c718-45e6-892a-d6d150317e6f', False, 'little-back-river-at-ga-25-at-port-wentworth-ga', 'LITTLE BACK RIVER AT GA 25 AT PORT WENTWORTH, GA', null, ST_GeomFromText('POINT(-81.13 32.1658)',4326), null, null, '2021-02-26T16:09:34.771337Z', null, '98a61f29-18a8-430a-9d02-0f53486e0984', '6b60b4e6-ff3a-4b8a-8426-93347824588f', '00000000-0000-0000-0000-000000000000', null),
('d8e7ebe1-2e78-4f57-82b4-53a3432c81cc', False, 'savannah-river-at-fort-pulaski-ga', 'SAVANNAH RIVER AT FORT PULASKI, GA', null, ST_GeomFromText('POINT(-80.9032 32.0341)',4326), null, null, '2021-02-26T16:09:35.096902Z', null, '98a61f29-18a8-430a-9d02-0f53486e0984', '6b60b4e6-ff3a-4b8a-8426-93347824588f', '00000000-0000-0000-0000-000000000000', null),
('97fd6c25-af34-4579-b2a6-9141d03b13de', False, 'south-channel-savannah-river-near-savannah-ga', 'SOUTH CHANNEL (SAVANNAH RIVER) NEAR SAVANNAH, GA', null, ST_GeomFromText('POINT(-81.0023 32.0827)',4326), null, null, '2021-02-26T16:09:35.413223Z', null, '98a61f29-18a8-430a-9d02-0f53486e0984', '6b60b4e6-ff3a-4b8a-8426-93347824588f', '00000000-0000-0000-0000-000000000000', null),
('f6d7ffe0-a7f4-4b5e-b720-1f935f4e1616', False, 'twelvemile-creek-near-liberty-sc', 'TWELVEMILE CREEK NEAR LIBERTY, SC', null, ST_GeomFromText('POINT(-82.7485 34.8015)',4326), null, null, '2021-02-26T16:09:35.751159Z', null, '98a61f29-18a8-430a-9d02-0f53486e0984', '6b60b4e6-ff3a-4b8a-8426-93347824588f', '00000000-0000-0000-0000-000000000000', null),
('2a6b30d6-d2eb-4c9a-b35f-1285108455ef', False, 'eighteenmile-creek-above-pendleton-sc', 'EIGHTEENMILE CREEK ABOVE PENDLETON, SC', null, ST_GeomFromText('POINT(-82.7988 34.659)',4326), null, null, '2021-02-26T16:09:36.091172Z', null, '98a61f29-18a8-430a-9d02-0f53486e0984', '6b60b4e6-ff3a-4b8a-8426-93347824588f', '00000000-0000-0000-0000-000000000000', null),
('91da2bf4-ffd7-43bf-a8e7-f0dd04311a58', False, 'hartwell-lake-near-anderson-sc', 'HARTWELL LAKE NEAR ANDERSON, SC', null, ST_GeomFromText('POINT(-82.8161 34.475)',4326), null, null, '2021-02-26T16:09:36.427974Z', null, '98a61f29-18a8-430a-9d02-0f53486e0984', '6b60b4e6-ff3a-4b8a-8426-93347824588f', '00000000-0000-0000-0000-000000000000', null),
('4d6d85d1-c779-42ad-9cb1-3cafc0a0bcd5', False, 'rocky-river-nr-starr-sc', 'ROCKY RIVER NR STARR, SC', null, ST_GeomFromText('POINT(-82.5774 34.3832)',4326), null, null, '2021-02-26T16:09:36.786921Z', null, '98a61f29-18a8-430a-9d02-0f53486e0984', '6b60b4e6-ff3a-4b8a-8426-93347824588f', '00000000-0000-0000-0000-000000000000', null),
('d2a58327-b9bf-4862-915c-dcc82878ea05', False, 'russell-lake-above-calhoun-falls-sc', 'RUSSELL LAKE ABOVE CALHOUN FALLS, SC', null, ST_GeomFromText('POINT(-82.6181 34.1011)',4326), null, null, '2021-02-26T16:09:37.120125Z', null, '98a61f29-18a8-430a-9d02-0f53486e0984', '6b60b4e6-ff3a-4b8a-8426-93347824588f', '00000000-0000-0000-0000-000000000000', null),
('269bc11e-2bf1-4d98-86b2-977f75e4e1fb', False, 'little-river-near-mt.-carmel-sc', 'LITTLE RIVER NEAR MT. CARMEL, SC', null, ST_GeomFromText('POINT(-82.5007 34.0715)',4326), null, null, '2021-02-26T16:09:37.498970Z', null, '98a61f29-18a8-430a-9d02-0f53486e0984', '6b60b4e6-ff3a-4b8a-8426-93347824588f', '00000000-0000-0000-0000-000000000000', null),
('798a93e4-0fd7-402f-8c2b-65a8a0850ea2', False, 'thurmond-lake-near-plum-branch-sc', 'THURMOND LAKE NEAR PLUM BRANCH, SC', null, ST_GeomFromText('POINT(-82.3506 33.8403)',4326), null, null, '2021-02-26T16:09:37.818496Z', null, '98a61f29-18a8-430a-9d02-0f53486e0984', '6b60b4e6-ff3a-4b8a-8426-93347824588f', '00000000-0000-0000-0000-000000000000', null),
('f2c66c58-3f34-4f92-a46d-848c62764499', False, 'savannah-river-near-evans-ga', 'SAVANNAH RIVER NEAR EVANS, GA', null, ST_GeomFromText('POINT(-82.1232 33.5929)',4326), null, null, '2021-02-26T16:09:38.168425Z', null, '98a61f29-18a8-430a-9d02-0f53486e0984', '6b60b4e6-ff3a-4b8a-8426-93347824588f', '00000000-0000-0000-0000-000000000000', null),
('91b3ca6b-8fab-40b3-8911-35beb879f823', False, 'stevens-creek-near-modoc-sc', 'STEVENS CREEK NEAR MODOC, SC', null, ST_GeomFromText('POINT(-82.1818 33.7293)',4326), null, null, '2021-02-26T16:09:38.518760Z', null, '98a61f29-18a8-430a-9d02-0f53486e0984', '6b60b4e6-ff3a-4b8a-8426-93347824588f', '00000000-0000-0000-0000-000000000000', null),
('aa4f72e5-1fea-4ae6-b7cb-8a7b05579120', False, 'savannah-rvr-at-stevens-creek-dam-nr-morgana-sc', 'SAVANNAH RVR AT STEVENS CREEK DAM NR MORGANA, SC', null, ST_GeomFromText('POINT(-82.051 33.5629)',4326), null, null, '2021-02-26T16:09:38.873525Z', null, '98a61f29-18a8-430a-9d02-0f53486e0984', '6b60b4e6-ff3a-4b8a-8426-93347824588f', '00000000-0000-0000-0000-000000000000', null),
('fbcac5af-25a7-4e23-be64-ecf18c9fe23e', False, 'augusta-canal-nr-augusta-ga-upper', 'AUGUSTA CANAL NR AUGUSTA, GA (UPPER)', null, ST_GeomFromText('POINT(-82.0379 33.5493)',4326), null, null, '2021-02-26T16:09:39.333603Z', null, '98a61f29-18a8-430a-9d02-0f53486e0984', '6b60b4e6-ff3a-4b8a-8426-93347824588f', '00000000-0000-0000-0000-000000000000', null),
('abd86a4b-db70-4aac-b397-96fa6fee821a', False, 'horse-creek-at-clearwater-sc', 'HORSE CREEK AT CLEARWATER, SC', null, ST_GeomFromText('POINT(-81.8971 33.4849)',4326), null, null, '2021-02-26T16:09:39.687290Z', null, '98a61f29-18a8-430a-9d02-0f53486e0984', '6b60b4e6-ff3a-4b8a-8426-93347824588f', '00000000-0000-0000-0000-000000000000', null),
('c2013f5c-ac88-44cb-a33e-f0ed8d2d8109', False, '021970161', '021970161', null, ST_GeomFromText('POINT(-82.1572 33.39)',4326), null, null, '2021-02-26T16:09:40.044009Z', null, '98a61f29-18a8-430a-9d02-0f53486e0984', '6b60b4e6-ff3a-4b8a-8426-93347824588f', '00000000-0000-0000-0000-000000000000', null),
('cc927dcf-5a23-460b-b7ec-dc731374edaa', False, 'savannah-r-at-burtons-ferry-br-nr-millhaven-ga', 'SAVANNAH R AT BURTONS FERRY BR NR MILLHAVEN, GA', null, ST_GeomFromText('POINT(-81.5026 32.939)',4326), null, null, '2021-02-26T16:09:40.445899Z', null, '98a61f29-18a8-430a-9d02-0f53486e0984', '6b60b4e6-ff3a-4b8a-8426-93347824588f', '00000000-0000-0000-0000-000000000000', null),
('87d871a1-3a41-4442-b61d-bd65e3ac7b8d', False, 'savannah-river-near-estill-sc', 'SAVANNAH RIVER NEAR ESTILL, SC', null, ST_GeomFromText('POINT(-81.4283 32.7033)',4326), null, null, '2021-02-26T16:09:40.775784Z', null, '98a61f29-18a8-430a-9d02-0f53486e0984', '6b60b4e6-ff3a-4b8a-8426-93347824588f', '00000000-0000-0000-0000-000000000000', null),
('47b3ed3c-bee7-427f-9174-4c0bc84a5685', False, 'savannah-river-near-clyo-ga', 'SAVANNAH RIVER NEAR CLYO, GA', null, ST_GeomFromText('POINT(-81.2687 32.5282)',4326), null, null, '2021-02-26T16:09:41.109618Z', null, '98a61f29-18a8-430a-9d02-0f53486e0984', '6b60b4e6-ff3a-4b8a-8426-93347824588f', '00000000-0000-0000-0000-000000000000', null),
('82fc7100-670d-4076-9292-5e4020aa9478', False, 'savannah-river-above-hardeeville-sc', 'SAVANNAH RIVER ABOVE HARDEEVILLE, SC', null, ST_GeomFromText('POINT(-81.1284 32.3394)',4326), null, null, '2021-02-26T16:09:41.432761Z', null, '98a61f29-18a8-430a-9d02-0f53486e0984', '6b60b4e6-ff3a-4b8a-8426-93347824588f', '00000000-0000-0000-0000-000000000000', null);

--INSERT INSTRUMENT STATUS--
INSERT INTO public.instrument_status(id, instrument_id, status_id, "time")
 VALUES 
('d3341980-0a2c-45ea-b691-4c9e90bd6d6c', '23655b91-27a8-4f46-90d2-fe92c12c321a', 'e26ba2ef-9b52-4c71-97df-9e4b6cf4174d', '2021-02-26T16:09:23.087564Z'),
('d1653ed8-ad2c-42d5-820d-452e229e01ed', 'd7e9e70e-4612-4904-891a-95899b1e9cbb', 'e26ba2ef-9b52-4c71-97df-9e4b6cf4174d', '2021-02-26T16:09:23.440717Z'),
('8611c05f-deea-459d-b1a3-e29a9b39bc55', '1d6ae3ce-7e9a-4cb3-8aff-efeefd4da85e', 'e26ba2ef-9b52-4c71-97df-9e4b6cf4174d', '2021-02-26T16:09:23.788392Z'),
('4b56e7c0-0260-4fa2-bb65-c234557dcad0', 'e2acbc5a-c694-4bf8-aa2d-4a6e5cd66a04', 'e26ba2ef-9b52-4c71-97df-9e4b6cf4174d', '2021-02-26T16:09:24.507833Z'),
('3f217a83-4096-478c-bbe4-291444d4bab9', 'd8ee2a9b-baca-4ac2-840f-ee674abc4dd5', 'e26ba2ef-9b52-4c71-97df-9e4b6cf4174d', '2021-02-26T16:09:24.941166Z'),
('eee550c2-83c3-4017-9384-af247623fa83', 'b31fcde3-71a6-4c96-9db4-f7b024a159a9', 'e26ba2ef-9b52-4c71-97df-9e4b6cf4174d', '2021-02-26T16:09:25.274574Z'),
('0faed840-c5dc-4019-a51a-b6514db68e51', 'ea5fb959-5791-4150-a7db-b01691f9bae2', 'e26ba2ef-9b52-4c71-97df-9e4b6cf4174d', '2021-02-26T16:09:25.714667Z'),
('74691e0b-855f-4f9b-af5d-a24ca778ae03', '4043173a-17bb-47d8-b1b9-507075443cb0', 'e26ba2ef-9b52-4c71-97df-9e4b6cf4174d', '2021-02-26T16:09:26.087162Z'),
('06f74996-bcfa-48e0-96a6-9bf97b48e13f', 'b360d2a9-7314-42a3-be5d-a69662d69e55', 'e26ba2ef-9b52-4c71-97df-9e4b6cf4174d', '2021-02-26T16:09:26.477913Z'),
('a6c7bfa0-36b0-486b-853d-00cfcf13e296', '461dd041-66a1-422e-a0b6-ed9ae7f7c3a1', 'e26ba2ef-9b52-4c71-97df-9e4b6cf4174d', '2021-02-26T16:09:26.891083Z'),
('d786551b-c12a-4354-adce-8720ed414da8', '9f1e159e-0e94-4232-a61e-a426294aac5d', 'e26ba2ef-9b52-4c71-97df-9e4b6cf4174d', '2021-02-26T16:09:27.232879Z'),
('e3848abb-d4d5-41a2-961a-c851fc15259e', '890a95de-c578-419d-849c-7ce1679ec6b8', 'e26ba2ef-9b52-4c71-97df-9e4b6cf4174d', '2021-02-26T16:09:27.674912Z'),
('36af2c83-ffd0-49aa-9f3c-3681740a6b82', 'b5b9f77f-94bc-4f48-b1c6-e47b208966fb', 'e26ba2ef-9b52-4c71-97df-9e4b6cf4174d', '2021-02-26T16:09:28.027742Z'),
('0c587647-e1c7-4d86-aa55-21caf509ba03', '69309767-e07c-474a-9ad6-d38d19599dae', 'e26ba2ef-9b52-4c71-97df-9e4b6cf4174d', '2021-02-26T16:09:28.364640Z'),
('f87e2b47-ea03-4fd9-9a06-768e4ba88e5b', '98c94154-b54a-44a0-b5ab-bc69127ff297', 'e26ba2ef-9b52-4c71-97df-9e4b6cf4174d', '2021-02-26T16:09:28.944124Z'),
('22043f2a-a80d-49be-b79d-16ea56da9ad6', '0b941abe-45b7-470f-8c64-1a90f770dc08', 'e26ba2ef-9b52-4c71-97df-9e4b6cf4174d', '2021-02-26T16:09:29.318453Z'),
('fec27278-7bce-470f-9263-5091235f7ab7', 'cce37bfe-98a0-4e16-8b15-2ad8831ca912', 'e26ba2ef-9b52-4c71-97df-9e4b6cf4174d', '2021-02-26T16:09:29.766902Z'),
('e2674fcd-8e92-4645-afe1-5e99fa862344', 'eaea76f8-0ef4-44f5-ad78-7c7286facf98', 'e26ba2ef-9b52-4c71-97df-9e4b6cf4174d', '2021-02-26T16:09:30.201580Z'),
('1796a164-5834-45bc-bcf2-fdbbef78be31', '9e1b87a5-2c84-45fb-8c52-d46acaef525d', 'e26ba2ef-9b52-4c71-97df-9e4b6cf4174d', '2021-02-26T16:09:30.538612Z'),
('f4347278-c879-4d93-b60b-51826cfbac44', '8ed22f3a-2490-4a4b-afb9-7afd853ff491', 'e26ba2ef-9b52-4c71-97df-9e4b6cf4174d', '2021-02-26T16:09:30.874394Z'),
('41af6316-0127-4d12-93ca-52537be7a29f', 'b6217f54-1741-4a6c-93d0-547f9cdec38c', 'e26ba2ef-9b52-4c71-97df-9e4b6cf4174d', '2021-02-26T16:09:31.289548Z'),
('3c786d13-7d17-45ee-a1c5-90013db0a270', '07d31ac3-4db3-4ffb-a1fa-8097ed5ca9a6', 'e26ba2ef-9b52-4c71-97df-9e4b6cf4174d', '2021-02-26T16:09:31.825980Z'),
('86b0d77b-a3e3-4b8f-be16-41168ffaa0c2', '402a8b7e-688a-4fca-9b1d-31fc77391bd0', 'e26ba2ef-9b52-4c71-97df-9e4b6cf4174d', '2021-02-26T16:09:32.275690Z'),
('6292b1cb-c20f-4e2a-9f28-b54ce879a8db', '62454df9-d25f-4d7a-8647-948f7c8393f4', 'e26ba2ef-9b52-4c71-97df-9e4b6cf4174d', '2021-02-26T16:09:32.618794Z'),
('7e0b4da6-5b02-4845-8faf-650cb29db23b', '47be997a-168a-4f2d-a860-8b95476d0f09', 'e26ba2ef-9b52-4c71-97df-9e4b6cf4174d', '2021-02-26T16:09:32.950275Z'),
('647329f4-c188-4260-9538-dbe100ae0127', 'c5658c8e-cc5c-4ee8-990a-154bb4b9aa79', 'e26ba2ef-9b52-4c71-97df-9e4b6cf4174d', '2021-02-26T16:09:33.276355Z'),
('998b084c-8cb8-4361-be0f-8141e29b1bb8', 'a26f2105-23e4-4331-ba82-d3c5d9e777f5', 'e26ba2ef-9b52-4c71-97df-9e4b6cf4174d', '2021-02-26T16:09:33.619688Z'),
('04d635ea-f995-4315-b99a-7aa42f3bc2cc', '79b365ba-f543-456e-bf40-01dd7d515bcf', 'e26ba2ef-9b52-4c71-97df-9e4b6cf4174d', '2021-02-26T16:09:33.953347Z'),
('396419e4-c9ca-4dc8-ac9c-aeb77e8af13f', 'c2034ba0-a672-42ce-87ef-1f12b2faa79a', 'e26ba2ef-9b52-4c71-97df-9e4b6cf4174d', '2021-02-26T16:09:34.288064Z'),
('ce5be91e-0575-4adf-b2cf-0aaf344b42e7', 'f539acc2-c718-45e6-892a-d6d150317e6f', 'e26ba2ef-9b52-4c71-97df-9e4b6cf4174d', '2021-02-26T16:09:34.771337Z'),
('3ad591ab-0087-46bf-a027-9293fe0096bd', 'd8e7ebe1-2e78-4f57-82b4-53a3432c81cc', 'e26ba2ef-9b52-4c71-97df-9e4b6cf4174d', '2021-02-26T16:09:35.096902Z'),
('b074ebc7-aad8-4bb3-a6b3-a5756d47f7bb', '97fd6c25-af34-4579-b2a6-9141d03b13de', 'e26ba2ef-9b52-4c71-97df-9e4b6cf4174d', '2021-02-26T16:09:35.413223Z'),
('782eb0bd-73f0-4a5a-8ffd-cff071f469f2', 'f6d7ffe0-a7f4-4b5e-b720-1f935f4e1616', 'e26ba2ef-9b52-4c71-97df-9e4b6cf4174d', '2021-02-26T16:09:35.751159Z'),
('f0f7a20a-0040-44a2-87ba-6d983a71de7d', '2a6b30d6-d2eb-4c9a-b35f-1285108455ef', 'e26ba2ef-9b52-4c71-97df-9e4b6cf4174d', '2021-02-26T16:09:36.091172Z'),
('48f54598-9cd8-44ef-9722-8fd327ae490c', '91da2bf4-ffd7-43bf-a8e7-f0dd04311a58', 'e26ba2ef-9b52-4c71-97df-9e4b6cf4174d', '2021-02-26T16:09:36.427974Z'),
('e80beaad-a5fc-48dc-bb22-7c3c7824b8cd', '4d6d85d1-c779-42ad-9cb1-3cafc0a0bcd5', 'e26ba2ef-9b52-4c71-97df-9e4b6cf4174d', '2021-02-26T16:09:36.786921Z'),
('42c16aac-689e-4c35-b652-1b6e124b43b1', 'd2a58327-b9bf-4862-915c-dcc82878ea05', 'e26ba2ef-9b52-4c71-97df-9e4b6cf4174d', '2021-02-26T16:09:37.120125Z'),
('1212b87f-3b4d-4f77-9e87-3a9e44ae6b77', '269bc11e-2bf1-4d98-86b2-977f75e4e1fb', 'e26ba2ef-9b52-4c71-97df-9e4b6cf4174d', '2021-02-26T16:09:37.498970Z'),
('66e9169a-0f32-47ad-83cc-62c21edebdf3', '798a93e4-0fd7-402f-8c2b-65a8a0850ea2', 'e26ba2ef-9b52-4c71-97df-9e4b6cf4174d', '2021-02-26T16:09:37.818496Z'),
('d2608359-8d0b-4c93-a7f9-a2e845403857', 'f2c66c58-3f34-4f92-a46d-848c62764499', 'e26ba2ef-9b52-4c71-97df-9e4b6cf4174d', '2021-02-26T16:09:38.168425Z'),
('4b7909f4-890b-423d-9dc5-b9fe1a22af30', '91b3ca6b-8fab-40b3-8911-35beb879f823', 'e26ba2ef-9b52-4c71-97df-9e4b6cf4174d', '2021-02-26T16:09:38.518760Z'),
('b9e54e5b-2ba5-4725-a5ff-551201a66ced', 'aa4f72e5-1fea-4ae6-b7cb-8a7b05579120', 'e26ba2ef-9b52-4c71-97df-9e4b6cf4174d', '2021-02-26T16:09:38.873525Z'),
('04e63d69-101e-40a1-b012-0197db285ee1', 'fbcac5af-25a7-4e23-be64-ecf18c9fe23e', 'e26ba2ef-9b52-4c71-97df-9e4b6cf4174d', '2021-02-26T16:09:39.333603Z'),
('5daacd8a-4585-4a9b-be41-d740cf7d1445', 'abd86a4b-db70-4aac-b397-96fa6fee821a', 'e26ba2ef-9b52-4c71-97df-9e4b6cf4174d', '2021-02-26T16:09:39.687290Z'),
('37d30fbb-f3d5-43ba-8070-9e4cb9b4acf1', 'c2013f5c-ac88-44cb-a33e-f0ed8d2d8109', 'e26ba2ef-9b52-4c71-97df-9e4b6cf4174d', '2021-02-26T16:09:40.044009Z'),
('4e8c7967-b9a4-4f03-8c9c-eb1f7bb08fd3', 'cc927dcf-5a23-460b-b7ec-dc731374edaa', 'e26ba2ef-9b52-4c71-97df-9e4b6cf4174d', '2021-02-26T16:09:40.445899Z'),
('cb617e90-75e6-4c5a-8af9-b48f76d5ff11', '87d871a1-3a41-4442-b61d-bd65e3ac7b8d', 'e26ba2ef-9b52-4c71-97df-9e4b6cf4174d', '2021-02-26T16:09:40.775784Z'),
('e10499bd-f7b7-47d6-ae2f-9b584a9288da', '47b3ed3c-bee7-427f-9174-4c0bc84a5685', 'e26ba2ef-9b52-4c71-97df-9e4b6cf4174d', '2021-02-26T16:09:41.109618Z'),
('bafa0166-76c3-44e7-af49-0b436c3a6057', '82fc7100-670d-4076-9292-5e4020aa9478', 'e26ba2ef-9b52-4c71-97df-9e4b6cf4174d', '2021-02-26T16:09:41.432761Z');

--INSERT TELEMETRY_GOES--COUNT:43
INSERT INTO public.telemetry_goes (id, nesdis_id) 
VALUES
('9cfbb368-ba2f-4c83-bf6b-c865b7207e19', 'DE203122'),
('7d3defc0-04e1-4927-b352-eccaa198d361', '17ACC13E'),
('38d373aa-5338-423f-9707-6e307b26b6c2', 'DE25E08A'),
('ed98a00e-d66f-4fd9-b96d-4a54ae168220', 'CE8771CE'),
('1d32c7d1-a087-4d86-ad88-5dc0e1451f68', 'DE15F58C'),
('83d7624e-0039-420b-a895-8105a7dac32e', 'DD8D036E'),
('3bc7eaae-3b0e-4618-bd4b-db911b8c2695', 'DE160206'),
('0f6e8bf1-4f74-46e2-ada8-61afb8ca4b74', '17E731CE'),
('f820689b-eee0-4e80-9969-562aaba76ff5', 'CE8721B2'),
('9b782ecb-b6ee-4386-8dcd-0fca8ce286a8', '17F2177C'),
('c96a3d0d-482a-4e60-83f8-2131dde32ffb', 'DD22D5C2'),
('63a846e3-d6bc-471b-9e25-a678cc50aed9', '17E7475E'),
('6939f9b2-9f74-4835-afb5-d6850ec8a2bd', 'DD64F03C'),
('14fe6290-9bf5-4f17-b63e-c098c01eae28', 'DDB645BC'),
('fffd0074-3185-45b1-b700-2891cc93de84', 'DDB0A680'),
('366808ef-77d3-42c7-895e-d28fc24e3f7c', 'DD49F2B4'),
('66b94b17-9996-4f0f-a15c-590b055d2bba', 'DD4A1648'),
('744be5f9-eafa-4bfa-96c9-a2c4c1db521a', '17B5F566'),
('d75a9459-5272-4d6f-85d1-1c160fdb8aa1', '17B6670A'),
('89dc5489-764c-4b5b-97eb-fc3626d000f1', '17456210'),
('7d3c8ba8-20ca-4f0a-a9cd-73d94e3aa53b', '17D33284'),
('20d68962-0e78-49f8-9e33-381646311244', 'DD24C67A'),
('03d8c7a6-2672-43cf-b4b5-9d471eb1ce8d', '17B71360'),
('c894fe0e-7514-4efc-b9a4-b20b304be13c', '17CDA410'),
('88bfbb64-8e3c-4c17-aa27-6384d68e584e', '17B6E11E'),
('168e280a-2d35-44d2-8b50-7ef034017397', '17CD610E'),
('0ee8cf47-ee4f-4051-aa49-7a79f3e1eabc', 'CE87923C'),
('d585dbfd-1ffe-4584-ab7f-f44c18ace97e', '17055456'),
('7e938e15-a9b5-456d-b593-0438fd6ddaa7', 'CE87814A'),
('d4947ba0-5137-4c99-8ee3-bc217d4cb5e1', 'CE8762B8'),
('99a12e1c-b4dd-46a1-a44a-792e18576153', 'CE875722'),
('0902a7ad-3652-4454-adc0-ce0a4027b31b', 'CE874454'),
('fc09f56e-1862-4906-ac82-eedad2e7ed43', 'CE871428'),
('b1ee5075-c067-4232-946e-3b48d9ebf77e', 'CE87075E'),
('1d48830d-99f6-476d-87cc-9df2f6ed730a', 'DD2CC2DC'),
('1ed901cd-453e-44b6-ab52-019e59ea577f', 'CE87E4AC'),
('b619fc6d-5dd4-4f71-9a1d-5f06da3b82ec', '17EAE4C0'),
('ca26cdbb-413b-496c-ab7d-b1a8bc9fc86e', 'CE87F7DA'),
('b304576d-1a4b-4047-8c15-068b1d79c567', 'DE25D510'),
('9abd694a-364d-4b0b-ae4c-f4ee6ce90fb6', 'CE86B62A'),
('30cbccfb-c139-4b37-8a62-9f5b83a0b7ca', 'DE0CA432'),
('c63f1ff0-2825-432a-8e51-875df68a940f', 'D11C04F8'),
('eb4fd588-e88e-4be0-8b72-32e0b5659d06', 'DE0CD2A2');

--INSERT INSTRUMENT_TELEMETRY--COUNT:43
INSERT INTO public.instrument_telemetry (instrument_id, telemetry_type_id, telemetry_id) 
VALUES
('23655b91-27a8-4f46-90d2-fe92c12c321a', '10a32652-af43-4451-bd52-4980c5690cc9', '9cfbb368-ba2f-4c83-bf6b-c865b7207e19'),
('d7e9e70e-4612-4904-891a-95899b1e9cbb', '10a32652-af43-4451-bd52-4980c5690cc9', '7d3defc0-04e1-4927-b352-eccaa198d361'),
('d8ee2a9b-baca-4ac2-840f-ee674abc4dd5', '10a32652-af43-4451-bd52-4980c5690cc9', '38d373aa-5338-423f-9707-6e307b26b6c2'),
('b31fcde3-71a6-4c96-9db4-f7b024a159a9', '10a32652-af43-4451-bd52-4980c5690cc9', 'ed98a00e-d66f-4fd9-b96d-4a54ae168220'),
('ea5fb959-5791-4150-a7db-b01691f9bae2', '10a32652-af43-4451-bd52-4980c5690cc9', '1d32c7d1-a087-4d86-ad88-5dc0e1451f68'),
('4043173a-17bb-47d8-b1b9-507075443cb0', '10a32652-af43-4451-bd52-4980c5690cc9', '83d7624e-0039-420b-a895-8105a7dac32e'),
('b360d2a9-7314-42a3-be5d-a69662d69e55', '10a32652-af43-4451-bd52-4980c5690cc9', '3bc7eaae-3b0e-4618-bd4b-db911b8c2695'),
('461dd041-66a1-422e-a0b6-ed9ae7f7c3a1', '10a32652-af43-4451-bd52-4980c5690cc9', '0f6e8bf1-4f74-46e2-ada8-61afb8ca4b74'),
('9f1e159e-0e94-4232-a61e-a426294aac5d', '10a32652-af43-4451-bd52-4980c5690cc9', 'f820689b-eee0-4e80-9969-562aaba76ff5'),
('890a95de-c578-419d-849c-7ce1679ec6b8', '10a32652-af43-4451-bd52-4980c5690cc9', '9b782ecb-b6ee-4386-8dcd-0fca8ce286a8'),
('b5b9f77f-94bc-4f48-b1c6-e47b208966fb', '10a32652-af43-4451-bd52-4980c5690cc9', 'c96a3d0d-482a-4e60-83f8-2131dde32ffb'),
('69309767-e07c-474a-9ad6-d38d19599dae', '10a32652-af43-4451-bd52-4980c5690cc9', '63a846e3-d6bc-471b-9e25-a678cc50aed9'),
('98c94154-b54a-44a0-b5ab-bc69127ff297', '10a32652-af43-4451-bd52-4980c5690cc9', '6939f9b2-9f74-4835-afb5-d6850ec8a2bd'),
('0b941abe-45b7-470f-8c64-1a90f770dc08', '10a32652-af43-4451-bd52-4980c5690cc9', '14fe6290-9bf5-4f17-b63e-c098c01eae28'),
('eaea76f8-0ef4-44f5-ad78-7c7286facf98', '10a32652-af43-4451-bd52-4980c5690cc9', 'fffd0074-3185-45b1-b700-2891cc93de84'),
('9e1b87a5-2c84-45fb-8c52-d46acaef525d', '10a32652-af43-4451-bd52-4980c5690cc9', '366808ef-77d3-42c7-895e-d28fc24e3f7c'),
('8ed22f3a-2490-4a4b-afb9-7afd853ff491', '10a32652-af43-4451-bd52-4980c5690cc9', '66b94b17-9996-4f0f-a15c-590b055d2bba'),
('b6217f54-1741-4a6c-93d0-547f9cdec38c', '10a32652-af43-4451-bd52-4980c5690cc9', '744be5f9-eafa-4bfa-96c9-a2c4c1db521a'),
('07d31ac3-4db3-4ffb-a1fa-8097ed5ca9a6', '10a32652-af43-4451-bd52-4980c5690cc9', 'd75a9459-5272-4d6f-85d1-1c160fdb8aa1'),
('402a8b7e-688a-4fca-9b1d-31fc77391bd0', '10a32652-af43-4451-bd52-4980c5690cc9', '89dc5489-764c-4b5b-97eb-fc3626d000f1'),
('62454df9-d25f-4d7a-8647-948f7c8393f4', '10a32652-af43-4451-bd52-4980c5690cc9', '7d3c8ba8-20ca-4f0a-a9cd-73d94e3aa53b'),
('47be997a-168a-4f2d-a860-8b95476d0f09', '10a32652-af43-4451-bd52-4980c5690cc9', '20d68962-0e78-49f8-9e33-381646311244'),
('c5658c8e-cc5c-4ee8-990a-154bb4b9aa79', '10a32652-af43-4451-bd52-4980c5690cc9', '03d8c7a6-2672-43cf-b4b5-9d471eb1ce8d'),
('a26f2105-23e4-4331-ba82-d3c5d9e777f5', '10a32652-af43-4451-bd52-4980c5690cc9', 'c894fe0e-7514-4efc-b9a4-b20b304be13c'),
('f539acc2-c718-45e6-892a-d6d150317e6f', '10a32652-af43-4451-bd52-4980c5690cc9', '88bfbb64-8e3c-4c17-aa27-6384d68e584e'),
('97fd6c25-af34-4579-b2a6-9141d03b13de', '10a32652-af43-4451-bd52-4980c5690cc9', '168e280a-2d35-44d2-8b50-7ef034017397'),
('f6d7ffe0-a7f4-4b5e-b720-1f935f4e1616', '10a32652-af43-4451-bd52-4980c5690cc9', '0ee8cf47-ee4f-4051-aa49-7a79f3e1eabc'),
('2a6b30d6-d2eb-4c9a-b35f-1285108455ef', '10a32652-af43-4451-bd52-4980c5690cc9', 'd585dbfd-1ffe-4584-ab7f-f44c18ace97e'),
('91da2bf4-ffd7-43bf-a8e7-f0dd04311a58', '10a32652-af43-4451-bd52-4980c5690cc9', '7e938e15-a9b5-456d-b593-0438fd6ddaa7'),
('4d6d85d1-c779-42ad-9cb1-3cafc0a0bcd5', '10a32652-af43-4451-bd52-4980c5690cc9', 'd4947ba0-5137-4c99-8ee3-bc217d4cb5e1'),
('d2a58327-b9bf-4862-915c-dcc82878ea05', '10a32652-af43-4451-bd52-4980c5690cc9', '99a12e1c-b4dd-46a1-a44a-792e18576153'),
('269bc11e-2bf1-4d98-86b2-977f75e4e1fb', '10a32652-af43-4451-bd52-4980c5690cc9', '0902a7ad-3652-4454-adc0-ce0a4027b31b'),
('798a93e4-0fd7-402f-8c2b-65a8a0850ea2', '10a32652-af43-4451-bd52-4980c5690cc9', 'fc09f56e-1862-4906-ac82-eedad2e7ed43'),
('f2c66c58-3f34-4f92-a46d-848c62764499', '10a32652-af43-4451-bd52-4980c5690cc9', 'b1ee5075-c067-4232-946e-3b48d9ebf77e'),
('91b3ca6b-8fab-40b3-8911-35beb879f823', '10a32652-af43-4451-bd52-4980c5690cc9', '1d48830d-99f6-476d-87cc-9df2f6ed730a'),
('aa4f72e5-1fea-4ae6-b7cb-8a7b05579120', '10a32652-af43-4451-bd52-4980c5690cc9', '1ed901cd-453e-44b6-ab52-019e59ea577f'),
('fbcac5af-25a7-4e23-be64-ecf18c9fe23e', '10a32652-af43-4451-bd52-4980c5690cc9', 'b619fc6d-5dd4-4f71-9a1d-5f06da3b82ec'),
('abd86a4b-db70-4aac-b397-96fa6fee821a', '10a32652-af43-4451-bd52-4980c5690cc9', 'ca26cdbb-413b-496c-ab7d-b1a8bc9fc86e'),
('c2013f5c-ac88-44cb-a33e-f0ed8d2d8109', '10a32652-af43-4451-bd52-4980c5690cc9', 'b304576d-1a4b-4047-8c15-068b1d79c567'),
('cc927dcf-5a23-460b-b7ec-dc731374edaa', '10a32652-af43-4451-bd52-4980c5690cc9', '9abd694a-364d-4b0b-ae4c-f4ee6ce90fb6'),
('87d871a1-3a41-4442-b61d-bd65e3ac7b8d', '10a32652-af43-4451-bd52-4980c5690cc9', '30cbccfb-c139-4b37-8a62-9f5b83a0b7ca'),
('47b3ed3c-bee7-427f-9174-4c0bc84a5685', '10a32652-af43-4451-bd52-4980c5690cc9', 'c63f1ff0-2825-432a-8e51-875df68a940f'),
('82fc7100-670d-4076-9292-5e4020aa9478', '10a32652-af43-4451-bd52-4980c5690cc9', 'eb4fd588-e88e-4be0-8b72-32e0b5659d06');

--INSERT TIMESERIES--COUNT:49
INSERT INTO public.timeseries(id, slug, name, instrument_id, parameter_id, unit_id) 
VALUES
('a4cf70ed-a941-47ce-a015-e4ca3c82332c','stage','Stage','23655b91-27a8-4f46-90d2-fe92c12c321a', 'b49f214e-f69f-43da-9ce3-ad96042268d0', 'f777f2e2-5e32-424e-a1ca-19d16cd8abce'),
('f39df445-cb9f-441e-888f-adcf48460cb9','precipitation','Precipitation','23655b91-27a8-4f46-90d2-fe92c12c321a', '0ce77a5a-8283-47cd-9126-c440bcec4ef6', '4ee79a3d-a053-41b8-85b5-bb2eea3c9d1a'),
('226197ff-57a6-43bf-8446-9f57abfe83d7','voltage','Voltage','23655b91-27a8-4f46-90d2-fe92c12c321a', '430e5edb-e2b5-4f86-b19f-cda26a27e151', '6b5bd788-8c78-43bb-b5a3-ad544b858a64'),
('f6fa1251-54c5-4828-afdd-e5dbb78e21cc','stage','Stage','d7e9e70e-4612-4904-891a-95899b1e9cbb', 'b49f214e-f69f-43da-9ce3-ad96042268d0', 'f777f2e2-5e32-424e-a1ca-19d16cd8abce'),
('07d14f7e-3c98-44f6-925b-43e5ba1f9060','precipitation','Precipitation','d7e9e70e-4612-4904-891a-95899b1e9cbb', '0ce77a5a-8283-47cd-9126-c440bcec4ef6', '4ee79a3d-a053-41b8-85b5-bb2eea3c9d1a'),
('9a6f0c96-3423-4bcb-af6f-70adcb0a6652','voltage','Voltage','d7e9e70e-4612-4904-891a-95899b1e9cbb', '430e5edb-e2b5-4f86-b19f-cda26a27e151', '6b5bd788-8c78-43bb-b5a3-ad544b858a64'),
('4ef4c105-ec08-4f32-a5f5-5a51621cc40d','stage','Stage','1d6ae3ce-7e9a-4cb3-8aff-efeefd4da85e', 'b49f214e-f69f-43da-9ce3-ad96042268d0', 'f777f2e2-5e32-424e-a1ca-19d16cd8abce'),
('242b94a6-0525-4abc-9c5a-fb0755b4caba','precipitation','Precipitation','1d6ae3ce-7e9a-4cb3-8aff-efeefd4da85e', '0ce77a5a-8283-47cd-9126-c440bcec4ef6', '4ee79a3d-a053-41b8-85b5-bb2eea3c9d1a'),
('c46fb57e-c39e-4ae0-a015-348259cc62e0','voltage','Voltage','1d6ae3ce-7e9a-4cb3-8aff-efeefd4da85e', '430e5edb-e2b5-4f86-b19f-cda26a27e151', '6b5bd788-8c78-43bb-b5a3-ad544b858a64'),
('c278d267-6dd6-4a95-9ec8-17e82fd5d989','stage','Stage','e2acbc5a-c694-4bf8-aa2d-4a6e5cd66a04', 'b49f214e-f69f-43da-9ce3-ad96042268d0', 'f777f2e2-5e32-424e-a1ca-19d16cd8abce'),
('10c96629-cf1e-4f73-8ad0-8a239444b91d','precipitation','Precipitation','e2acbc5a-c694-4bf8-aa2d-4a6e5cd66a04', '0ce77a5a-8283-47cd-9126-c440bcec4ef6', '4ee79a3d-a053-41b8-85b5-bb2eea3c9d1a'),
('da737894-f0c0-450d-8d07-0dadc1f7d2d3','voltage','Voltage','e2acbc5a-c694-4bf8-aa2d-4a6e5cd66a04', '430e5edb-e2b5-4f86-b19f-cda26a27e151', '6b5bd788-8c78-43bb-b5a3-ad544b858a64'),
('3a77283a-d72d-4af0-8df2-d54d171e76cf','stage','Stage','d8ee2a9b-baca-4ac2-840f-ee674abc4dd5', 'b49f214e-f69f-43da-9ce3-ad96042268d0', 'f777f2e2-5e32-424e-a1ca-19d16cd8abce'),
('e1e30ccd-ef5f-4e72-b4e5-795863370168','precipitation','Precipitation','d8ee2a9b-baca-4ac2-840f-ee674abc4dd5', '0ce77a5a-8283-47cd-9126-c440bcec4ef6', '4ee79a3d-a053-41b8-85b5-bb2eea3c9d1a'),
('426098ea-4056-42c2-8c4f-fbd5ee93572a','voltage','Voltage','d8ee2a9b-baca-4ac2-840f-ee674abc4dd5', '430e5edb-e2b5-4f86-b19f-cda26a27e151', '6b5bd788-8c78-43bb-b5a3-ad544b858a64'),
('c247016b-3752-48f8-8773-6d544e3a169a','stage','Stage','b31fcde3-71a6-4c96-9db4-f7b024a159a9', 'b49f214e-f69f-43da-9ce3-ad96042268d0', 'f777f2e2-5e32-424e-a1ca-19d16cd8abce'),
('6c6499a6-3bea-4ace-9532-95db8a2a4243','precipitation','Precipitation','b31fcde3-71a6-4c96-9db4-f7b024a159a9', '0ce77a5a-8283-47cd-9126-c440bcec4ef6', '4ee79a3d-a053-41b8-85b5-bb2eea3c9d1a'),
('b90bb57d-1163-4adc-bdd0-0151f3b58e96','voltage','Voltage','b31fcde3-71a6-4c96-9db4-f7b024a159a9', '430e5edb-e2b5-4f86-b19f-cda26a27e151', '6b5bd788-8c78-43bb-b5a3-ad544b858a64'),
('f91fbd3c-f5ca-44ea-9804-7e9d593f2825','stage','Stage','ea5fb959-5791-4150-a7db-b01691f9bae2', 'b49f214e-f69f-43da-9ce3-ad96042268d0', 'f777f2e2-5e32-424e-a1ca-19d16cd8abce'),
('f264d93b-aa13-4643-893b-1f8567025f8a','precipitation','Precipitation','ea5fb959-5791-4150-a7db-b01691f9bae2', '0ce77a5a-8283-47cd-9126-c440bcec4ef6', '4ee79a3d-a053-41b8-85b5-bb2eea3c9d1a'),
('c030e887-a156-4511-ae7e-f20997c39592','voltage','Voltage','ea5fb959-5791-4150-a7db-b01691f9bae2', '430e5edb-e2b5-4f86-b19f-cda26a27e151', '6b5bd788-8c78-43bb-b5a3-ad544b858a64'),
('2924445f-c8db-4b65-a869-ef9f6f55e327','stage','Stage','4043173a-17bb-47d8-b1b9-507075443cb0', 'b49f214e-f69f-43da-9ce3-ad96042268d0', 'f777f2e2-5e32-424e-a1ca-19d16cd8abce'),
('0fb64717-2ce4-49af-b5df-b25147bf27d9','voltage','Voltage','4043173a-17bb-47d8-b1b9-507075443cb0', '430e5edb-e2b5-4f86-b19f-cda26a27e151', '6b5bd788-8c78-43bb-b5a3-ad544b858a64'),
('d820656b-e2fa-40cd-9f8e-f7dc49e66c5e','stage','Stage','b360d2a9-7314-42a3-be5d-a69662d69e55', 'b49f214e-f69f-43da-9ce3-ad96042268d0', 'f777f2e2-5e32-424e-a1ca-19d16cd8abce'),
('f25edaf1-0040-4a6b-87e6-56991060af39','voltage','Voltage','b360d2a9-7314-42a3-be5d-a69662d69e55', '430e5edb-e2b5-4f86-b19f-cda26a27e151', '6b5bd788-8c78-43bb-b5a3-ad544b858a64'),
('a3af331a-1aac-4135-ae46-56c89f53aeeb','stage','Stage','461dd041-66a1-422e-a0b6-ed9ae7f7c3a1', 'b49f214e-f69f-43da-9ce3-ad96042268d0', 'f777f2e2-5e32-424e-a1ca-19d16cd8abce'),
('0b7fbb62-63a6-48fb-b513-cbba34e4e998','precipitation','Precipitation','461dd041-66a1-422e-a0b6-ed9ae7f7c3a1', '0ce77a5a-8283-47cd-9126-c440bcec4ef6', '4ee79a3d-a053-41b8-85b5-bb2eea3c9d1a'),
('d96c5454-28ab-4a5e-85b9-e789957e3d66','voltage','Voltage','461dd041-66a1-422e-a0b6-ed9ae7f7c3a1', '430e5edb-e2b5-4f86-b19f-cda26a27e151', '6b5bd788-8c78-43bb-b5a3-ad544b858a64'),
('5a14139d-35b2-434e-96b2-cc418c50f029','stage','Stage','9f1e159e-0e94-4232-a61e-a426294aac5d', 'b49f214e-f69f-43da-9ce3-ad96042268d0', 'f777f2e2-5e32-424e-a1ca-19d16cd8abce'),
('47945ed0-58f2-43d9-b08c-2cbd150567b1','precipitation','Precipitation','9f1e159e-0e94-4232-a61e-a426294aac5d', '0ce77a5a-8283-47cd-9126-c440bcec4ef6', '4ee79a3d-a053-41b8-85b5-bb2eea3c9d1a'),
('0fb6157f-97c4-409a-8e4f-b38662e7271f','voltage','Voltage','9f1e159e-0e94-4232-a61e-a426294aac5d', '430e5edb-e2b5-4f86-b19f-cda26a27e151', '6b5bd788-8c78-43bb-b5a3-ad544b858a64'),
('33cc8bd2-b204-4cfd-bb1d-06d266bee283','stage','Stage','890a95de-c578-419d-849c-7ce1679ec6b8', 'b49f214e-f69f-43da-9ce3-ad96042268d0', 'f777f2e2-5e32-424e-a1ca-19d16cd8abce'),
('73682c90-6abc-4eb6-b553-30193833da3a','precipitation','Precipitation','890a95de-c578-419d-849c-7ce1679ec6b8', '0ce77a5a-8283-47cd-9126-c440bcec4ef6', '4ee79a3d-a053-41b8-85b5-bb2eea3c9d1a'),
('b7343097-85c6-42ee-b368-cbbceff17e2a','voltage','Voltage','890a95de-c578-419d-849c-7ce1679ec6b8', '430e5edb-e2b5-4f86-b19f-cda26a27e151', '6b5bd788-8c78-43bb-b5a3-ad544b858a64'),
('b69a8e65-5729-4899-9b78-134a6a42575a','precipitation','Precipitation','b5b9f77f-94bc-4f48-b1c6-e47b208966fb', '0ce77a5a-8283-47cd-9126-c440bcec4ef6', '4ee79a3d-a053-41b8-85b5-bb2eea3c9d1a'),
('f426ba65-a479-418d-9221-a5872e53be43','voltage','Voltage','b5b9f77f-94bc-4f48-b1c6-e47b208966fb', '430e5edb-e2b5-4f86-b19f-cda26a27e151', '6b5bd788-8c78-43bb-b5a3-ad544b858a64'),
('67f31dd7-2f11-4af3-b7a2-e70a3a8da942','stage','Stage','69309767-e07c-474a-9ad6-d38d19599dae', 'b49f214e-f69f-43da-9ce3-ad96042268d0', 'f777f2e2-5e32-424e-a1ca-19d16cd8abce'),
('43a23b56-c379-4f7f-921b-fb33a2eabf72','precipitation','Precipitation','69309767-e07c-474a-9ad6-d38d19599dae', '0ce77a5a-8283-47cd-9126-c440bcec4ef6', '4ee79a3d-a053-41b8-85b5-bb2eea3c9d1a'),
('605120fe-09f3-4a69-88a6-0722c7a85abc','voltage','Voltage','69309767-e07c-474a-9ad6-d38d19599dae', '430e5edb-e2b5-4f86-b19f-cda26a27e151', '6b5bd788-8c78-43bb-b5a3-ad544b858a64'),
('3ca704f7-85e6-47cc-a0c6-0a71e35e6720','stage','Stage','98c94154-b54a-44a0-b5ab-bc69127ff297', 'b49f214e-f69f-43da-9ce3-ad96042268d0', 'f777f2e2-5e32-424e-a1ca-19d16cd8abce'),
('92e4442e-1102-4c6f-8031-89a576af1b00','precipitation','Precipitation','98c94154-b54a-44a0-b5ab-bc69127ff297', '0ce77a5a-8283-47cd-9126-c440bcec4ef6', '4ee79a3d-a053-41b8-85b5-bb2eea3c9d1a'),
('df6ffab5-601e-45fe-b387-f041075dd601','voltage','Voltage','98c94154-b54a-44a0-b5ab-bc69127ff297', '430e5edb-e2b5-4f86-b19f-cda26a27e151', '6b5bd788-8c78-43bb-b5a3-ad544b858a64'),
('8c16c81d-1285-48fb-a900-3ea65704565f','stage','Stage','0b941abe-45b7-470f-8c64-1a90f770dc08', 'b49f214e-f69f-43da-9ce3-ad96042268d0', 'f777f2e2-5e32-424e-a1ca-19d16cd8abce'),
('a577514e-e7ad-4fc1-bbce-f3f62d9a377b','precipitation','Precipitation','0b941abe-45b7-470f-8c64-1a90f770dc08', '0ce77a5a-8283-47cd-9126-c440bcec4ef6', '4ee79a3d-a053-41b8-85b5-bb2eea3c9d1a'),
('cc5c0e13-0ed9-4aef-bb44-0e2d20228208','voltage','Voltage','0b941abe-45b7-470f-8c64-1a90f770dc08', '430e5edb-e2b5-4f86-b19f-cda26a27e151', '6b5bd788-8c78-43bb-b5a3-ad544b858a64'),
('91a4fcb8-971b-4fe5-b1c0-f10a215cb57d','stage','Stage','cce37bfe-98a0-4e16-8b15-2ad8831ca912', 'b49f214e-f69f-43da-9ce3-ad96042268d0', 'f777f2e2-5e32-424e-a1ca-19d16cd8abce'),
('d0e476b4-49cb-4d05-974a-e0d19d40361d','precipitation','Precipitation','cce37bfe-98a0-4e16-8b15-2ad8831ca912', '0ce77a5a-8283-47cd-9126-c440bcec4ef6', '4ee79a3d-a053-41b8-85b5-bb2eea3c9d1a'),
('8e883779-48c8-48d3-b165-45fb36351bc5','voltage','Voltage','cce37bfe-98a0-4e16-8b15-2ad8831ca912', '430e5edb-e2b5-4f86-b19f-cda26a27e151', '6b5bd788-8c78-43bb-b5a3-ad544b858a64'),
('f86903ad-7ec3-4336-9760-d959ada6a642','stage','Stage','eaea76f8-0ef4-44f5-ad78-7c7286facf98', 'b49f214e-f69f-43da-9ce3-ad96042268d0', 'f777f2e2-5e32-424e-a1ca-19d16cd8abce'),
('f8c00229-45af-412c-901d-6c5fb8478dcc','precipitation','Precipitation','eaea76f8-0ef4-44f5-ad78-7c7286facf98', '0ce77a5a-8283-47cd-9126-c440bcec4ef6', '4ee79a3d-a053-41b8-85b5-bb2eea3c9d1a'),
('ab801213-8efc-4832-8811-bd4250f0105a','voltage','Voltage','eaea76f8-0ef4-44f5-ad78-7c7286facf98', '430e5edb-e2b5-4f86-b19f-cda26a27e151', '6b5bd788-8c78-43bb-b5a3-ad544b858a64'),
('782a7a83-4bb7-4722-9540-2c0020f32fc0','stage','Stage','9e1b87a5-2c84-45fb-8c52-d46acaef525d', 'b49f214e-f69f-43da-9ce3-ad96042268d0', 'f777f2e2-5e32-424e-a1ca-19d16cd8abce'),
('3819d8d3-a42e-4334-b943-25d2dbd11c78','precipitation','Precipitation','9e1b87a5-2c84-45fb-8c52-d46acaef525d', '0ce77a5a-8283-47cd-9126-c440bcec4ef6', '4ee79a3d-a053-41b8-85b5-bb2eea3c9d1a'),
('8c9f0a82-4026-40b5-9fdf-caed4ba98d17','voltage','Voltage','9e1b87a5-2c84-45fb-8c52-d46acaef525d', '430e5edb-e2b5-4f86-b19f-cda26a27e151', '6b5bd788-8c78-43bb-b5a3-ad544b858a64'),
('a8d050ba-7ac4-444d-869d-84e0b88d43fd','stage','Stage','8ed22f3a-2490-4a4b-afb9-7afd853ff491', 'b49f214e-f69f-43da-9ce3-ad96042268d0', 'f777f2e2-5e32-424e-a1ca-19d16cd8abce'),
('4cbef1bd-8b07-4928-a868-d6962a096baf','voltage','Voltage','8ed22f3a-2490-4a4b-afb9-7afd853ff491', '430e5edb-e2b5-4f86-b19f-cda26a27e151', '6b5bd788-8c78-43bb-b5a3-ad544b858a64'),
('2514ff48-43ad-4c5d-b516-f4a4d4a8efc2','stage','Stage','b6217f54-1741-4a6c-93d0-547f9cdec38c', 'b49f214e-f69f-43da-9ce3-ad96042268d0', 'f777f2e2-5e32-424e-a1ca-19d16cd8abce'),
('5103c00f-ae06-42e0-bf39-1b64fed52b8a','precipitation','Precipitation','b6217f54-1741-4a6c-93d0-547f9cdec38c', '0ce77a5a-8283-47cd-9126-c440bcec4ef6', '4ee79a3d-a053-41b8-85b5-bb2eea3c9d1a'),
('b1fa3aeb-3ef7-4fba-90eb-0273923bc941','voltage','Voltage','b6217f54-1741-4a6c-93d0-547f9cdec38c', '430e5edb-e2b5-4f86-b19f-cda26a27e151', '6b5bd788-8c78-43bb-b5a3-ad544b858a64'),
('de0ba905-a64a-436f-b7c1-0600b77382bd','stage','Stage','07d31ac3-4db3-4ffb-a1fa-8097ed5ca9a6', 'b49f214e-f69f-43da-9ce3-ad96042268d0', 'f777f2e2-5e32-424e-a1ca-19d16cd8abce'),
('55072473-eb14-4b2d-aa7e-9a1dc7930f9f','precipitation','Precipitation','07d31ac3-4db3-4ffb-a1fa-8097ed5ca9a6', '0ce77a5a-8283-47cd-9126-c440bcec4ef6', '4ee79a3d-a053-41b8-85b5-bb2eea3c9d1a'),
('7b10cf12-30c1-425e-925c-4f1c81c30471','voltage','Voltage','07d31ac3-4db3-4ffb-a1fa-8097ed5ca9a6', '430e5edb-e2b5-4f86-b19f-cda26a27e151', '6b5bd788-8c78-43bb-b5a3-ad544b858a64'),
('b1a673d3-1786-4fed-ad0c-2d3f756cc069','stage','Stage','402a8b7e-688a-4fca-9b1d-31fc77391bd0', 'b49f214e-f69f-43da-9ce3-ad96042268d0', 'f777f2e2-5e32-424e-a1ca-19d16cd8abce'),
('5116f32e-dc81-4940-8d8a-000d6599fb0b','precipitation','Precipitation','402a8b7e-688a-4fca-9b1d-31fc77391bd0', '0ce77a5a-8283-47cd-9126-c440bcec4ef6', '4ee79a3d-a053-41b8-85b5-bb2eea3c9d1a'),
('438fe6e7-370b-43d5-80bd-5b9609e47c11','voltage','Voltage','402a8b7e-688a-4fca-9b1d-31fc77391bd0', '430e5edb-e2b5-4f86-b19f-cda26a27e151', '6b5bd788-8c78-43bb-b5a3-ad544b858a64'),
('3021fc3c-e64f-46c1-8de2-6278bcd69edf','stage','Stage','62454df9-d25f-4d7a-8647-948f7c8393f4', 'b49f214e-f69f-43da-9ce3-ad96042268d0', 'f777f2e2-5e32-424e-a1ca-19d16cd8abce'),
('b8f4dbe3-223d-4730-8ff7-7b5eba828139','precipitation','Precipitation','62454df9-d25f-4d7a-8647-948f7c8393f4', '0ce77a5a-8283-47cd-9126-c440bcec4ef6', '4ee79a3d-a053-41b8-85b5-bb2eea3c9d1a'),
('046a2693-5638-4470-bbb0-a914c2bdf902','voltage','Voltage','62454df9-d25f-4d7a-8647-948f7c8393f4', '430e5edb-e2b5-4f86-b19f-cda26a27e151', '6b5bd788-8c78-43bb-b5a3-ad544b858a64'),
('64166f30-b6d9-4e97-ae6a-446bfe942a34','stage','Stage','47be997a-168a-4f2d-a860-8b95476d0f09', 'b49f214e-f69f-43da-9ce3-ad96042268d0', 'f777f2e2-5e32-424e-a1ca-19d16cd8abce'),
('b3037c21-b7e0-4503-bbeb-4fc163963c78','precipitation','Precipitation','47be997a-168a-4f2d-a860-8b95476d0f09', '0ce77a5a-8283-47cd-9126-c440bcec4ef6', '4ee79a3d-a053-41b8-85b5-bb2eea3c9d1a'),
('f4fea033-c0ea-4651-aef2-68d21e6cdb84','voltage','Voltage','47be997a-168a-4f2d-a860-8b95476d0f09', '430e5edb-e2b5-4f86-b19f-cda26a27e151', '6b5bd788-8c78-43bb-b5a3-ad544b858a64'),
('8f5bcce8-2c9c-412c-8f2d-edac619acbfb','stage','Stage','c5658c8e-cc5c-4ee8-990a-154bb4b9aa79', 'b49f214e-f69f-43da-9ce3-ad96042268d0', 'f777f2e2-5e32-424e-a1ca-19d16cd8abce'),
('e7418871-0066-438a-b8c8-f52ddb21e308','precipitation','Precipitation','c5658c8e-cc5c-4ee8-990a-154bb4b9aa79', '0ce77a5a-8283-47cd-9126-c440bcec4ef6', '4ee79a3d-a053-41b8-85b5-bb2eea3c9d1a'),
('1c862792-af5a-4603-8536-8947ff3c88ee','voltage','Voltage','c5658c8e-cc5c-4ee8-990a-154bb4b9aa79', '430e5edb-e2b5-4f86-b19f-cda26a27e151', '6b5bd788-8c78-43bb-b5a3-ad544b858a64'),
('376a2b5d-d8c0-4e47-88db-173311281ac1','stage','Stage','a26f2105-23e4-4331-ba82-d3c5d9e777f5', 'b49f214e-f69f-43da-9ce3-ad96042268d0', 'f777f2e2-5e32-424e-a1ca-19d16cd8abce'),
('02a8c7f7-5c00-4669-9dff-a7a84d79e066','precipitation','Precipitation','a26f2105-23e4-4331-ba82-d3c5d9e777f5', '0ce77a5a-8283-47cd-9126-c440bcec4ef6', '4ee79a3d-a053-41b8-85b5-bb2eea3c9d1a'),
('206afe4a-e557-4bfa-bfe4-757b03e1c42e','dissolved-oxygen','Dissolved-Oxygen','a26f2105-23e4-4331-ba82-d3c5d9e777f5', '98007857-d027-4524-9a63-d07ae93e5fa2', '67d75ccd-6bf7-4086-a970-5ed65a5c30f3'),
('4cbc0282-3492-42ac-b1d5-668261d53eea','voltage','Voltage','a26f2105-23e4-4331-ba82-d3c5d9e777f5', '430e5edb-e2b5-4f86-b19f-cda26a27e151', '6b5bd788-8c78-43bb-b5a3-ad544b858a64'),
('18d9a0a6-5e26-4816-b373-799d6e939802','stage','Stage','79b365ba-f543-456e-bf40-01dd7d515bcf', 'b49f214e-f69f-43da-9ce3-ad96042268d0', 'f777f2e2-5e32-424e-a1ca-19d16cd8abce'),
('ea9aa06a-6ccc-4da2-9e4f-796e61370330','precipitation','Precipitation','79b365ba-f543-456e-bf40-01dd7d515bcf', '0ce77a5a-8283-47cd-9126-c440bcec4ef6', '4ee79a3d-a053-41b8-85b5-bb2eea3c9d1a'),
('531517be-a84b-4eda-9d63-03679ae80b4e','voltage','Voltage','79b365ba-f543-456e-bf40-01dd7d515bcf', '430e5edb-e2b5-4f86-b19f-cda26a27e151', '6b5bd788-8c78-43bb-b5a3-ad544b858a64'),
('60c77cef-4b1a-4d9a-a588-b508901046f0','precipitation','Precipitation','c2034ba0-a672-42ce-87ef-1f12b2faa79a', '0ce77a5a-8283-47cd-9126-c440bcec4ef6', '4ee79a3d-a053-41b8-85b5-bb2eea3c9d1a'),
('ccbed8a7-2a55-40a6-9cf0-4344198c4db3','voltage','Voltage','c2034ba0-a672-42ce-87ef-1f12b2faa79a', '430e5edb-e2b5-4f86-b19f-cda26a27e151', '6b5bd788-8c78-43bb-b5a3-ad544b858a64'),
('8e60ec74-4f53-407a-8d42-8f79c7bda58b','stage','Stage','f539acc2-c718-45e6-892a-d6d150317e6f', 'b49f214e-f69f-43da-9ce3-ad96042268d0', 'f777f2e2-5e32-424e-a1ca-19d16cd8abce'),
('88012c58-3b5d-4e28-818e-b08910b5d20f','precipitation','Precipitation','f539acc2-c718-45e6-892a-d6d150317e6f', '0ce77a5a-8283-47cd-9126-c440bcec4ef6', '4ee79a3d-a053-41b8-85b5-bb2eea3c9d1a'),
('49a8bb24-cf4e-4f08-b54f-f06c55fb1b89','voltage','Voltage','f539acc2-c718-45e6-892a-d6d150317e6f', '430e5edb-e2b5-4f86-b19f-cda26a27e151', '6b5bd788-8c78-43bb-b5a3-ad544b858a64'),
('502227a1-4f54-4776-843b-d61dc4e58856','stage','Stage','d8e7ebe1-2e78-4f57-82b4-53a3432c81cc', 'b49f214e-f69f-43da-9ce3-ad96042268d0', 'f777f2e2-5e32-424e-a1ca-19d16cd8abce'),
('daa74e4d-af42-41a8-bd0a-8d2b78ba4db0','precipitation','Precipitation','d8e7ebe1-2e78-4f57-82b4-53a3432c81cc', '0ce77a5a-8283-47cd-9126-c440bcec4ef6', '4ee79a3d-a053-41b8-85b5-bb2eea3c9d1a'),
('fe2273b3-d5a3-4a90-b253-b7b910900616','voltage','Voltage','d8e7ebe1-2e78-4f57-82b4-53a3432c81cc', '430e5edb-e2b5-4f86-b19f-cda26a27e151', '6b5bd788-8c78-43bb-b5a3-ad544b858a64'),
('3040f393-8d49-4f6a-8cba-462ce1613a48','stage','Stage','97fd6c25-af34-4579-b2a6-9141d03b13de', 'b49f214e-f69f-43da-9ce3-ad96042268d0', 'f777f2e2-5e32-424e-a1ca-19d16cd8abce'),
('00768c28-0b78-474f-8d38-923d0e5faed0','precipitation','Precipitation','97fd6c25-af34-4579-b2a6-9141d03b13de', '0ce77a5a-8283-47cd-9126-c440bcec4ef6', '4ee79a3d-a053-41b8-85b5-bb2eea3c9d1a'),
('80d19bb1-a0e4-46af-9eda-da25af222818','voltage','Voltage','97fd6c25-af34-4579-b2a6-9141d03b13de', '430e5edb-e2b5-4f86-b19f-cda26a27e151', '6b5bd788-8c78-43bb-b5a3-ad544b858a64'),
('df0977ca-cb31-4d08-8600-38f817354e86','stage','Stage','f6d7ffe0-a7f4-4b5e-b720-1f935f4e1616', 'b49f214e-f69f-43da-9ce3-ad96042268d0', 'f777f2e2-5e32-424e-a1ca-19d16cd8abce'),
('2d597cc5-c8f2-45db-928a-54abc69d56b1','precipitation','Precipitation','f6d7ffe0-a7f4-4b5e-b720-1f935f4e1616', '0ce77a5a-8283-47cd-9126-c440bcec4ef6', '4ee79a3d-a053-41b8-85b5-bb2eea3c9d1a'),
('147dc013-9118-4a34-ace9-c4b5e52d3f2a','voltage','Voltage','f6d7ffe0-a7f4-4b5e-b720-1f935f4e1616', '430e5edb-e2b5-4f86-b19f-cda26a27e151', '6b5bd788-8c78-43bb-b5a3-ad544b858a64'),
('fed191fe-9c77-4b1d-9e62-1809d526ccce','stage','Stage','2a6b30d6-d2eb-4c9a-b35f-1285108455ef', 'b49f214e-f69f-43da-9ce3-ad96042268d0', 'f777f2e2-5e32-424e-a1ca-19d16cd8abce'),
('6e42ffe8-620a-4425-b414-969eae20ea29','voltage','Voltage','2a6b30d6-d2eb-4c9a-b35f-1285108455ef', '430e5edb-e2b5-4f86-b19f-cda26a27e151', '6b5bd788-8c78-43bb-b5a3-ad544b858a64'),
('933e0822-2fee-4211-9bfc-8423c85aa7c4','precipitation','Precipitation','91da2bf4-ffd7-43bf-a8e7-f0dd04311a58', '0ce77a5a-8283-47cd-9126-c440bcec4ef6', '3254f483-5e66-405c-acf2-2a8add714bf5'),
('93d6bc86-3ccc-490c-9fc2-ec683d4e953a','voltage','Voltage','91da2bf4-ffd7-43bf-a8e7-f0dd04311a58', '430e5edb-e2b5-4f86-b19f-cda26a27e151', '3254f483-5e66-405c-acf2-2a8add714bf5'),
('4a6ae8d9-d6ab-40b1-afa9-2a73431c2878','stage','Stage','4d6d85d1-c779-42ad-9cb1-3cafc0a0bcd5', 'b49f214e-f69f-43da-9ce3-ad96042268d0', 'f777f2e2-5e32-424e-a1ca-19d16cd8abce'),
('f0cae99e-0392-4b76-85ad-a116a848e23c','voltage','Voltage','4d6d85d1-c779-42ad-9cb1-3cafc0a0bcd5', '430e5edb-e2b5-4f86-b19f-cda26a27e151', '6b5bd788-8c78-43bb-b5a3-ad544b858a64'),
('0ad8fdef-a8e6-4e15-9852-0ee939e29c6c','precipitation','Precipitation','d2a58327-b9bf-4862-915c-dcc82878ea05', '0ce77a5a-8283-47cd-9126-c440bcec4ef6', '4ee79a3d-a053-41b8-85b5-bb2eea3c9d1a'),
('d2105bb1-eefe-425c-883c-1b24ff7d2cd3','voltage','Voltage','d2a58327-b9bf-4862-915c-dcc82878ea05', '430e5edb-e2b5-4f86-b19f-cda26a27e151', '6b5bd788-8c78-43bb-b5a3-ad544b858a64'),
('970b1e66-0634-471e-9aee-ee3a93d56fd8','precipitation','Precipitation','269bc11e-2bf1-4d98-86b2-977f75e4e1fb', '0ce77a5a-8283-47cd-9126-c440bcec4ef6', '4ee79a3d-a053-41b8-85b5-bb2eea3c9d1a'),
('9e5052eb-e717-4e9f-b855-92cdeea02fe5','stage','Stage','269bc11e-2bf1-4d98-86b2-977f75e4e1fb', 'b49f214e-f69f-43da-9ce3-ad96042268d0', 'f777f2e2-5e32-424e-a1ca-19d16cd8abce'),
('b0ae4979-2ba4-40d6-a969-42b9b65e1ee9','voltage','Voltage','269bc11e-2bf1-4d98-86b2-977f75e4e1fb', '430e5edb-e2b5-4f86-b19f-cda26a27e151', '6b5bd788-8c78-43bb-b5a3-ad544b858a64'),
('e1e42283-8f24-4176-8f28-1e475d649b71','precipitation','Precipitation','798a93e4-0fd7-402f-8c2b-65a8a0850ea2', '0ce77a5a-8283-47cd-9126-c440bcec4ef6', '4ee79a3d-a053-41b8-85b5-bb2eea3c9d1a'),
('8b1811b8-8b51-40b7-90ee-8fbeb6c93146','voltage','Voltage','798a93e4-0fd7-402f-8c2b-65a8a0850ea2', '430e5edb-e2b5-4f86-b19f-cda26a27e151', '6b5bd788-8c78-43bb-b5a3-ad544b858a64'),
('755528fe-6235-4713-95ce-d1c2d9c52b14','stage','Stage','f2c66c58-3f34-4f92-a46d-848c62764499', 'b49f214e-f69f-43da-9ce3-ad96042268d0', 'f777f2e2-5e32-424e-a1ca-19d16cd8abce'),
('415e0030-3974-42ee-9652-dd65f51300ec','voltage','Voltage','f2c66c58-3f34-4f92-a46d-848c62764499', '430e5edb-e2b5-4f86-b19f-cda26a27e151', '6b5bd788-8c78-43bb-b5a3-ad544b858a64'),
('7070bb86-c674-4cdf-8e6f-13de1e23a485','stage','Stage','91b3ca6b-8fab-40b3-8911-35beb879f823', 'b49f214e-f69f-43da-9ce3-ad96042268d0', 'f777f2e2-5e32-424e-a1ca-19d16cd8abce'),
('17efe2a6-5899-4b35-8f5d-daee9c5803a7','voltage','Voltage','91b3ca6b-8fab-40b3-8911-35beb879f823', '430e5edb-e2b5-4f86-b19f-cda26a27e151', '6b5bd788-8c78-43bb-b5a3-ad544b858a64'),
('d47836a0-5b77-442f-9d98-506aa7b9537b','stage','Stage','aa4f72e5-1fea-4ae6-b7cb-8a7b05579120', 'b49f214e-f69f-43da-9ce3-ad96042268d0', 'f777f2e2-5e32-424e-a1ca-19d16cd8abce'),
('fe766eda-5d35-4471-96f0-54b1cfc7a0e0','voltage','Voltage','aa4f72e5-1fea-4ae6-b7cb-8a7b05579120', '430e5edb-e2b5-4f86-b19f-cda26a27e151', '6b5bd788-8c78-43bb-b5a3-ad544b858a64'),
('14b0b8e4-94ca-4068-814f-c1db91af96ab','stage','Stage','fbcac5af-25a7-4e23-be64-ecf18c9fe23e', 'b49f214e-f69f-43da-9ce3-ad96042268d0', 'f777f2e2-5e32-424e-a1ca-19d16cd8abce'),
('243b3af9-2689-410e-bec6-e44e22c81cbc','voltage','Voltage','fbcac5af-25a7-4e23-be64-ecf18c9fe23e', '430e5edb-e2b5-4f86-b19f-cda26a27e151', '6b5bd788-8c78-43bb-b5a3-ad544b858a64'),
('8d1c52c9-522d-44c0-a69b-4f798a3cca7f','stage','Stage','abd86a4b-db70-4aac-b397-96fa6fee821a', 'b49f214e-f69f-43da-9ce3-ad96042268d0', 'f777f2e2-5e32-424e-a1ca-19d16cd8abce'),
('52debaab-4167-4d3f-ab60-df83e11ba428','precipitation','Precipitation','abd86a4b-db70-4aac-b397-96fa6fee821a', '0ce77a5a-8283-47cd-9126-c440bcec4ef6', '4ee79a3d-a053-41b8-85b5-bb2eea3c9d1a'),
('0e4c2198-78d9-4e6a-879f-32d39e8d35ee','voltage','Voltage','abd86a4b-db70-4aac-b397-96fa6fee821a', '430e5edb-e2b5-4f86-b19f-cda26a27e151', '6b5bd788-8c78-43bb-b5a3-ad544b858a64'),
('61f87e0f-1cb5-42d4-9282-d8f072317d4f','stage','Stage','c2013f5c-ac88-44cb-a33e-f0ed8d2d8109', 'b49f214e-f69f-43da-9ce3-ad96042268d0', 'f777f2e2-5e32-424e-a1ca-19d16cd8abce'),
('e3170ebf-1da5-4444-b0a4-ecf66c3bfea7','voltage','Voltage','c2013f5c-ac88-44cb-a33e-f0ed8d2d8109', '430e5edb-e2b5-4f86-b19f-cda26a27e151', '6b5bd788-8c78-43bb-b5a3-ad544b858a64'),
('06640b75-c054-4d99-b076-4c243db04686','stage','Stage','cc927dcf-5a23-460b-b7ec-dc731374edaa', 'b49f214e-f69f-43da-9ce3-ad96042268d0', 'f777f2e2-5e32-424e-a1ca-19d16cd8abce'),
('941e0088-fe46-4330-8b25-74095bb1a81f','precipitation','Precipitation','cc927dcf-5a23-460b-b7ec-dc731374edaa', '0ce77a5a-8283-47cd-9126-c440bcec4ef6', '4ee79a3d-a053-41b8-85b5-bb2eea3c9d1a'),
('3b30ce96-7764-4bc5-9f2c-76b1cdc42c21','voltage','Voltage','cc927dcf-5a23-460b-b7ec-dc731374edaa', '430e5edb-e2b5-4f86-b19f-cda26a27e151', '6b5bd788-8c78-43bb-b5a3-ad544b858a64'),
('3f986e8d-70ae-4c0e-9fc9-2445e546379f','stage','Stage','87d871a1-3a41-4442-b61d-bd65e3ac7b8d', 'b49f214e-f69f-43da-9ce3-ad96042268d0', 'f777f2e2-5e32-424e-a1ca-19d16cd8abce'),
('6188ae90-085e-497d-a29a-7edcf669de86','voltage','Voltage','87d871a1-3a41-4442-b61d-bd65e3ac7b8d', '430e5edb-e2b5-4f86-b19f-cda26a27e151', '6b5bd788-8c78-43bb-b5a3-ad544b858a64'),
('51170e2e-bdc0-4a23-bf4a-65ff4ae53b85','stage','Stage','47b3ed3c-bee7-427f-9174-4c0bc84a5685', 'b49f214e-f69f-43da-9ce3-ad96042268d0', 'f777f2e2-5e32-424e-a1ca-19d16cd8abce'),
('fa182323-7e5d-43aa-8a28-622b87aea365','voltage','Voltage','47b3ed3c-bee7-427f-9174-4c0bc84a5685', '430e5edb-e2b5-4f86-b19f-cda26a27e151', '6b5bd788-8c78-43bb-b5a3-ad544b858a64'),
('bdbb1640-d1b3-4aff-bc7c-b881dd14d924','stage','Stage','82fc7100-670d-4076-9292-5e4020aa9478', 'b49f214e-f69f-43da-9ce3-ad96042268d0', 'f777f2e2-5e32-424e-a1ca-19d16cd8abce'),
('cf7a1304-e2cb-4b5a-b07a-acd6ad9d53f2','voltage','Voltage','82fc7100-670d-4076-9292-5e4020aa9478', '430e5edb-e2b5-4f86-b19f-cda26a27e151', '6b5bd788-8c78-43bb-b5a3-ad544b858a64');
