INSERT INTO project (id, office_id, slug, name, image) VALUES
    ('6b60b4e6-ff3a-4b8a-8426-93347824588f', '0154184e-2509-4485-b449-8eff4ab52eef', 'savannah-district-streamgages', 'Savannah District Streamgages', 'savannah-district-streamgages.jpg');



--INSERT INSTRUMENTS--COUNT:49
INSERT INTO public.instrument(id, deleted, slug, name, formula, geometry, station, station_offset, create_date, update_date, type_id, project_id, creator, updater)
 VALUES 
('fa7959be-0828-4b50-a6a4-ab60ea5d56f0', False, 'chattooga-river-at-burrells-ford-nr-pine-mtn-ga', 'CHATTOOGA RIVER AT BURRELLS FORD, NR PINE MTN, GA', null, ST_GeomFromText('POINT(-83.1194 34.9689)',4326), null, null, '2021-02-14T16:59:50.049455Z', null, '98a61f29-18a8-430a-9d02-0f53486e0984', '6b60b4e6-ff3a-4b8a-8426-93347824588f', '00000000-0000-0000-0000-000000000000', null),
('fa110299-081f-4d71-a0b5-ccf5c74c3c63', False, 'chattooga-river-near-clayton-ga', 'CHATTOOGA RIVER NEAR CLAYTON, GA', null, ST_GeomFromText('POINT(-83.306 34.814)',4326), null, null, '2021-02-14T16:59:50.663786Z', null, '98a61f29-18a8-430a-9d02-0f53486e0984', '6b60b4e6-ff3a-4b8a-8426-93347824588f', '00000000-0000-0000-0000-000000000000', null),
('9703a0be-ca00-4833-9861-9e566fdbd9f0', False, 'tallulah-river-near-clayton-ga', 'TALLULAH RIVER NEAR CLAYTON, GA', null, ST_GeomFromText('POINT(-83.5304 34.8904)',4326), null, null, '2021-02-14T16:59:51.397533Z', null, '98a61f29-18a8-430a-9d02-0f53486e0984', '6b60b4e6-ff3a-4b8a-8426-93347824588f', '00000000-0000-0000-0000-000000000000', null),
('4e28e919-dbfb-422f-a739-623e4f8524b1', False, 'tallulah-river-ab-powerhouse-nr-tallulah-falls-ga', 'TALLULAH RIVER AB POWERHOUSE, NR TALLULAH FALLS,GA', null, ST_GeomFromText('POINT(-83.3757 34.732)',4326), null, null, '2021-02-14T16:59:52.233177Z', null, '98a61f29-18a8-430a-9d02-0f53486e0984', '6b60b4e6-ff3a-4b8a-8426-93347824588f', '00000000-0000-0000-0000-000000000000', null),
('7fb31d3f-12fe-48b0-92c7-84c0833ae8f7', False, '02182000', '02182000', null, ST_GeomFromText('POINT(-83.3452 34.6779)',4326), null, null, '2021-02-14T16:59:52.859461Z', null, '98a61f29-18a8-430a-9d02-0f53486e0984', '6b60b4e6-ff3a-4b8a-8426-93347824588f', '00000000-0000-0000-0000-000000000000', null),
('536b31f2-a55d-4b52-ab44-f1f4c5f67051', False, 'beaverdam-creek-above-elberton-ga', 'BEAVERDAM CREEK ABOVE ELBERTON, GA', null, ST_GeomFromText('POINT(-82.8965 34.1687)',4326), null, null, '2021-02-14T16:59:53.656883Z', null, '98a61f29-18a8-430a-9d02-0f53486e0984', '6b60b4e6-ff3a-4b8a-8426-93347824588f', '00000000-0000-0000-0000-000000000000', null),
('29a02c33-d0d1-4005-b14a-401e5627e698', False, 'broad-river-above-carlton-ga', 'BROAD RIVER ABOVE CARLTON, GA', null, ST_GeomFromText('POINT(-83.0033 34.0733)',4326), null, null, '2021-02-14T16:59:54.320558Z', null, '98a61f29-18a8-430a-9d02-0f53486e0984', '6b60b4e6-ff3a-4b8a-8426-93347824588f', '00000000-0000-0000-0000-000000000000', null),
('10713a52-01e9-45cc-8701-b4f9ff3f1dad', False, 'broad-river-near-bell-ga', 'BROAD RIVER NEAR BELL, GA', null, ST_GeomFromText('POINT(-82.77 33.9742)',4326), null, null, '2021-02-14T16:59:54.882704Z', null, '98a61f29-18a8-430a-9d02-0f53486e0984', '6b60b4e6-ff3a-4b8a-8426-93347824588f', '00000000-0000-0000-0000-000000000000', null),
('d6cf17bd-c423-4d96-9455-802b92d74783', False, 'kettle-creek-near-washington-ga', 'KETTLE CREEK NEAR WASHINGTON, GA', null, ST_GeomFromText('POINT(-82.8579 33.6826)',4326), null, null, '2021-02-14T16:59:55.482450Z', null, '98a61f29-18a8-430a-9d02-0f53486e0984', '6b60b4e6-ff3a-4b8a-8426-93347824588f', '00000000-0000-0000-0000-000000000000', null),
('a28ec9ab-ea7d-4594-8062-5643d7777faf', False, 'little-river-near-washington-ga', 'LITTLE RIVER NEAR WASHINGTON, GA', null, ST_GeomFromText('POINT(-82.7425 33.6128)',4326), null, null, '2021-02-14T16:59:56.140003Z', null, '98a61f29-18a8-430a-9d02-0f53486e0984', '6b60b4e6-ff3a-4b8a-8426-93347824588f', '00000000-0000-0000-0000-000000000000', null),
('9cc36410-6215-46f8-91a4-3a182ed97704', False, 'kiokee-creek-at-ga-104-near-evans-ga', 'KIOKEE CREEK AT GA 104, NEAR EVANS, GA', null, ST_GeomFromText('POINT(-82.2326 33.601)',4326), null, null, '2021-02-14T16:59:56.750251Z', null, '98a61f29-18a8-430a-9d02-0f53486e0984', '6b60b4e6-ff3a-4b8a-8426-93347824588f', '00000000-0000-0000-0000-000000000000', null),
('3142a1a4-c676-4412-8b54-9d66a91c6ed9', False, 'butler-creek-below-7th-avenue-at-ft.-gordon-ga', 'BUTLER CREEK BELOW 7TH AVENUE, AT FT. GORDON, GA', null, ST_GeomFromText('POINT(-82.1161 33.4386)',4326), null, null, '2021-02-14T16:59:57.340173Z', null, '98a61f29-18a8-430a-9d02-0f53486e0984', '6b60b4e6-ff3a-4b8a-8426-93347824588f', '00000000-0000-0000-0000-000000000000', null),
('6672e5dc-7d44-429b-bdee-04b1a57fe3b3', False, 'butler-creek-reservoir-at-fort-gordon-ga', 'BUTLER CREEK RESERVOIR AT FORT GORDON, GA', null, ST_GeomFromText('POINT(-82.0992 33.4258)',4326), null, null, '2021-02-14T16:59:57.905886Z', null, '98a61f29-18a8-430a-9d02-0f53486e0984', '6b60b4e6-ff3a-4b8a-8426-93347824588f', '00000000-0000-0000-0000-000000000000', null),
('41d060a8-06b4-4d77-81df-18dbb66fe407', False, 'spirit-creek-at-us-1-near-augusta-ga', 'SPIRIT CREEK AT US 1, NEAR AUGUSTA, GA', null, ST_GeomFromText('POINT(-82.139 33.3735)',4326), null, null, '2021-02-14T16:59:58.500676Z', null, '98a61f29-18a8-430a-9d02-0f53486e0984', '6b60b4e6-ff3a-4b8a-8426-93347824588f', '00000000-0000-0000-0000-000000000000', null),
('31e5973c-c6e4-4c28-b1ba-d26b52b4eff4', False, 'savannah-river-near-waynesboro-ga', 'SAVANNAH RIVER NEAR WAYNESBORO, GA', null, ST_GeomFromText('POINT(-81.7548 33.1499)',4326), null, null, '2021-02-14T16:59:59.084337Z', null, '98a61f29-18a8-430a-9d02-0f53486e0984', '6b60b4e6-ff3a-4b8a-8426-93347824588f', '00000000-0000-0000-0000-000000000000', null),
('53c8ef1a-858a-44d0-98e2-b4dd11a7ea82', False, 'brushy-creek-at-campground-road-near-wrens-ga', 'BRUSHY CREEK AT CAMPGROUND ROAD, NEAR WRENS, GA', null, ST_GeomFromText('POINT(-82.3343 33.1807)',4326), null, null, '2021-02-14T16:59:59.852427Z', null, '98a61f29-18a8-430a-9d02-0f53486e0984', '6b60b4e6-ff3a-4b8a-8426-93347824588f', '00000000-0000-0000-0000-000000000000', null),
('e988cf9d-ca61-423e-8b3f-4b60ef7e2850', False, 'brier-creek-near-waynesboro-ga', 'BRIER CREEK NEAR WAYNESBORO, GA', null, ST_GeomFromText('POINT(-81.9637 33.1182)',4326), null, null, '2021-02-14T17:00:09.381953Z', null, '98a61f29-18a8-430a-9d02-0f53486e0984', '6b60b4e6-ff3a-4b8a-8426-93347824588f', '00000000-0000-0000-0000-000000000000', null),
('848e1bdc-c964-4132-96af-af7ec0d03e60', False, 'brier-creek-at-millhaven-ga', 'BRIER CREEK AT MILLHAVEN, GA', null, ST_GeomFromText('POINT(-81.6512 32.9335)',4326), null, null, '2021-02-14T17:00:22.201314Z', null, '98a61f29-18a8-430a-9d02-0f53486e0984', '6b60b4e6-ff3a-4b8a-8426-93347824588f', '00000000-0000-0000-0000-000000000000', null),
('2baa91db-14b8-44b4-ae8d-4dfbd52491d0', False, 'beaverdam-creek-near-sardis-ga', 'BEAVERDAM CREEK NEAR SARDIS, GA', null, ST_GeomFromText('POINT(-81.8154 32.9377)',4326), null, null, '2021-02-14T17:00:30.274068Z', null, '98a61f29-18a8-430a-9d02-0f53486e0984', '6b60b4e6-ff3a-4b8a-8426-93347824588f', '00000000-0000-0000-0000-000000000000', null),
('a2d921dd-baee-4392-98c7-3a02577402df', False, 'ebenezer-creek-at-springfield-ga', 'EBENEZER CREEK AT SPRINGFIELD, GA', null, ST_GeomFromText('POINT(-81.2973 32.3657)',4326), null, null, '2021-02-14T17:00:35.170512Z', null, '98a61f29-18a8-430a-9d02-0f53486e0984', '6b60b4e6-ff3a-4b8a-8426-93347824588f', '00000000-0000-0000-0000-000000000000', null),
('8e2feef2-182f-4a97-8d23-98ca17896149', False, '02198745', '02198745', null, ST_GeomFromText('POINT(-81.1615 32.3532)',4326), null, null, '2021-02-14T17:00:38.277571Z', null, '98a61f29-18a8-430a-9d02-0f53486e0984', '6b60b4e6-ff3a-4b8a-8426-93347824588f', '00000000-0000-0000-0000-000000000000', null),
('06b03cbc-4e1c-421f-bbef-f50ac0766cfe', False, '02198768', '02198768', null, ST_GeomFromText('POINT(-81.1464 32.3003)',4326), null, null, '2021-02-14T17:00:41.552442Z', null, '98a61f29-18a8-430a-9d02-0f53486e0984', '6b60b4e6-ff3a-4b8a-8426-93347824588f', '00000000-0000-0000-0000-000000000000', null),
('11af751e-21ae-401b-925f-f2ff18b2ddcc', False, 'abercorn-creek-near-savannah-ga', 'ABERCORN CREEK NEAR SAVANNAH,GA', null, ST_GeomFromText('POINT(-81.1782 32.2558)',4326), null, null, '2021-02-14T17:00:45.238913Z', null, '98a61f29-18a8-430a-9d02-0f53486e0984', '6b60b4e6-ff3a-4b8a-8426-93347824588f', '00000000-0000-0000-0000-000000000000', null),
('f10d60b1-1008-492c-a33e-68a2ecd53fe6', False, 'savannah-river-i-95-near-port-wentworth-ga', 'SAVANNAH RIVER (I-95) NEAR PORT WENTWORTH, GA', null, ST_GeomFromText('POINT(-81.1512 32.2358)',4326), null, null, '2021-02-14T17:00:49.011969Z', null, '98a61f29-18a8-430a-9d02-0f53486e0984', '6b60b4e6-ff3a-4b8a-8426-93347824588f', '00000000-0000-0000-0000-000000000000', null),
('03898d48-bd83-482e-b97d-95a2655da8fb', False, 'savannah-river-at-ga-25-at-port-wentworth-ga', 'SAVANNAH RIVER AT GA 25, AT PORT WENTWORTH, GA', null, ST_GeomFromText('POINT(-81.1537 32.166)',4326), null, null, '2021-02-14T17:00:52.753026Z', null, '98a61f29-18a8-430a-9d02-0f53486e0984', '6b60b4e6-ff3a-4b8a-8426-93347824588f', '00000000-0000-0000-0000-000000000000', null),
('ea59766d-9127-4a61-bad0-8d4cb3463138', False, 'middle-river-at-ga-25-at-port-wentworth-ga', 'MIDDLE RIVER AT GA 25 AT PORT WENTWORTH, GA', null, ST_GeomFromText('POINT(-81.1383 32.1656)',4326), null, null, '2021-02-14T17:00:53.192397Z', null, '98a61f29-18a8-430a-9d02-0f53486e0984', '6b60b4e6-ff3a-4b8a-8426-93347824588f', '00000000-0000-0000-0000-000000000000', null),
('2bbe50bf-326e-473f-8f97-5e13ec7b04ca', False, 'savannah-river-at-usace-dock-at-savannah-ga', 'SAVANNAH RIVER AT USACE DOCK, AT SAVANNAH, GA', null, ST_GeomFromText('POINT(-81.0812 32.081)',4326), null, null, '2021-02-14T17:00:53.586494Z', null, '98a61f29-18a8-430a-9d02-0f53486e0984', '6b60b4e6-ff3a-4b8a-8426-93347824588f', '00000000-0000-0000-0000-000000000000', null),
('9f2ff536-9c6e-4988-a121-33539a666f30', False, 'l-back-river-above-lucknow-canal-nr-limehouse-sc', 'L BACK RIVER ABOVE LUCKNOW CANAL, NR LIMEHOUSE, SC', null, ST_GeomFromText('POINT(-81.1179 32.1858)',4326), null, null, '2021-02-14T17:00:53.963163Z', null, '98a61f29-18a8-430a-9d02-0f53486e0984', '6b60b4e6-ff3a-4b8a-8426-93347824588f', '00000000-0000-0000-0000-000000000000', null),
('364d05aa-7658-4272-ba84-6ec5cafad477', False, 'little-back-river-at-f&w-dock-near-limehouse-sc', 'LITTLE BACK RIVER AT F&W DOCK, NEAR LIMEHOUSE, SC', null, ST_GeomFromText('POINT(-81.1182 32.1708)',4326), null, null, '2021-02-14T17:00:54.402211Z', null, '98a61f29-18a8-430a-9d02-0f53486e0984', '6b60b4e6-ff3a-4b8a-8426-93347824588f', '00000000-0000-0000-0000-000000000000', null),
('7187d72a-d151-4a49-ada2-276e551f026b', False, 'little-back-river-at-ga-25-at-port-wentworth-ga', 'LITTLE BACK RIVER AT GA 25 AT PORT WENTWORTH, GA', null, ST_GeomFromText('POINT(-81.13 32.1658)',4326), null, null, '2021-02-14T17:00:54.903053Z', null, '98a61f29-18a8-430a-9d02-0f53486e0984', '6b60b4e6-ff3a-4b8a-8426-93347824588f', '00000000-0000-0000-0000-000000000000', null),
('bb680f46-257c-4581-a596-e11f16d555a1', False, 'savannah-river-at-fort-pulaski-ga', 'SAVANNAH RIVER AT FORT PULASKI, GA', null, ST_GeomFromText('POINT(-80.9032 32.0341)',4326), null, null, '2021-02-14T17:00:55.399845Z', null, '98a61f29-18a8-430a-9d02-0f53486e0984', '6b60b4e6-ff3a-4b8a-8426-93347824588f', '00000000-0000-0000-0000-000000000000', null),
('e555799d-09a5-4e3e-9c92-e96eaf88e85b', False, 'south-channel-savannah-river-near-savannah-ga', 'SOUTH CHANNEL (SAVANNAH RIVER) NEAR SAVANNAH, GA', null, ST_GeomFromText('POINT(-81.0023 32.0827)',4326), null, null, '2021-02-14T17:00:55.859645Z', null, '98a61f29-18a8-430a-9d02-0f53486e0984', '6b60b4e6-ff3a-4b8a-8426-93347824588f', '00000000-0000-0000-0000-000000000000', null),
('d10c2b80-f4a5-41ef-a429-193ac5e6488b', False, 'twelvemile-creek-near-liberty-sc', 'TWELVEMILE CREEK NEAR LIBERTY, SC', null, ST_GeomFromText('POINT(-82.7485 34.8015)',4326), null, null, '2021-02-14T17:00:56.249785Z', null, '98a61f29-18a8-430a-9d02-0f53486e0984', '6b60b4e6-ff3a-4b8a-8426-93347824588f', '00000000-0000-0000-0000-000000000000', null),
('f2a0a399-46a0-486b-a6fe-b39b2666791c', False, 'eighteenmile-creek-above-pendleton-sc', 'EIGHTEENMILE CREEK ABOVE PENDLETON, SC', null, ST_GeomFromText('POINT(-82.7988 34.659)',4326), null, null, '2021-02-14T17:00:56.706588Z', null, '98a61f29-18a8-430a-9d02-0f53486e0984', '6b60b4e6-ff3a-4b8a-8426-93347824588f', '00000000-0000-0000-0000-000000000000', null),
('32f9135e-5034-4b37-872a-4638235ef7e5', False, 'hartwell-lake-near-anderson-sc', 'HARTWELL LAKE NEAR ANDERSON, SC', null, ST_GeomFromText('POINT(-82.8161 34.475)',4326), null, null, '2021-02-14T17:00:57.192784Z', null, '98a61f29-18a8-430a-9d02-0f53486e0984', '6b60b4e6-ff3a-4b8a-8426-93347824588f', '00000000-0000-0000-0000-000000000000', null),
('d7005472-705c-4992-ab84-7646e172148e', False, 'rocky-river-nr-starr-sc', 'ROCKY RIVER NR STARR, SC', null, ST_GeomFromText('POINT(-82.5774 34.3832)',4326), null, null, '2021-02-14T17:00:57.583822Z', null, '98a61f29-18a8-430a-9d02-0f53486e0984', '6b60b4e6-ff3a-4b8a-8426-93347824588f', '00000000-0000-0000-0000-000000000000', null),
('44993058-3d0a-42a4-9c1a-a6172581a543', False, 'russell-lake-above-calhoun-falls-sc', 'RUSSELL LAKE ABOVE CALHOUN FALLS, SC', null, ST_GeomFromText('POINT(-82.6181 34.1011)',4326), null, null, '2021-02-14T17:00:58.065809Z', null, '98a61f29-18a8-430a-9d02-0f53486e0984', '6b60b4e6-ff3a-4b8a-8426-93347824588f', '00000000-0000-0000-0000-000000000000', null),
('e2b29195-b361-4b1f-bb5e-cad02c42f0f7', False, 'little-river-near-mt.-carmel-sc', 'LITTLE RIVER NEAR MT. CARMEL, SC', null, ST_GeomFromText('POINT(-82.5007 34.0715)',4326), null, null, '2021-02-14T17:00:58.587493Z', null, '98a61f29-18a8-430a-9d02-0f53486e0984', '6b60b4e6-ff3a-4b8a-8426-93347824588f', '00000000-0000-0000-0000-000000000000', null),
('182cbc1f-6e41-4eb8-97d1-ccf59fdc5e26', False, 'thurmond-lake-near-plum-branch-sc', 'THURMOND LAKE NEAR PLUM BRANCH, SC', null, ST_GeomFromText('POINT(-82.3506 33.8403)',4326), null, null, '2021-02-14T17:00:59.108193Z', null, '98a61f29-18a8-430a-9d02-0f53486e0984', '6b60b4e6-ff3a-4b8a-8426-93347824588f', '00000000-0000-0000-0000-000000000000', null),
('f498982b-95f4-4527-9ce3-ee459368df5c', False, 'savannah-river-near-evans-ga', 'SAVANNAH RIVER NEAR EVANS, GA', null, ST_GeomFromText('POINT(-82.1232 33.5929)',4326), null, null, '2021-02-14T17:00:59.576680Z', null, '98a61f29-18a8-430a-9d02-0f53486e0984', '6b60b4e6-ff3a-4b8a-8426-93347824588f', '00000000-0000-0000-0000-000000000000', null),
('2d42f016-8dea-429d-afb4-eef4b653bb4d', False, 'stevens-creek-near-modoc-sc', 'STEVENS CREEK NEAR MODOC, SC', null, ST_GeomFromText('POINT(-82.1818 33.7293)',4326), null, null, '2021-02-14T17:01:00.374745Z', null, '98a61f29-18a8-430a-9d02-0f53486e0984', '6b60b4e6-ff3a-4b8a-8426-93347824588f', '00000000-0000-0000-0000-000000000000', null),
('4c88638e-0727-4353-90b2-69f5a452c496', False, 'savannah-rvr-at-stevens-creek-dam-nr-morgana-sc', 'SAVANNAH RVR AT STEVENS CREEK DAM NR MORGANA, SC', null, ST_GeomFromText('POINT(-82.051 33.5629)',4326), null, null, '2021-02-14T17:01:02.704377Z', null, '98a61f29-18a8-430a-9d02-0f53486e0984', '6b60b4e6-ff3a-4b8a-8426-93347824588f', '00000000-0000-0000-0000-000000000000', null),
('b5ad17e4-bc21-4fa8-92ca-9c3c30ad4eb2', False, 'augusta-canal-nr-augusta-ga-upper', 'AUGUSTA CANAL NR AUGUSTA, GA (UPPER)', null, ST_GeomFromText('POINT(-82.0379 33.5493)',4326), null, null, '2021-02-14T17:01:05.272636Z', null, '98a61f29-18a8-430a-9d02-0f53486e0984', '6b60b4e6-ff3a-4b8a-8426-93347824588f', '00000000-0000-0000-0000-000000000000', null),
('eb17588c-f18e-490e-86dc-f1573a4179dd', False, 'horse-creek-at-clearwater-sc', 'HORSE CREEK AT CLEARWATER, SC', null, ST_GeomFromText('POINT(-81.8971 33.4849)',4326), null, null, '2021-02-14T17:01:08.866967Z', null, '98a61f29-18a8-430a-9d02-0f53486e0984', '6b60b4e6-ff3a-4b8a-8426-93347824588f', '00000000-0000-0000-0000-000000000000', null),
('0c111dee-02b5-46bb-9151-69a4f2c49a1e', False, '021970161', '021970161', null, ST_GeomFromText('POINT(-82.1572 33.39)',4326), null, null, '2021-02-14T17:01:10.610200Z', null, '98a61f29-18a8-430a-9d02-0f53486e0984', '6b60b4e6-ff3a-4b8a-8426-93347824588f', '00000000-0000-0000-0000-000000000000', null),
('45bb7a45-2554-48f8-bcbc-174ebfd001e3', False, 'savannah-r-at-burtons-ferry-br-nr-millhaven-ga', 'SAVANNAH R AT BURTONS FERRY BR NR MILLHAVEN, GA', null, ST_GeomFromText('POINT(-81.5026 32.939)',4326), null, null, '2021-02-14T17:01:14.554398Z', null, '98a61f29-18a8-430a-9d02-0f53486e0984', '6b60b4e6-ff3a-4b8a-8426-93347824588f', '00000000-0000-0000-0000-000000000000', null),
('b0756dbb-3e67-4718-875c-4fb93b406a91', False, 'savannah-river-near-estill-sc', 'SAVANNAH RIVER NEAR ESTILL, SC', null, ST_GeomFromText('POINT(-81.4283 32.7033)',4326), null, null, '2021-02-14T17:01:16.724645Z', null, '98a61f29-18a8-430a-9d02-0f53486e0984', '6b60b4e6-ff3a-4b8a-8426-93347824588f', '00000000-0000-0000-0000-000000000000', null),
('a3aeefbd-ab1d-45ef-aa66-cdfb045a799e', False, 'savannah-river-near-clyo-ga', 'SAVANNAH RIVER NEAR CLYO, GA', null, ST_GeomFromText('POINT(-81.2687 32.5282)',4326), null, null, '2021-02-14T17:01:18.665897Z', null, '98a61f29-18a8-430a-9d02-0f53486e0984', '6b60b4e6-ff3a-4b8a-8426-93347824588f', '00000000-0000-0000-0000-000000000000', null),
('3bdc1cbb-00e2-4b28-8fb6-28e8b5c86b46', False, 'savannah-river-above-hardeeville-sc', 'SAVANNAH RIVER ABOVE HARDEEVILLE, SC', null, ST_GeomFromText('POINT(-81.1284 32.3394)',4326), null, null, '2021-02-14T17:01:21.572676Z', null, '98a61f29-18a8-430a-9d02-0f53486e0984', '6b60b4e6-ff3a-4b8a-8426-93347824588f', '00000000-0000-0000-0000-000000000000', null);

--INSERT INSTRUMENT STATUS--
INSERT INTO public.instrument_status(id, instrument_id, status_id, "time")
 VALUES 
('be2f7f42-010e-4050-be69-d80834a2dfa2', 'fa7959be-0828-4b50-a6a4-ab60ea5d56f0', 'e26ba2ef-9b52-4c71-97df-9e4b6cf4174d', '2021-02-14T16:59:50.049455Z'),
('d7fdeb84-0b12-4616-865f-dee01962bfd8', 'fa110299-081f-4d71-a0b5-ccf5c74c3c63', 'e26ba2ef-9b52-4c71-97df-9e4b6cf4174d', '2021-02-14T16:59:50.663786Z'),
('710b25e7-918c-478f-a66c-f64927ef3b18', '9703a0be-ca00-4833-9861-9e566fdbd9f0', 'e26ba2ef-9b52-4c71-97df-9e4b6cf4174d', '2021-02-14T16:59:51.397533Z'),
('30bd988d-4b69-4df7-b23e-5879c15a3aa9', '4e28e919-dbfb-422f-a739-623e4f8524b1', 'e26ba2ef-9b52-4c71-97df-9e4b6cf4174d', '2021-02-14T16:59:52.233177Z'),
('e424ff92-30ad-4379-9eea-85486e0f84fd', '7fb31d3f-12fe-48b0-92c7-84c0833ae8f7', 'e26ba2ef-9b52-4c71-97df-9e4b6cf4174d', '2021-02-14T16:59:52.859461Z'),
('191f11cf-55ec-48c5-a047-cd98454738cc', '536b31f2-a55d-4b52-ab44-f1f4c5f67051', 'e26ba2ef-9b52-4c71-97df-9e4b6cf4174d', '2021-02-14T16:59:53.656883Z'),
('52f71661-226b-484b-958a-74f4cfe88649', '29a02c33-d0d1-4005-b14a-401e5627e698', 'e26ba2ef-9b52-4c71-97df-9e4b6cf4174d', '2021-02-14T16:59:54.320558Z'),
('9de1fe23-8976-4902-a9ad-156af968332c', '10713a52-01e9-45cc-8701-b4f9ff3f1dad', 'e26ba2ef-9b52-4c71-97df-9e4b6cf4174d', '2021-02-14T16:59:54.882704Z'),
('cc3763fc-d60c-4aca-9a9d-1e6bb27d93c8', 'd6cf17bd-c423-4d96-9455-802b92d74783', 'e26ba2ef-9b52-4c71-97df-9e4b6cf4174d', '2021-02-14T16:59:55.482450Z'),
('9ed598dd-77dd-4065-a3fb-ebb53c7880db', 'a28ec9ab-ea7d-4594-8062-5643d7777faf', 'e26ba2ef-9b52-4c71-97df-9e4b6cf4174d', '2021-02-14T16:59:56.140003Z'),
('9df1cbf8-9b0f-4d35-9c79-2246c99aa4e3', '9cc36410-6215-46f8-91a4-3a182ed97704', 'e26ba2ef-9b52-4c71-97df-9e4b6cf4174d', '2021-02-14T16:59:56.750251Z'),
('7b78fe14-a4a4-4d1c-9d5e-1e46a7fac125', '3142a1a4-c676-4412-8b54-9d66a91c6ed9', 'e26ba2ef-9b52-4c71-97df-9e4b6cf4174d', '2021-02-14T16:59:57.340173Z'),
('84ee67ae-431a-42cb-994b-c21e34e3da00', '6672e5dc-7d44-429b-bdee-04b1a57fe3b3', 'e26ba2ef-9b52-4c71-97df-9e4b6cf4174d', '2021-02-14T16:59:57.905886Z'),
('e51efdce-e528-49c5-9a68-66a352edbb47', '41d060a8-06b4-4d77-81df-18dbb66fe407', 'e26ba2ef-9b52-4c71-97df-9e4b6cf4174d', '2021-02-14T16:59:58.500676Z'),
('e11ed554-2611-4015-b0de-e918aaa625cd', '31e5973c-c6e4-4c28-b1ba-d26b52b4eff4', 'e26ba2ef-9b52-4c71-97df-9e4b6cf4174d', '2021-02-14T16:59:59.084337Z'),
('cab0d28c-9b8e-4743-9f65-70ca3edc7297', '53c8ef1a-858a-44d0-98e2-b4dd11a7ea82', 'e26ba2ef-9b52-4c71-97df-9e4b6cf4174d', '2021-02-14T16:59:59.852427Z'),
('620a1692-bcb1-43f9-9bbe-233812ac2136', 'e988cf9d-ca61-423e-8b3f-4b60ef7e2850', 'e26ba2ef-9b52-4c71-97df-9e4b6cf4174d', '2021-02-14T17:00:09.381953Z'),
('6abbfc92-f757-421a-8798-69a379fa94ca', '848e1bdc-c964-4132-96af-af7ec0d03e60', 'e26ba2ef-9b52-4c71-97df-9e4b6cf4174d', '2021-02-14T17:00:22.201314Z'),
('d5e4a005-6d01-4434-aa28-fb5961fd7a8d', '2baa91db-14b8-44b4-ae8d-4dfbd52491d0', 'e26ba2ef-9b52-4c71-97df-9e4b6cf4174d', '2021-02-14T17:00:30.274068Z'),
('240dc49b-412c-4100-a4e7-2fbed37a9379', 'a2d921dd-baee-4392-98c7-3a02577402df', 'e26ba2ef-9b52-4c71-97df-9e4b6cf4174d', '2021-02-14T17:00:35.170512Z'),
('5bb400ec-7676-4fe6-8b8e-1bc44708173d', '8e2feef2-182f-4a97-8d23-98ca17896149', 'e26ba2ef-9b52-4c71-97df-9e4b6cf4174d', '2021-02-14T17:00:38.277571Z'),
('e5fc9e7c-7cf5-4075-a9fc-60e481237f01', '06b03cbc-4e1c-421f-bbef-f50ac0766cfe', 'e26ba2ef-9b52-4c71-97df-9e4b6cf4174d', '2021-02-14T17:00:41.552442Z'),
('6939cf17-1dd7-4886-8237-86d939dc7800', '11af751e-21ae-401b-925f-f2ff18b2ddcc', 'e26ba2ef-9b52-4c71-97df-9e4b6cf4174d', '2021-02-14T17:00:45.238913Z'),
('48472a12-3943-473b-ae0f-d7c45dac901a', 'f10d60b1-1008-492c-a33e-68a2ecd53fe6', 'e26ba2ef-9b52-4c71-97df-9e4b6cf4174d', '2021-02-14T17:00:49.011969Z'),
('453ca946-3ee2-4d12-98d9-843637940dd4', '03898d48-bd83-482e-b97d-95a2655da8fb', 'e26ba2ef-9b52-4c71-97df-9e4b6cf4174d', '2021-02-14T17:00:52.753026Z'),
('7d1dc302-ad91-4c35-b5ed-04c83e670cd4', 'ea59766d-9127-4a61-bad0-8d4cb3463138', 'e26ba2ef-9b52-4c71-97df-9e4b6cf4174d', '2021-02-14T17:00:53.192397Z'),
('745f90b9-60e5-4905-8238-440609487346', '2bbe50bf-326e-473f-8f97-5e13ec7b04ca', 'e26ba2ef-9b52-4c71-97df-9e4b6cf4174d', '2021-02-14T17:00:53.586494Z'),
('e18776a8-4089-4da4-906b-4602a815f483', '9f2ff536-9c6e-4988-a121-33539a666f30', 'e26ba2ef-9b52-4c71-97df-9e4b6cf4174d', '2021-02-14T17:00:53.963163Z'),
('12a58315-82e6-4969-a518-4923b4dbae29', '364d05aa-7658-4272-ba84-6ec5cafad477', 'e26ba2ef-9b52-4c71-97df-9e4b6cf4174d', '2021-02-14T17:00:54.402211Z'),
('37cb314e-6e0c-43ab-b495-f0f2bbac1ca4', '7187d72a-d151-4a49-ada2-276e551f026b', 'e26ba2ef-9b52-4c71-97df-9e4b6cf4174d', '2021-02-14T17:00:54.903053Z'),
('29896b40-4fb8-439f-945e-570df88d27aa', 'bb680f46-257c-4581-a596-e11f16d555a1', 'e26ba2ef-9b52-4c71-97df-9e4b6cf4174d', '2021-02-14T17:00:55.399845Z'),
('dbcb01df-bfa7-4394-927d-c6bc2da1e53a', 'e555799d-09a5-4e3e-9c92-e96eaf88e85b', 'e26ba2ef-9b52-4c71-97df-9e4b6cf4174d', '2021-02-14T17:00:55.859645Z'),
('936c1e44-878c-4209-848c-ccf689e077ea', 'd10c2b80-f4a5-41ef-a429-193ac5e6488b', 'e26ba2ef-9b52-4c71-97df-9e4b6cf4174d', '2021-02-14T17:00:56.249785Z'),
('16546348-e6b4-4cba-b5ce-b2d826891e4d', 'f2a0a399-46a0-486b-a6fe-b39b2666791c', 'e26ba2ef-9b52-4c71-97df-9e4b6cf4174d', '2021-02-14T17:00:56.706588Z'),
('f24584bc-b0cd-4d88-849e-d740d9fa0782', '32f9135e-5034-4b37-872a-4638235ef7e5', 'e26ba2ef-9b52-4c71-97df-9e4b6cf4174d', '2021-02-14T17:00:57.192784Z'),
('9754e155-cdb7-44f8-9d49-511fc49a5340', 'd7005472-705c-4992-ab84-7646e172148e', 'e26ba2ef-9b52-4c71-97df-9e4b6cf4174d', '2021-02-14T17:00:57.583822Z'),
('8c9080dc-7f88-40f6-88c8-dcf9f187c0ed', '44993058-3d0a-42a4-9c1a-a6172581a543', 'e26ba2ef-9b52-4c71-97df-9e4b6cf4174d', '2021-02-14T17:00:58.065809Z'),
('4fb66497-b7d6-485a-b9ab-0b6777bcb140', 'e2b29195-b361-4b1f-bb5e-cad02c42f0f7', 'e26ba2ef-9b52-4c71-97df-9e4b6cf4174d', '2021-02-14T17:00:58.587493Z'),
('f20b2d62-a8f9-40dd-816f-a7cd16a717e2', '182cbc1f-6e41-4eb8-97d1-ccf59fdc5e26', 'e26ba2ef-9b52-4c71-97df-9e4b6cf4174d', '2021-02-14T17:00:59.108193Z'),
('0b04e1a7-a52f-4212-aa57-5a8a026b0751', 'f498982b-95f4-4527-9ce3-ee459368df5c', 'e26ba2ef-9b52-4c71-97df-9e4b6cf4174d', '2021-02-14T17:00:59.576680Z'),
('fb2dc68a-9ac9-4fa3-a7e5-b6d984ea255a', '2d42f016-8dea-429d-afb4-eef4b653bb4d', 'e26ba2ef-9b52-4c71-97df-9e4b6cf4174d', '2021-02-14T17:01:00.374745Z'),
('d16a56ed-4852-41b6-9416-9e5da8f966f2', '4c88638e-0727-4353-90b2-69f5a452c496', 'e26ba2ef-9b52-4c71-97df-9e4b6cf4174d', '2021-02-14T17:01:02.704377Z'),
('aef0c6e6-78e3-4934-b235-fe324491031e', 'b5ad17e4-bc21-4fa8-92ca-9c3c30ad4eb2', 'e26ba2ef-9b52-4c71-97df-9e4b6cf4174d', '2021-02-14T17:01:05.272636Z'),
('e95bfc40-07f3-4451-9b25-5660657280ec', 'eb17588c-f18e-490e-86dc-f1573a4179dd', 'e26ba2ef-9b52-4c71-97df-9e4b6cf4174d', '2021-02-14T17:01:08.866967Z'),
('7ea5f647-2c98-49ef-a553-b3c15258d80b', '0c111dee-02b5-46bb-9151-69a4f2c49a1e', 'e26ba2ef-9b52-4c71-97df-9e4b6cf4174d', '2021-02-14T17:01:10.610200Z'),
('09d39d04-1495-4f4d-be21-5b89d200a56f', '45bb7a45-2554-48f8-bcbc-174ebfd001e3', 'e26ba2ef-9b52-4c71-97df-9e4b6cf4174d', '2021-02-14T17:01:14.554398Z'),
('93e74afa-42ab-4d3b-b397-ffe78b4e526f', 'b0756dbb-3e67-4718-875c-4fb93b406a91', 'e26ba2ef-9b52-4c71-97df-9e4b6cf4174d', '2021-02-14T17:01:16.724645Z'),
('9d64f960-a800-45bf-876a-42fea3dbaafc', 'a3aeefbd-ab1d-45ef-aa66-cdfb045a799e', 'e26ba2ef-9b52-4c71-97df-9e4b6cf4174d', '2021-02-14T17:01:18.665897Z'),
('7246dd4b-0810-43d8-9bbc-b2f38acb093e', '3bdc1cbb-00e2-4b28-8fb6-28e8b5c86b46', 'e26ba2ef-9b52-4c71-97df-9e4b6cf4174d', '2021-02-14T17:01:21.572676Z');

--INSERT TELEMETRY_GOES--COUNT:43
INSERT INTO public.telemetry_goes (id, nesdis_id) 
VALUES
('f1103502-df6b-4206-be9e-fa7049d82bd9', 'DE203122'),
('82b8af30-b77e-47df-84b5-835613ca46ca', '17ACC13E'),
('d48b99ff-653c-42be-8ab6-e70db075cae3', 'DE25E08A'),
('a0a0070b-a8c1-412a-ba2f-529487848fef', 'CE8771CE'),
('5c269ead-872f-4a35-92c0-29a3fcf63bdf', 'DE15F58C'),
('de042ff2-8f7b-49d1-bebb-f190b972fdf3', 'DD8D036E'),
('5f38bb15-8de2-473b-af43-7d465474167b', 'DE160206'),
('cc46e7c2-233d-4c0a-86ba-de626173e03b', '17E731CE'),
('4643e521-6299-45ce-ac95-696f1854b42a', 'CE8721B2'),
('40c89372-8739-4feb-bc7a-bc283ba8f9bb', '17F2177C'),
('c25e1167-d2ad-40a0-80d0-5862ab82af4b', 'DD22D5C2'),
('f6efdd79-be3c-4350-8c3c-3ef77cf21386', '17E7475E'),
('bf7a57c8-1e7d-4c23-9006-bafa95d83a1d', 'DD64F03C'),
('cbdb6656-4d66-4d52-8247-2274f469e7af', 'DDB645BC'),
('06815b98-f0ce-465f-b93a-99a540fda13d', 'DDB0A680'),
('2aa5b4ee-b913-4261-876c-600276bbccb0', 'DD49F2B4'),
('0c2ebfd0-53a0-436a-ae7a-ba3a65573317', 'DD4A1648'),
('6b4b2725-ad8b-45cc-ab3c-fd2e4669baa5', '17B5F566'),
('9f2cb2dd-6aa6-4cbe-bf26-2f9e9dd2fe92', '17B6670A'),
('ceb1e43d-c624-4c01-af9d-f5183be856dc', '17456210'),
('0be258e8-72d2-4176-9e4f-cca71efc5643', '17D33284'),
('073529b7-be15-41ec-954e-2af61fec1597', 'DD24C67A'),
('cb1bf446-99cb-47f1-b144-cae33d12097d', '17B71360'),
('780fa3cf-8611-4837-b01d-338eeea994ca', '17CDA410'),
('22955f0d-6c05-434c-84e8-309ec8d3558d', '17B6E11E'),
('e8dc6780-8c8b-4582-aa39-a1dd65d46ee6', '17CD610E'),
('6141a3cb-a6d0-4433-9dc0-1fa2d021470d', 'CE87923C'),
('f30d3648-0a88-4426-a7f3-b742b9fef362', '17055456'),
('187b0ea9-4e9d-4e47-977b-72edff58d19b', 'CE87814A'),
('136eddf7-9f85-4bd7-a65a-01e81b86d8ef', 'CE8762B8'),
('1485f6f8-92b6-4a00-81cb-ebf44ae2b25c', 'CE875722'),
('9989a7d2-2114-43cb-bc11-8e15a01aecf2', 'CE874454'),
('528fec7a-6611-4ea1-975a-6ceaa8aadcfd', 'CE871428'),
('fe7a64ab-585a-476e-98db-9139d5ab01cd', 'CE87075E'),
('c330cb82-dc78-4378-90ea-806db67aed61', 'DD2CC2DC'),
('4f460c7b-929f-40e1-9a90-8455f9b96128', 'CE87E4AC'),
('6a6b8581-be11-4272-b64d-318d0076d2df', '17EAE4C0'),
('e1b49982-3da6-4e32-877b-89d5e257f71f', 'CE87F7DA'),
('e09a9bc1-ddb6-4e32-b079-9603e0e1c5c5', 'DE25D510'),
('afd220f4-2fe3-45eb-a4e2-fc459e04343d', 'CE86B62A'),
('bf60ed99-015e-471f-a5a1-62e53b6a8da0', 'DE0CA432'),
('429ba930-c317-4eb6-97d8-ba979d728cf6', 'D11C04F8'),
('ab09dd8d-1cc1-488a-a682-a5d991558735', 'DE0CD2A2');

--INSERT INSTRUMENT_TELEMETRY--COUNT:43
INSERT INTO public.instrument_telemetry (instrument_id, telemetry_type_id, telemetry_id) 
VALUES
('fa7959be-0828-4b50-a6a4-ab60ea5d56f0', '10a32652-af43-4451-bd52-4980c5690cc9', 'f1103502-df6b-4206-be9e-fa7049d82bd9'),
('fa110299-081f-4d71-a0b5-ccf5c74c3c63', '10a32652-af43-4451-bd52-4980c5690cc9', '82b8af30-b77e-47df-84b5-835613ca46ca'),
('7fb31d3f-12fe-48b0-92c7-84c0833ae8f7', '10a32652-af43-4451-bd52-4980c5690cc9', 'd48b99ff-653c-42be-8ab6-e70db075cae3'),
('536b31f2-a55d-4b52-ab44-f1f4c5f67051', '10a32652-af43-4451-bd52-4980c5690cc9', 'a0a0070b-a8c1-412a-ba2f-529487848fef'),
('29a02c33-d0d1-4005-b14a-401e5627e698', '10a32652-af43-4451-bd52-4980c5690cc9', '5c269ead-872f-4a35-92c0-29a3fcf63bdf'),
('10713a52-01e9-45cc-8701-b4f9ff3f1dad', '10a32652-af43-4451-bd52-4980c5690cc9', 'de042ff2-8f7b-49d1-bebb-f190b972fdf3'),
('d6cf17bd-c423-4d96-9455-802b92d74783', '10a32652-af43-4451-bd52-4980c5690cc9', '5f38bb15-8de2-473b-af43-7d465474167b'),
('a28ec9ab-ea7d-4594-8062-5643d7777faf', '10a32652-af43-4451-bd52-4980c5690cc9', 'cc46e7c2-233d-4c0a-86ba-de626173e03b'),
('9cc36410-6215-46f8-91a4-3a182ed97704', '10a32652-af43-4451-bd52-4980c5690cc9', '4643e521-6299-45ce-ac95-696f1854b42a'),
('3142a1a4-c676-4412-8b54-9d66a91c6ed9', '10a32652-af43-4451-bd52-4980c5690cc9', '40c89372-8739-4feb-bc7a-bc283ba8f9bb'),
('6672e5dc-7d44-429b-bdee-04b1a57fe3b3', '10a32652-af43-4451-bd52-4980c5690cc9', 'c25e1167-d2ad-40a0-80d0-5862ab82af4b'),
('41d060a8-06b4-4d77-81df-18dbb66fe407', '10a32652-af43-4451-bd52-4980c5690cc9', 'f6efdd79-be3c-4350-8c3c-3ef77cf21386'),
('31e5973c-c6e4-4c28-b1ba-d26b52b4eff4', '10a32652-af43-4451-bd52-4980c5690cc9', 'bf7a57c8-1e7d-4c23-9006-bafa95d83a1d'),
('53c8ef1a-858a-44d0-98e2-b4dd11a7ea82', '10a32652-af43-4451-bd52-4980c5690cc9', 'cbdb6656-4d66-4d52-8247-2274f469e7af'),
('848e1bdc-c964-4132-96af-af7ec0d03e60', '10a32652-af43-4451-bd52-4980c5690cc9', '06815b98-f0ce-465f-b93a-99a540fda13d'),
('2baa91db-14b8-44b4-ae8d-4dfbd52491d0', '10a32652-af43-4451-bd52-4980c5690cc9', '2aa5b4ee-b913-4261-876c-600276bbccb0'),
('a2d921dd-baee-4392-98c7-3a02577402df', '10a32652-af43-4451-bd52-4980c5690cc9', '0c2ebfd0-53a0-436a-ae7a-ba3a65573317'),
('8e2feef2-182f-4a97-8d23-98ca17896149', '10a32652-af43-4451-bd52-4980c5690cc9', '6b4b2725-ad8b-45cc-ab3c-fd2e4669baa5'),
('06b03cbc-4e1c-421f-bbef-f50ac0766cfe', '10a32652-af43-4451-bd52-4980c5690cc9', '9f2cb2dd-6aa6-4cbe-bf26-2f9e9dd2fe92'),
('11af751e-21ae-401b-925f-f2ff18b2ddcc', '10a32652-af43-4451-bd52-4980c5690cc9', 'ceb1e43d-c624-4c01-af9d-f5183be856dc'),
('f10d60b1-1008-492c-a33e-68a2ecd53fe6', '10a32652-af43-4451-bd52-4980c5690cc9', '0be258e8-72d2-4176-9e4f-cca71efc5643'),
('03898d48-bd83-482e-b97d-95a2655da8fb', '10a32652-af43-4451-bd52-4980c5690cc9', '073529b7-be15-41ec-954e-2af61fec1597'),
('ea59766d-9127-4a61-bad0-8d4cb3463138', '10a32652-af43-4451-bd52-4980c5690cc9', 'cb1bf446-99cb-47f1-b144-cae33d12097d'),
('2bbe50bf-326e-473f-8f97-5e13ec7b04ca', '10a32652-af43-4451-bd52-4980c5690cc9', '780fa3cf-8611-4837-b01d-338eeea994ca'),
('7187d72a-d151-4a49-ada2-276e551f026b', '10a32652-af43-4451-bd52-4980c5690cc9', '22955f0d-6c05-434c-84e8-309ec8d3558d'),
('e555799d-09a5-4e3e-9c92-e96eaf88e85b', '10a32652-af43-4451-bd52-4980c5690cc9', 'e8dc6780-8c8b-4582-aa39-a1dd65d46ee6'),
('d10c2b80-f4a5-41ef-a429-193ac5e6488b', '10a32652-af43-4451-bd52-4980c5690cc9', '6141a3cb-a6d0-4433-9dc0-1fa2d021470d'),
('f2a0a399-46a0-486b-a6fe-b39b2666791c', '10a32652-af43-4451-bd52-4980c5690cc9', 'f30d3648-0a88-4426-a7f3-b742b9fef362'),
('32f9135e-5034-4b37-872a-4638235ef7e5', '10a32652-af43-4451-bd52-4980c5690cc9', '187b0ea9-4e9d-4e47-977b-72edff58d19b'),
('d7005472-705c-4992-ab84-7646e172148e', '10a32652-af43-4451-bd52-4980c5690cc9', '136eddf7-9f85-4bd7-a65a-01e81b86d8ef'),
('44993058-3d0a-42a4-9c1a-a6172581a543', '10a32652-af43-4451-bd52-4980c5690cc9', '1485f6f8-92b6-4a00-81cb-ebf44ae2b25c'),
('e2b29195-b361-4b1f-bb5e-cad02c42f0f7', '10a32652-af43-4451-bd52-4980c5690cc9', '9989a7d2-2114-43cb-bc11-8e15a01aecf2'),
('182cbc1f-6e41-4eb8-97d1-ccf59fdc5e26', '10a32652-af43-4451-bd52-4980c5690cc9', '528fec7a-6611-4ea1-975a-6ceaa8aadcfd'),
('f498982b-95f4-4527-9ce3-ee459368df5c', '10a32652-af43-4451-bd52-4980c5690cc9', 'fe7a64ab-585a-476e-98db-9139d5ab01cd'),
('2d42f016-8dea-429d-afb4-eef4b653bb4d', '10a32652-af43-4451-bd52-4980c5690cc9', 'c330cb82-dc78-4378-90ea-806db67aed61'),
('4c88638e-0727-4353-90b2-69f5a452c496', '10a32652-af43-4451-bd52-4980c5690cc9', '4f460c7b-929f-40e1-9a90-8455f9b96128'),
('b5ad17e4-bc21-4fa8-92ca-9c3c30ad4eb2', '10a32652-af43-4451-bd52-4980c5690cc9', '6a6b8581-be11-4272-b64d-318d0076d2df'),
('eb17588c-f18e-490e-86dc-f1573a4179dd', '10a32652-af43-4451-bd52-4980c5690cc9', 'e1b49982-3da6-4e32-877b-89d5e257f71f'),
('0c111dee-02b5-46bb-9151-69a4f2c49a1e', '10a32652-af43-4451-bd52-4980c5690cc9', 'e09a9bc1-ddb6-4e32-b079-9603e0e1c5c5'),
('45bb7a45-2554-48f8-bcbc-174ebfd001e3', '10a32652-af43-4451-bd52-4980c5690cc9', 'afd220f4-2fe3-45eb-a4e2-fc459e04343d'),
('b0756dbb-3e67-4718-875c-4fb93b406a91', '10a32652-af43-4451-bd52-4980c5690cc9', 'bf60ed99-015e-471f-a5a1-62e53b6a8da0'),
('a3aeefbd-ab1d-45ef-aa66-cdfb045a799e', '10a32652-af43-4451-bd52-4980c5690cc9', '429ba930-c317-4eb6-97d8-ba979d728cf6'),
('3bdc1cbb-00e2-4b28-8fb6-28e8b5c86b46', '10a32652-af43-4451-bd52-4980c5690cc9', 'ab09dd8d-1cc1-488a-a682-a5d991558735');

--INSERT TIMESERIES--COUNT:49
INSERT INTO public.timeseries(id, slug, name, instrument_id, parameter_id, unit_id) 
VALUES
('4bc56dba-11d3-408f-bf29-6699375e58e9','stage','Stage','fa7959be-0828-4b50-a6a4-ab60ea5d56f0', 'b49f214e-f69f-43da-9ce3-ad96042268d0', 'f777f2e2-5e32-424e-a1ca-19d16cd8abce'),
('bc83a9bb-56e9-4a7a-ad6c-b68b0d9eb328','precipitation','Precipitation','fa7959be-0828-4b50-a6a4-ab60ea5d56f0', '0ce77a5a-8283-47cd-9126-c440bcec4ef6', '4ee79a3d-a053-41b8-85b5-bb2eea3c9d1a'),
('b442471f-d624-459c-ac37-67d10e975385','voltage','Voltage','fa7959be-0828-4b50-a6a4-ab60ea5d56f0', '430e5edb-e2b5-4f86-b19f-cda26a27e151', '6b5bd788-8c78-43bb-b5a3-ad544b858a64'),
('92a7e7e4-d158-4285-9b62-8e25144390e9','stage','Stage','fa110299-081f-4d71-a0b5-ccf5c74c3c63', 'b49f214e-f69f-43da-9ce3-ad96042268d0', 'f777f2e2-5e32-424e-a1ca-19d16cd8abce'),
('f5ebffbc-8891-47f9-b10b-d0408f0d7cf4','precipitation','Precipitation','fa110299-081f-4d71-a0b5-ccf5c74c3c63', '0ce77a5a-8283-47cd-9126-c440bcec4ef6', '4ee79a3d-a053-41b8-85b5-bb2eea3c9d1a'),
('3823d4fd-ffc4-4ef9-80eb-43b9049b7dc2','voltage','Voltage','fa110299-081f-4d71-a0b5-ccf5c74c3c63', '430e5edb-e2b5-4f86-b19f-cda26a27e151', '6b5bd788-8c78-43bb-b5a3-ad544b858a64'),
('65518698-fe00-490b-9339-b42a06f96973','stage','Stage','9703a0be-ca00-4833-9861-9e566fdbd9f0', 'b49f214e-f69f-43da-9ce3-ad96042268d0', 'f777f2e2-5e32-424e-a1ca-19d16cd8abce'),
('fceec2c4-b4de-48b1-ae97-ddb3e2754e10','precipitation','Precipitation','9703a0be-ca00-4833-9861-9e566fdbd9f0', '0ce77a5a-8283-47cd-9126-c440bcec4ef6', '4ee79a3d-a053-41b8-85b5-bb2eea3c9d1a'),
('639b6b0a-e6a0-463f-832c-8bbc7aa9737c','voltage','Voltage','9703a0be-ca00-4833-9861-9e566fdbd9f0', '430e5edb-e2b5-4f86-b19f-cda26a27e151', '6b5bd788-8c78-43bb-b5a3-ad544b858a64'),
('7121b714-7f1a-4ce4-97c8-c58281b8a83c','stage','Stage','4e28e919-dbfb-422f-a739-623e4f8524b1', 'b49f214e-f69f-43da-9ce3-ad96042268d0', 'f777f2e2-5e32-424e-a1ca-19d16cd8abce'),
('d8ab9c6c-841d-46b2-87df-b56a84b8c4b3','precipitation','Precipitation','4e28e919-dbfb-422f-a739-623e4f8524b1', '0ce77a5a-8283-47cd-9126-c440bcec4ef6', '4ee79a3d-a053-41b8-85b5-bb2eea3c9d1a'),
('debcbf11-13b6-4678-8f8c-7a16e8aba3d0','voltage','Voltage','4e28e919-dbfb-422f-a739-623e4f8524b1', '430e5edb-e2b5-4f86-b19f-cda26a27e151', '6b5bd788-8c78-43bb-b5a3-ad544b858a64'),
('5237078d-1141-4d88-a372-dbcee6d897e9','stage','Stage','7fb31d3f-12fe-48b0-92c7-84c0833ae8f7', 'b49f214e-f69f-43da-9ce3-ad96042268d0', 'f777f2e2-5e32-424e-a1ca-19d16cd8abce'),
('f7c3098c-6162-4913-87ff-fa31aacffc91','precipitation','Precipitation','7fb31d3f-12fe-48b0-92c7-84c0833ae8f7', '0ce77a5a-8283-47cd-9126-c440bcec4ef6', '4ee79a3d-a053-41b8-85b5-bb2eea3c9d1a'),
('394917cb-9099-40b2-8c0e-dbf8e0e3c78d','voltage','Voltage','7fb31d3f-12fe-48b0-92c7-84c0833ae8f7', '430e5edb-e2b5-4f86-b19f-cda26a27e151', '6b5bd788-8c78-43bb-b5a3-ad544b858a64'),
('420fa458-663e-4345-b490-f39fffbf9949','stage','Stage','536b31f2-a55d-4b52-ab44-f1f4c5f67051', 'b49f214e-f69f-43da-9ce3-ad96042268d0', 'f777f2e2-5e32-424e-a1ca-19d16cd8abce'),
('dc760f43-241b-4d78-8ab2-81b115e486eb','precipitation','Precipitation','536b31f2-a55d-4b52-ab44-f1f4c5f67051', '0ce77a5a-8283-47cd-9126-c440bcec4ef6', '4ee79a3d-a053-41b8-85b5-bb2eea3c9d1a'),
('467a69ec-6b7c-48a4-9357-2b444f2a2c5d','voltage','Voltage','536b31f2-a55d-4b52-ab44-f1f4c5f67051', '430e5edb-e2b5-4f86-b19f-cda26a27e151', '6b5bd788-8c78-43bb-b5a3-ad544b858a64'),
('b7b6ee46-374b-4083-871c-9309fec40ff1','stage','Stage','29a02c33-d0d1-4005-b14a-401e5627e698', 'b49f214e-f69f-43da-9ce3-ad96042268d0', 'f777f2e2-5e32-424e-a1ca-19d16cd8abce'),
('92a204a7-f2a5-424b-9e1a-1cb79ee4065e','precipitation','Precipitation','29a02c33-d0d1-4005-b14a-401e5627e698', '0ce77a5a-8283-47cd-9126-c440bcec4ef6', '4ee79a3d-a053-41b8-85b5-bb2eea3c9d1a'),
('ef18a079-01c8-4da1-906e-7e446b6a1383','voltage','Voltage','29a02c33-d0d1-4005-b14a-401e5627e698', '430e5edb-e2b5-4f86-b19f-cda26a27e151', '6b5bd788-8c78-43bb-b5a3-ad544b858a64'),
('ea069b54-3827-4076-aa55-7150516d6cb0','stage','Stage','10713a52-01e9-45cc-8701-b4f9ff3f1dad', 'b49f214e-f69f-43da-9ce3-ad96042268d0', 'f777f2e2-5e32-424e-a1ca-19d16cd8abce'),
('c7ba7ddb-40b6-43ea-8f62-abf8be1c4caa','voltage','Voltage','10713a52-01e9-45cc-8701-b4f9ff3f1dad', '430e5edb-e2b5-4f86-b19f-cda26a27e151', '6b5bd788-8c78-43bb-b5a3-ad544b858a64'),
('a116727e-3b1e-4148-a129-c7e2da6d885a','stage','Stage','d6cf17bd-c423-4d96-9455-802b92d74783', 'b49f214e-f69f-43da-9ce3-ad96042268d0', 'f777f2e2-5e32-424e-a1ca-19d16cd8abce'),
('8499144e-ef0b-4e0a-96cb-59b2f3136062','voltage','Voltage','d6cf17bd-c423-4d96-9455-802b92d74783', '430e5edb-e2b5-4f86-b19f-cda26a27e151', '6b5bd788-8c78-43bb-b5a3-ad544b858a64'),
('42df53f1-c8a3-4da1-b0de-ce16fd69ce16','stage','Stage','a28ec9ab-ea7d-4594-8062-5643d7777faf', 'b49f214e-f69f-43da-9ce3-ad96042268d0', 'f777f2e2-5e32-424e-a1ca-19d16cd8abce'),
('9f8e9085-932a-455e-8828-5bb75de02472','precipitation','Precipitation','a28ec9ab-ea7d-4594-8062-5643d7777faf', '0ce77a5a-8283-47cd-9126-c440bcec4ef6', '4ee79a3d-a053-41b8-85b5-bb2eea3c9d1a'),
('95bf6beb-e044-4314-8d04-caa485d6af56','voltage','Voltage','a28ec9ab-ea7d-4594-8062-5643d7777faf', '430e5edb-e2b5-4f86-b19f-cda26a27e151', '6b5bd788-8c78-43bb-b5a3-ad544b858a64'),
('902015c5-baa3-4068-9e93-34528163d12f','stage','Stage','9cc36410-6215-46f8-91a4-3a182ed97704', 'b49f214e-f69f-43da-9ce3-ad96042268d0', 'f777f2e2-5e32-424e-a1ca-19d16cd8abce'),
('6894108c-c6cc-43c0-94fa-c69c77a293c1','precipitation','Precipitation','9cc36410-6215-46f8-91a4-3a182ed97704', '0ce77a5a-8283-47cd-9126-c440bcec4ef6', '4ee79a3d-a053-41b8-85b5-bb2eea3c9d1a'),
('c3f07e60-b0bc-4c0c-9c67-45bfc1d1f04e','voltage','Voltage','9cc36410-6215-46f8-91a4-3a182ed97704', '430e5edb-e2b5-4f86-b19f-cda26a27e151', '6b5bd788-8c78-43bb-b5a3-ad544b858a64'),
('d2f7c967-89e0-4589-95c2-82c2f90c2465','stage','Stage','3142a1a4-c676-4412-8b54-9d66a91c6ed9', 'b49f214e-f69f-43da-9ce3-ad96042268d0', 'f777f2e2-5e32-424e-a1ca-19d16cd8abce'),
('80570a35-dc07-413b-98dd-8823f61b4bb0','precipitation','Precipitation','3142a1a4-c676-4412-8b54-9d66a91c6ed9', '0ce77a5a-8283-47cd-9126-c440bcec4ef6', '4ee79a3d-a053-41b8-85b5-bb2eea3c9d1a'),
('ab167372-370b-46c0-9e35-30c198c142f8','voltage','Voltage','3142a1a4-c676-4412-8b54-9d66a91c6ed9', '430e5edb-e2b5-4f86-b19f-cda26a27e151', '6b5bd788-8c78-43bb-b5a3-ad544b858a64'),
('45882629-a7f4-4f44-ba54-e81171bf071a','precipitation','Precipitation','6672e5dc-7d44-429b-bdee-04b1a57fe3b3', '0ce77a5a-8283-47cd-9126-c440bcec4ef6', '4ee79a3d-a053-41b8-85b5-bb2eea3c9d1a'),
('c29ce00c-ce13-4ac4-ba70-7a066c8a5f7c','voltage','Voltage','6672e5dc-7d44-429b-bdee-04b1a57fe3b3', '430e5edb-e2b5-4f86-b19f-cda26a27e151', '6b5bd788-8c78-43bb-b5a3-ad544b858a64'),
('7202708b-967e-4b7d-8f3a-fac82867e4c8','stage','Stage','41d060a8-06b4-4d77-81df-18dbb66fe407', 'b49f214e-f69f-43da-9ce3-ad96042268d0', 'f777f2e2-5e32-424e-a1ca-19d16cd8abce'),
('a882beef-eaca-408f-802f-a29bd92b4d6a','precipitation','Precipitation','41d060a8-06b4-4d77-81df-18dbb66fe407', '0ce77a5a-8283-47cd-9126-c440bcec4ef6', '4ee79a3d-a053-41b8-85b5-bb2eea3c9d1a'),
('08f4ef1f-1461-4967-895e-2cf4347b6100','voltage','Voltage','41d060a8-06b4-4d77-81df-18dbb66fe407', '430e5edb-e2b5-4f86-b19f-cda26a27e151', '6b5bd788-8c78-43bb-b5a3-ad544b858a64'),
('2c0d33fd-2594-47bf-926c-d5851caf0dcd','stage','Stage','31e5973c-c6e4-4c28-b1ba-d26b52b4eff4', 'b49f214e-f69f-43da-9ce3-ad96042268d0', 'f777f2e2-5e32-424e-a1ca-19d16cd8abce'),
('73a63c04-fab3-45b4-9f6e-af91204bb331','precipitation','Precipitation','31e5973c-c6e4-4c28-b1ba-d26b52b4eff4', '0ce77a5a-8283-47cd-9126-c440bcec4ef6', '4ee79a3d-a053-41b8-85b5-bb2eea3c9d1a'),
('d03be292-fb9c-4900-be39-e1951c0a8764','voltage','Voltage','31e5973c-c6e4-4c28-b1ba-d26b52b4eff4', '430e5edb-e2b5-4f86-b19f-cda26a27e151', '6b5bd788-8c78-43bb-b5a3-ad544b858a64'),
('d06fa957-ed72-41d9-a0b6-b9c07457fc00','stage','Stage','53c8ef1a-858a-44d0-98e2-b4dd11a7ea82', 'b49f214e-f69f-43da-9ce3-ad96042268d0', 'f777f2e2-5e32-424e-a1ca-19d16cd8abce'),
('9fcb2471-1808-4c09-9fad-75563c7f277e','precipitation','Precipitation','53c8ef1a-858a-44d0-98e2-b4dd11a7ea82', '0ce77a5a-8283-47cd-9126-c440bcec4ef6', '4ee79a3d-a053-41b8-85b5-bb2eea3c9d1a'),
('7fec18f8-2557-4fef-bd8f-75822645a955','voltage','Voltage','53c8ef1a-858a-44d0-98e2-b4dd11a7ea82', '430e5edb-e2b5-4f86-b19f-cda26a27e151', '6b5bd788-8c78-43bb-b5a3-ad544b858a64'),
('7186ccf3-27b5-4e18-b190-4b6d173fc22e','stage','Stage','e988cf9d-ca61-423e-8b3f-4b60ef7e2850', 'b49f214e-f69f-43da-9ce3-ad96042268d0', 'f777f2e2-5e32-424e-a1ca-19d16cd8abce'),
('bb8b43e3-9181-46b7-9238-95b1df4fabb8','precipitation','Precipitation','e988cf9d-ca61-423e-8b3f-4b60ef7e2850', '0ce77a5a-8283-47cd-9126-c440bcec4ef6', '4ee79a3d-a053-41b8-85b5-bb2eea3c9d1a'),
('eed1709c-3c7a-42fd-9191-5f306ca21b5e','voltage','Voltage','e988cf9d-ca61-423e-8b3f-4b60ef7e2850', '430e5edb-e2b5-4f86-b19f-cda26a27e151', '6b5bd788-8c78-43bb-b5a3-ad544b858a64'),
('e6462e9d-7897-4cf6-aead-724ccfd5b7bd','stage','Stage','848e1bdc-c964-4132-96af-af7ec0d03e60', 'b49f214e-f69f-43da-9ce3-ad96042268d0', 'f777f2e2-5e32-424e-a1ca-19d16cd8abce'),
('cee77031-16c8-40cf-9f11-71d9792291e4','precipitation','Precipitation','848e1bdc-c964-4132-96af-af7ec0d03e60', '0ce77a5a-8283-47cd-9126-c440bcec4ef6', '4ee79a3d-a053-41b8-85b5-bb2eea3c9d1a'),
('eb09229b-830d-44a5-bac7-8940b463719f','voltage','Voltage','848e1bdc-c964-4132-96af-af7ec0d03e60', '430e5edb-e2b5-4f86-b19f-cda26a27e151', '6b5bd788-8c78-43bb-b5a3-ad544b858a64'),
('0a18777a-48f2-4371-a634-d67a551ab5b0','stage','Stage','2baa91db-14b8-44b4-ae8d-4dfbd52491d0', 'b49f214e-f69f-43da-9ce3-ad96042268d0', 'f777f2e2-5e32-424e-a1ca-19d16cd8abce'),
('031dff4e-5860-4a49-8ecc-29f747544a66','precipitation','Precipitation','2baa91db-14b8-44b4-ae8d-4dfbd52491d0', '0ce77a5a-8283-47cd-9126-c440bcec4ef6', '4ee79a3d-a053-41b8-85b5-bb2eea3c9d1a'),
('74c39196-0b4c-4567-a4cc-115a47ce6b4f','voltage','Voltage','2baa91db-14b8-44b4-ae8d-4dfbd52491d0', '430e5edb-e2b5-4f86-b19f-cda26a27e151', '6b5bd788-8c78-43bb-b5a3-ad544b858a64'),
('f190243b-199f-4de7-b982-652a8fdcd67f','stage','Stage','a2d921dd-baee-4392-98c7-3a02577402df', 'b49f214e-f69f-43da-9ce3-ad96042268d0', 'f777f2e2-5e32-424e-a1ca-19d16cd8abce'),
('9b07a4c3-d8a1-4262-b239-018e8103358d','voltage','Voltage','a2d921dd-baee-4392-98c7-3a02577402df', '430e5edb-e2b5-4f86-b19f-cda26a27e151', '6b5bd788-8c78-43bb-b5a3-ad544b858a64'),
('c1706ca6-08eb-45fa-bd98-e9b379485bca','stage','Stage','8e2feef2-182f-4a97-8d23-98ca17896149', 'b49f214e-f69f-43da-9ce3-ad96042268d0', 'f777f2e2-5e32-424e-a1ca-19d16cd8abce'),
('40cac715-4e18-4fa3-a258-491917dcf1fb','precipitation','Precipitation','8e2feef2-182f-4a97-8d23-98ca17896149', '0ce77a5a-8283-47cd-9126-c440bcec4ef6', '4ee79a3d-a053-41b8-85b5-bb2eea3c9d1a'),
('4c088bf0-529c-407c-8682-f873c4a5516f','voltage','Voltage','8e2feef2-182f-4a97-8d23-98ca17896149', '430e5edb-e2b5-4f86-b19f-cda26a27e151', '6b5bd788-8c78-43bb-b5a3-ad544b858a64'),
('1c7ab175-00e7-4032-96d0-100ebad8d3db','stage','Stage','06b03cbc-4e1c-421f-bbef-f50ac0766cfe', 'b49f214e-f69f-43da-9ce3-ad96042268d0', 'f777f2e2-5e32-424e-a1ca-19d16cd8abce'),
('c1c51130-447a-4ae7-a86d-dc33d9d0ff88','precipitation','Precipitation','06b03cbc-4e1c-421f-bbef-f50ac0766cfe', '0ce77a5a-8283-47cd-9126-c440bcec4ef6', '4ee79a3d-a053-41b8-85b5-bb2eea3c9d1a'),
('cb8caad1-8aae-4da1-a57c-cb0d7473e41c','voltage','Voltage','06b03cbc-4e1c-421f-bbef-f50ac0766cfe', '430e5edb-e2b5-4f86-b19f-cda26a27e151', '6b5bd788-8c78-43bb-b5a3-ad544b858a64'),
('42037974-5347-4f5a-893c-9499ccb80321','stage','Stage','11af751e-21ae-401b-925f-f2ff18b2ddcc', 'b49f214e-f69f-43da-9ce3-ad96042268d0', 'f777f2e2-5e32-424e-a1ca-19d16cd8abce'),
('5d042cca-7bb3-4f7d-9607-6d5e8f6d4d3f','precipitation','Precipitation','11af751e-21ae-401b-925f-f2ff18b2ddcc', '0ce77a5a-8283-47cd-9126-c440bcec4ef6', '4ee79a3d-a053-41b8-85b5-bb2eea3c9d1a'),
('a274c555-2e35-4503-982e-beccc954c7e6','voltage','Voltage','11af751e-21ae-401b-925f-f2ff18b2ddcc', '430e5edb-e2b5-4f86-b19f-cda26a27e151', '6b5bd788-8c78-43bb-b5a3-ad544b858a64'),
('ec11ff6d-3036-4ce4-85ce-8bb5927953be','stage','Stage','f10d60b1-1008-492c-a33e-68a2ecd53fe6', 'b49f214e-f69f-43da-9ce3-ad96042268d0', 'f777f2e2-5e32-424e-a1ca-19d16cd8abce'),
('d146c7bd-8405-400c-9423-7aef56ed317c','precipitation','Precipitation','f10d60b1-1008-492c-a33e-68a2ecd53fe6', '0ce77a5a-8283-47cd-9126-c440bcec4ef6', '4ee79a3d-a053-41b8-85b5-bb2eea3c9d1a'),
('422c8167-f82b-4a4c-950c-2b2d28866505','voltage','Voltage','f10d60b1-1008-492c-a33e-68a2ecd53fe6', '430e5edb-e2b5-4f86-b19f-cda26a27e151', '6b5bd788-8c78-43bb-b5a3-ad544b858a64'),
('a6d00bc2-58f9-4f2c-a17a-d996b98c8413','stage','Stage','03898d48-bd83-482e-b97d-95a2655da8fb', 'b49f214e-f69f-43da-9ce3-ad96042268d0', 'f777f2e2-5e32-424e-a1ca-19d16cd8abce'),
('2d61c19c-4789-4138-863a-5fc1c521ab67','precipitation','Precipitation','03898d48-bd83-482e-b97d-95a2655da8fb', '0ce77a5a-8283-47cd-9126-c440bcec4ef6', '4ee79a3d-a053-41b8-85b5-bb2eea3c9d1a'),
('64e2b8ad-8871-418a-b029-b20927a0cb83','voltage','Voltage','03898d48-bd83-482e-b97d-95a2655da8fb', '430e5edb-e2b5-4f86-b19f-cda26a27e151', '6b5bd788-8c78-43bb-b5a3-ad544b858a64'),
('25faee3a-75e4-4bb4-ba3a-9ad7addaf162','stage','Stage','ea59766d-9127-4a61-bad0-8d4cb3463138', 'b49f214e-f69f-43da-9ce3-ad96042268d0', 'f777f2e2-5e32-424e-a1ca-19d16cd8abce'),
('f2d956d1-dc96-4e57-b7d0-438ba074f46c','precipitation','Precipitation','ea59766d-9127-4a61-bad0-8d4cb3463138', '0ce77a5a-8283-47cd-9126-c440bcec4ef6', '4ee79a3d-a053-41b8-85b5-bb2eea3c9d1a'),
('27dcf371-1385-4464-828c-602af05094bb','voltage','Voltage','ea59766d-9127-4a61-bad0-8d4cb3463138', '430e5edb-e2b5-4f86-b19f-cda26a27e151', '6b5bd788-8c78-43bb-b5a3-ad544b858a64'),
('ae3fb8ad-7ba6-4bb6-8129-ba77f0c8f1ac','stage','Stage','2bbe50bf-326e-473f-8f97-5e13ec7b04ca', 'b49f214e-f69f-43da-9ce3-ad96042268d0', 'f777f2e2-5e32-424e-a1ca-19d16cd8abce'),
('3ae690fd-bebf-43e1-a942-3537849343bb','precipitation','Precipitation','2bbe50bf-326e-473f-8f97-5e13ec7b04ca', '0ce77a5a-8283-47cd-9126-c440bcec4ef6', '4ee79a3d-a053-41b8-85b5-bb2eea3c9d1a'),
('bb0bfb2c-043e-4632-8c0b-8388f836f952','dissolved-oxygen','Dissolved Oxygen','2bbe50bf-326e-473f-8f97-5e13ec7b04ca', '98007857-d027-4524-9a63-d07ae93e5fa2', '67d75ccd-6bf7-4086-a970-5ed65a5c30f3'),
('7682911f-bc76-4e7e-b9ac-03a0415efa6f','ph','pH','2bbe50bf-326e-473f-8f97-5e13ec7b04ca', '5d0b2c85-6a4c-4d82-aed3-193b066349f1', 'cfac3e61-64e1-456d-890e-0655038e8218'),
('9fa5f215-927d-46bf-947a-84844facb111','voltage','Voltage','2bbe50bf-326e-473f-8f97-5e13ec7b04ca', '430e5edb-e2b5-4f86-b19f-cda26a27e151', '6b5bd788-8c78-43bb-b5a3-ad544b858a64'),
('9174bd94-664a-43ad-a4f7-f0cad05085c4','stage','Stage','9f2ff536-9c6e-4988-a121-33539a666f30', 'b49f214e-f69f-43da-9ce3-ad96042268d0', 'f777f2e2-5e32-424e-a1ca-19d16cd8abce'),
('270d4317-0cfd-4a0e-ac60-7006d90353b9','precipitation','Precipitation','9f2ff536-9c6e-4988-a121-33539a666f30', '0ce77a5a-8283-47cd-9126-c440bcec4ef6', '4ee79a3d-a053-41b8-85b5-bb2eea3c9d1a'),
('eb2a7ad4-c1ce-4b13-bd1e-5310a618a82c','voltage','Voltage','9f2ff536-9c6e-4988-a121-33539a666f30', '430e5edb-e2b5-4f86-b19f-cda26a27e151', '6b5bd788-8c78-43bb-b5a3-ad544b858a64'),
('d870eed7-8328-4685-8aa0-fe9dcb09a8e9','precipitation','Precipitation','364d05aa-7658-4272-ba84-6ec5cafad477', '0ce77a5a-8283-47cd-9126-c440bcec4ef6', '4ee79a3d-a053-41b8-85b5-bb2eea3c9d1a'),
('0aec31d5-9dec-4176-958e-aeeec82e8766','voltage','Voltage','364d05aa-7658-4272-ba84-6ec5cafad477', '430e5edb-e2b5-4f86-b19f-cda26a27e151', '6b5bd788-8c78-43bb-b5a3-ad544b858a64'),
('35262b6d-4f67-473d-8c33-4d0a2974b46a','stage','Stage','7187d72a-d151-4a49-ada2-276e551f026b', 'b49f214e-f69f-43da-9ce3-ad96042268d0', 'f777f2e2-5e32-424e-a1ca-19d16cd8abce'),
('50c9e687-ba3f-488e-80b7-a063ea5b7d79','precipitation','Precipitation','7187d72a-d151-4a49-ada2-276e551f026b', '0ce77a5a-8283-47cd-9126-c440bcec4ef6', '4ee79a3d-a053-41b8-85b5-bb2eea3c9d1a'),
('eb31b016-6c2c-46c6-b187-c5c5edf05d86','voltage','Voltage','7187d72a-d151-4a49-ada2-276e551f026b', '430e5edb-e2b5-4f86-b19f-cda26a27e151', '6b5bd788-8c78-43bb-b5a3-ad544b858a64'),
('d0923b2c-4c01-4d6c-ad85-f0a5936e5d4e','stage','Stage','bb680f46-257c-4581-a596-e11f16d555a1', 'b49f214e-f69f-43da-9ce3-ad96042268d0', 'f777f2e2-5e32-424e-a1ca-19d16cd8abce'),
('b66fd1a6-2b39-4d41-b8d0-6aa64af2079d','precipitation','Precipitation','bb680f46-257c-4581-a596-e11f16d555a1', '0ce77a5a-8283-47cd-9126-c440bcec4ef6', '4ee79a3d-a053-41b8-85b5-bb2eea3c9d1a'),
('e2506f3f-ff67-4159-9206-807295d5514e','voltage','Voltage','bb680f46-257c-4581-a596-e11f16d555a1', '430e5edb-e2b5-4f86-b19f-cda26a27e151', '6b5bd788-8c78-43bb-b5a3-ad544b858a64'),
('3d6f16f5-efce-49ee-969c-c67425b4f14e','stage','Stage','e555799d-09a5-4e3e-9c92-e96eaf88e85b', 'b49f214e-f69f-43da-9ce3-ad96042268d0', 'f777f2e2-5e32-424e-a1ca-19d16cd8abce'),
('4147ed6e-cb80-4813-bf81-63e2a741dbe6','precipitation','Precipitation','e555799d-09a5-4e3e-9c92-e96eaf88e85b', '0ce77a5a-8283-47cd-9126-c440bcec4ef6', '4ee79a3d-a053-41b8-85b5-bb2eea3c9d1a'),
('089e14f0-0636-44ab-a6cc-b50e4c7dc073','voltage','Voltage','e555799d-09a5-4e3e-9c92-e96eaf88e85b', '430e5edb-e2b5-4f86-b19f-cda26a27e151', '6b5bd788-8c78-43bb-b5a3-ad544b858a64'),
('573d51d1-2f4b-44ff-b156-5a1015edc9ab','stage','Stage','d10c2b80-f4a5-41ef-a429-193ac5e6488b', 'b49f214e-f69f-43da-9ce3-ad96042268d0', 'f777f2e2-5e32-424e-a1ca-19d16cd8abce'),
('45127f8b-2dec-4372-af7d-38b7989d1d45','precipitation','Precipitation','d10c2b80-f4a5-41ef-a429-193ac5e6488b', '0ce77a5a-8283-47cd-9126-c440bcec4ef6', '4ee79a3d-a053-41b8-85b5-bb2eea3c9d1a'),
('15627c24-07f8-4c8f-bb4f-588a2de9ccc4','voltage','Voltage','d10c2b80-f4a5-41ef-a429-193ac5e6488b', '430e5edb-e2b5-4f86-b19f-cda26a27e151', '6b5bd788-8c78-43bb-b5a3-ad544b858a64'),
('e3323cfb-26fb-4c68-a4b8-c2eda16e6bff','stage','Stage','f2a0a399-46a0-486b-a6fe-b39b2666791c', 'b49f214e-f69f-43da-9ce3-ad96042268d0', 'f777f2e2-5e32-424e-a1ca-19d16cd8abce'),
('9b83ec7c-f5c6-4828-82e0-adc217c2bd9c','voltage','Voltage','f2a0a399-46a0-486b-a6fe-b39b2666791c', '430e5edb-e2b5-4f86-b19f-cda26a27e151', '6b5bd788-8c78-43bb-b5a3-ad544b858a64'),
('a49f5be0-d1d9-480b-a016-a3a8c954dfa9','precipitation','Precipitation','32f9135e-5034-4b37-872a-4638235ef7e5', '0ce77a5a-8283-47cd-9126-c440bcec4ef6', '4ee79a3d-a053-41b8-85b5-bb2eea3c9d1a'),
('5d5e5b4d-083c-46e6-b131-1a6c06819fa8','voltage','Voltage','32f9135e-5034-4b37-872a-4638235ef7e5', '430e5edb-e2b5-4f86-b19f-cda26a27e151', '6b5bd788-8c78-43bb-b5a3-ad544b858a64'),
('7ad92e4c-99d6-47a2-ad2f-a6a241867fe3','stage','Stage','d7005472-705c-4992-ab84-7646e172148e', 'b49f214e-f69f-43da-9ce3-ad96042268d0', 'f777f2e2-5e32-424e-a1ca-19d16cd8abce'),
('72388fdd-d639-47d0-a1b3-e00fb87bb48a','voltage','Voltage','d7005472-705c-4992-ab84-7646e172148e', '430e5edb-e2b5-4f86-b19f-cda26a27e151', '6b5bd788-8c78-43bb-b5a3-ad544b858a64'),
('57806612-c6e4-4f22-98b1-47f9ddf568f4','precipitation','Precipitation','44993058-3d0a-42a4-9c1a-a6172581a543', '0ce77a5a-8283-47cd-9126-c440bcec4ef6', '4ee79a3d-a053-41b8-85b5-bb2eea3c9d1a'),
('3009a17f-b22b-4f7d-ae37-2ee01933c8b6','voltage','Voltage','44993058-3d0a-42a4-9c1a-a6172581a543', '430e5edb-e2b5-4f86-b19f-cda26a27e151', '6b5bd788-8c78-43bb-b5a3-ad544b858a64'),
('cb736b4d-bbd6-4ef3-84ff-af4cb9717cbc','precipitation','Precipitation','e2b29195-b361-4b1f-bb5e-cad02c42f0f7', '0ce77a5a-8283-47cd-9126-c440bcec4ef6', '4ee79a3d-a053-41b8-85b5-bb2eea3c9d1a'),
('99ad6e01-320a-4544-a5ba-a76e0678d5e7','stage','Stage','e2b29195-b361-4b1f-bb5e-cad02c42f0f7', 'b49f214e-f69f-43da-9ce3-ad96042268d0', 'f777f2e2-5e32-424e-a1ca-19d16cd8abce'),
('6a3a9038-8fc8-47cc-81d1-022ac417a1ce','voltage','Voltage','e2b29195-b361-4b1f-bb5e-cad02c42f0f7', '430e5edb-e2b5-4f86-b19f-cda26a27e151', '6b5bd788-8c78-43bb-b5a3-ad544b858a64'),
('6c9b1daf-1716-4093-9510-2bd0512d18d9','precipitation','Precipitation','182cbc1f-6e41-4eb8-97d1-ccf59fdc5e26', '0ce77a5a-8283-47cd-9126-c440bcec4ef6', '4ee79a3d-a053-41b8-85b5-bb2eea3c9d1a'),
('7464b773-07a8-4a3e-8e19-333ec7877ab5','voltage','Voltage','182cbc1f-6e41-4eb8-97d1-ccf59fdc5e26', '430e5edb-e2b5-4f86-b19f-cda26a27e151', '6b5bd788-8c78-43bb-b5a3-ad544b858a64'),
('043795e3-515d-47e6-82d6-c7791e4094d7','stage','Stage','f498982b-95f4-4527-9ce3-ee459368df5c', 'b49f214e-f69f-43da-9ce3-ad96042268d0', 'f777f2e2-5e32-424e-a1ca-19d16cd8abce'),
('70e0068f-de27-4d11-983d-85a276d58c24','voltage','Voltage','f498982b-95f4-4527-9ce3-ee459368df5c', '430e5edb-e2b5-4f86-b19f-cda26a27e151', '6b5bd788-8c78-43bb-b5a3-ad544b858a64'),
('87d4b457-f056-435f-8d5a-d24680d51d1c','stage','Stage','2d42f016-8dea-429d-afb4-eef4b653bb4d', 'b49f214e-f69f-43da-9ce3-ad96042268d0', 'f777f2e2-5e32-424e-a1ca-19d16cd8abce'),
('c1e6b187-7301-4803-b2c7-becbdcdf0afe','voltage','Voltage','2d42f016-8dea-429d-afb4-eef4b653bb4d', '430e5edb-e2b5-4f86-b19f-cda26a27e151', '6b5bd788-8c78-43bb-b5a3-ad544b858a64'),
('1c4cdde0-41f4-4845-9998-e1d9f828e2f5','stage','Stage','4c88638e-0727-4353-90b2-69f5a452c496', 'b49f214e-f69f-43da-9ce3-ad96042268d0', 'f777f2e2-5e32-424e-a1ca-19d16cd8abce'),
('6b7267fc-4121-45eb-a91b-dbbf9eee504e','voltage','Voltage','4c88638e-0727-4353-90b2-69f5a452c496', '430e5edb-e2b5-4f86-b19f-cda26a27e151', '6b5bd788-8c78-43bb-b5a3-ad544b858a64'),
('411eb91a-288c-4e19-b573-a09360989080','stage','Stage','b5ad17e4-bc21-4fa8-92ca-9c3c30ad4eb2', 'b49f214e-f69f-43da-9ce3-ad96042268d0', 'f777f2e2-5e32-424e-a1ca-19d16cd8abce'),
('bcd4325c-e140-4115-a18b-93f69c53dcf0','voltage','Voltage','b5ad17e4-bc21-4fa8-92ca-9c3c30ad4eb2', '430e5edb-e2b5-4f86-b19f-cda26a27e151', '6b5bd788-8c78-43bb-b5a3-ad544b858a64'),
('6cd3aafe-6402-4dcd-b671-c70e07945d3d','stage','Stage','eb17588c-f18e-490e-86dc-f1573a4179dd', 'b49f214e-f69f-43da-9ce3-ad96042268d0', 'f777f2e2-5e32-424e-a1ca-19d16cd8abce'),
('a54d6e08-45c0-4b5b-9dfa-0b6de8910f04','precipitation','Precipitation','eb17588c-f18e-490e-86dc-f1573a4179dd', '0ce77a5a-8283-47cd-9126-c440bcec4ef6', '4ee79a3d-a053-41b8-85b5-bb2eea3c9d1a'),
('cf979139-0b56-4998-899b-86ad75cf82ae','voltage','Voltage','eb17588c-f18e-490e-86dc-f1573a4179dd', '430e5edb-e2b5-4f86-b19f-cda26a27e151', '6b5bd788-8c78-43bb-b5a3-ad544b858a64'),
('0f6d42ca-ac86-46fc-91a5-d3dc9f0f024b','stage','Stage','0c111dee-02b5-46bb-9151-69a4f2c49a1e', 'b49f214e-f69f-43da-9ce3-ad96042268d0', 'f777f2e2-5e32-424e-a1ca-19d16cd8abce'),
('086575bc-66d8-4f43-8543-bbe30e645af4','voltage','Voltage','0c111dee-02b5-46bb-9151-69a4f2c49a1e', '430e5edb-e2b5-4f86-b19f-cda26a27e151', '6b5bd788-8c78-43bb-b5a3-ad544b858a64'),
('4d9fd28d-cb81-4a7a-a917-be9484102743','stage','Stage','45bb7a45-2554-48f8-bcbc-174ebfd001e3', 'b49f214e-f69f-43da-9ce3-ad96042268d0', 'f777f2e2-5e32-424e-a1ca-19d16cd8abce'),
('47e8fbde-9a06-41ef-8ddf-588fe7f1181b','precipitation','Precipitation','45bb7a45-2554-48f8-bcbc-174ebfd001e3', '0ce77a5a-8283-47cd-9126-c440bcec4ef6', '4ee79a3d-a053-41b8-85b5-bb2eea3c9d1a'),
('c0c074e7-9f22-4c3c-932d-d03e55036874','voltage','Voltage','45bb7a45-2554-48f8-bcbc-174ebfd001e3', '430e5edb-e2b5-4f86-b19f-cda26a27e151', '6b5bd788-8c78-43bb-b5a3-ad544b858a64'),
('49be9cc7-e4ee-4107-bb91-0283b370ed0a','stage','Stage','b0756dbb-3e67-4718-875c-4fb93b406a91', 'b49f214e-f69f-43da-9ce3-ad96042268d0', 'f777f2e2-5e32-424e-a1ca-19d16cd8abce'),
('840954bc-e553-4f49-b8bb-689150ff5e8d','voltage','Voltage','b0756dbb-3e67-4718-875c-4fb93b406a91', '430e5edb-e2b5-4f86-b19f-cda26a27e151', '6b5bd788-8c78-43bb-b5a3-ad544b858a64'),
('cc765b66-7593-425f-8c3a-7f4152cceda0','stage','Stage','a3aeefbd-ab1d-45ef-aa66-cdfb045a799e', 'b49f214e-f69f-43da-9ce3-ad96042268d0', 'f777f2e2-5e32-424e-a1ca-19d16cd8abce'),
('d5ed99b6-6fa7-4e7d-97c4-b571a6bb56b5','voltage','Voltage','a3aeefbd-ab1d-45ef-aa66-cdfb045a799e', '430e5edb-e2b5-4f86-b19f-cda26a27e151', '6b5bd788-8c78-43bb-b5a3-ad544b858a64'),
('64da387b-cf08-40bb-a76b-b5d1ef971a03','stage','Stage','3bdc1cbb-00e2-4b28-8fb6-28e8b5c86b46', 'b49f214e-f69f-43da-9ce3-ad96042268d0', 'f777f2e2-5e32-424e-a1ca-19d16cd8abce'),
('61b02690-ade0-48a7-b593-35ccc290520a','voltage','Voltage','3bdc1cbb-00e2-4b28-8fb6-28e8b5c86b46', '430e5edb-e2b5-4f86-b19f-cda26a27e151', '6b5bd788-8c78-43bb-b5a3-ad544b858a64');
