INSERT INTO project (id, office_id, slug, name, image) VALUES
    ('6b60b4e6-ff3a-4b8a-8426-93347824588f', '0154184e-2509-4485-b449-8eff4ab52eef', 'savannah-district-streamgages', 'Savannah District Streamgages', 'savannah-district-streamgages.jpg');



--INSERT INSTRUMENTS--COUNT:49
INSERT INTO public.instrument(id, deleted, slug, name, formula, geometry, station, station_offset, create_date, update_date, type_id, project_id, creator, updater)
 VALUES 
('7f35b497-bf69-4d33-a910-cae8664d51d0', False, 'chattooga-river-at-burrells-ford-nr-pine-mtn-ga', 'CHATTOOGA RIVER AT BURRELLS FORD, NR PINE MTN, GA', null, ST_GeomFromText('POINT(-83.1194 34.9689)',4326), null, null, '2021-02-26T13:34:08.272559Z', null, '98a61f29-18a8-430a-9d02-0f53486e0984', '6b60b4e6-ff3a-4b8a-8426-93347824588f', '00000000-0000-0000-0000-000000000000', null),
('081cf662-5d31-4543-a74b-3aed51b673c0', False, 'chattooga-river-near-clayton-ga', 'CHATTOOGA RIVER NEAR CLAYTON, GA', null, ST_GeomFromText('POINT(-83.306 34.814)',4326), null, null, '2021-02-26T13:34:08.577468Z', null, '98a61f29-18a8-430a-9d02-0f53486e0984', '6b60b4e6-ff3a-4b8a-8426-93347824588f', '00000000-0000-0000-0000-000000000000', null),
('44af25f2-75c5-4f0b-b632-fe50aaa54339', False, 'tallulah-river-near-clayton-ga', 'TALLULAH RIVER NEAR CLAYTON, GA', null, ST_GeomFromText('POINT(-83.5304 34.8904)',4326), null, null, '2021-02-26T13:34:08.950977Z', null, '98a61f29-18a8-430a-9d02-0f53486e0984', '6b60b4e6-ff3a-4b8a-8426-93347824588f', '00000000-0000-0000-0000-000000000000', null),
('f8c94efa-3f7f-4387-b2b1-1fc888e448f2', False, 'tallulah-river-ab-powerhouse-nr-tallulah-falls-ga', 'TALLULAH RIVER AB POWERHOUSE, NR TALLULAH FALLS,GA', null, ST_GeomFromText('POINT(-83.3757 34.732)',4326), null, null, '2021-02-26T13:34:09.258348Z', null, '98a61f29-18a8-430a-9d02-0f53486e0984', '6b60b4e6-ff3a-4b8a-8426-93347824588f', '00000000-0000-0000-0000-000000000000', null),
('c87c5c16-6a19-4070-a013-f9fdd8dce5d0', False, '02182000', '02182000', null, ST_GeomFromText('POINT(-83.3452 34.6779)',4326), null, null, '2021-02-26T13:34:09.598158Z', null, '98a61f29-18a8-430a-9d02-0f53486e0984', '6b60b4e6-ff3a-4b8a-8426-93347824588f', '00000000-0000-0000-0000-000000000000', null),
('2cf4e8f8-6bc5-436a-b78b-64d3575e083f', False, 'beaverdam-creek-above-elberton-ga', 'BEAVERDAM CREEK ABOVE ELBERTON, GA', null, ST_GeomFromText('POINT(-82.8965 34.1687)',4326), null, null, '2021-02-26T13:34:10.181928Z', null, '98a61f29-18a8-430a-9d02-0f53486e0984', '6b60b4e6-ff3a-4b8a-8426-93347824588f', '00000000-0000-0000-0000-000000000000', null),
('0f406d18-bb1c-4db2-9dc4-366525aacc63', False, 'broad-river-above-carlton-ga', 'BROAD RIVER ABOVE CARLTON, GA', null, ST_GeomFromText('POINT(-83.0033 34.0733)',4326), null, null, '2021-02-26T13:34:10.493209Z', null, '98a61f29-18a8-430a-9d02-0f53486e0984', '6b60b4e6-ff3a-4b8a-8426-93347824588f', '00000000-0000-0000-0000-000000000000', null),
('d303e855-fa9e-4319-aeb4-deea54461ac1', False, 'broad-river-near-bell-ga', 'BROAD RIVER NEAR BELL, GA', null, ST_GeomFromText('POINT(-82.77 33.9742)',4326), null, null, '2021-02-26T13:34:10.920554Z', null, '98a61f29-18a8-430a-9d02-0f53486e0984', '6b60b4e6-ff3a-4b8a-8426-93347824588f', '00000000-0000-0000-0000-000000000000', null),
('d72b4afe-5578-4bf7-997a-15aa3393fee6', False, 'kettle-creek-near-washington-ga', 'KETTLE CREEK NEAR WASHINGTON, GA', null, ST_GeomFromText('POINT(-82.8579 33.6826)',4326), null, null, '2021-02-26T13:34:11.231337Z', null, '98a61f29-18a8-430a-9d02-0f53486e0984', '6b60b4e6-ff3a-4b8a-8426-93347824588f', '00000000-0000-0000-0000-000000000000', null),
('90a11183-b370-4cdb-a2ce-550c22c9dcdf', False, 'little-river-near-washington-ga', 'LITTLE RIVER NEAR WASHINGTON, GA', null, ST_GeomFromText('POINT(-82.7425 33.6128)',4326), null, null, '2021-02-26T13:34:11.655789Z', null, '98a61f29-18a8-430a-9d02-0f53486e0984', '6b60b4e6-ff3a-4b8a-8426-93347824588f', '00000000-0000-0000-0000-000000000000', null),
('dfc61862-0cd9-457b-91c0-2aa881f1a425', False, 'kiokee-creek-at-ga-104-near-evans-ga', 'KIOKEE CREEK AT GA 104, NEAR EVANS, GA', null, ST_GeomFromText('POINT(-82.2326 33.601)',4326), null, null, '2021-02-26T13:34:11.949029Z', null, '98a61f29-18a8-430a-9d02-0f53486e0984', '6b60b4e6-ff3a-4b8a-8426-93347824588f', '00000000-0000-0000-0000-000000000000', null),
('0d28d1e9-3111-487e-a93c-902c19d784f7', False, 'butler-creek-below-7th-avenue-at-ft.-gordon-ga', 'BUTLER CREEK BELOW 7TH AVENUE, AT FT. GORDON, GA', null, ST_GeomFromText('POINT(-82.1161 33.4386)',4326), null, null, '2021-02-26T13:34:12.276160Z', null, '98a61f29-18a8-430a-9d02-0f53486e0984', '6b60b4e6-ff3a-4b8a-8426-93347824588f', '00000000-0000-0000-0000-000000000000', null),
('0a15439b-155c-4cd2-89e6-2dcf81779014', False, 'butler-creek-reservoir-at-fort-gordon-ga', 'BUTLER CREEK RESERVOIR AT FORT GORDON, GA', null, ST_GeomFromText('POINT(-82.0992 33.4258)',4326), null, null, '2021-02-26T13:34:12.581508Z', null, '98a61f29-18a8-430a-9d02-0f53486e0984', '6b60b4e6-ff3a-4b8a-8426-93347824588f', '00000000-0000-0000-0000-000000000000', null),
('884790ec-8c01-4a04-a3b2-fd4f4980b546', False, 'spirit-creek-at-us-1-near-augusta-ga', 'SPIRIT CREEK AT US 1, NEAR AUGUSTA, GA', null, ST_GeomFromText('POINT(-82.139 33.3735)',4326), null, null, '2021-02-26T13:34:13.108445Z', null, '98a61f29-18a8-430a-9d02-0f53486e0984', '6b60b4e6-ff3a-4b8a-8426-93347824588f', '00000000-0000-0000-0000-000000000000', null),
('0e312a48-3615-4c7f-9239-9d6fadc408d7', False, 'savannah-river-near-waynesboro-ga', 'SAVANNAH RIVER NEAR WAYNESBORO, GA', null, ST_GeomFromText('POINT(-81.7548 33.1499)',4326), null, null, '2021-02-26T13:34:13.599858Z', null, '98a61f29-18a8-430a-9d02-0f53486e0984', '6b60b4e6-ff3a-4b8a-8426-93347824588f', '00000000-0000-0000-0000-000000000000', null),
('448ec4e2-ffb5-474a-8b82-fa33b46032ac', False, 'brushy-creek-at-campground-road-near-wrens-ga', 'BRUSHY CREEK AT CAMPGROUND ROAD, NEAR WRENS, GA', null, ST_GeomFromText('POINT(-82.3343 33.1807)',4326), null, null, '2021-02-26T13:34:13.918961Z', null, '98a61f29-18a8-430a-9d02-0f53486e0984', '6b60b4e6-ff3a-4b8a-8426-93347824588f', '00000000-0000-0000-0000-000000000000', null),
('ddc544aa-ee0a-45e3-8491-c737034e5531', False, 'brier-creek-near-waynesboro-ga', 'BRIER CREEK NEAR WAYNESBORO, GA', null, ST_GeomFromText('POINT(-81.9637 33.1182)',4326), null, null, '2021-02-26T13:34:14.318817Z', null, '98a61f29-18a8-430a-9d02-0f53486e0984', '6b60b4e6-ff3a-4b8a-8426-93347824588f', '00000000-0000-0000-0000-000000000000', null),
('c1dc8246-0510-4441-ba4c-cfa5c8063661', False, 'brier-creek-at-millhaven-ga', 'BRIER CREEK AT MILLHAVEN, GA', null, ST_GeomFromText('POINT(-81.6512 32.9335)',4326), null, null, '2021-02-26T13:34:14.609907Z', null, '98a61f29-18a8-430a-9d02-0f53486e0984', '6b60b4e6-ff3a-4b8a-8426-93347824588f', '00000000-0000-0000-0000-000000000000', null),
('aca71247-25a6-4902-a2a5-9046d3f2e57d', False, 'beaverdam-creek-near-sardis-ga', 'BEAVERDAM CREEK NEAR SARDIS, GA', null, ST_GeomFromText('POINT(-81.8154 32.9377)',4326), null, null, '2021-02-26T13:34:14.982163Z', null, '98a61f29-18a8-430a-9d02-0f53486e0984', '6b60b4e6-ff3a-4b8a-8426-93347824588f', '00000000-0000-0000-0000-000000000000', null),
('fc08c937-edee-4d8f-aefd-3ab8e34ca9a6', False, 'ebenezer-creek-at-springfield-ga', 'EBENEZER CREEK AT SPRINGFIELD, GA', null, ST_GeomFromText('POINT(-81.2973 32.3657)',4326), null, null, '2021-02-26T13:34:15.551781Z', null, '98a61f29-18a8-430a-9d02-0f53486e0984', '6b60b4e6-ff3a-4b8a-8426-93347824588f', '00000000-0000-0000-0000-000000000000', null),
('9afa3015-3bf4-43c6-82e2-531796170a00', False, '02198745', '02198745', null, ST_GeomFromText('POINT(-81.1615 32.3532)',4326), null, null, '2021-02-26T13:34:15.906897Z', null, '98a61f29-18a8-430a-9d02-0f53486e0984', '6b60b4e6-ff3a-4b8a-8426-93347824588f', '00000000-0000-0000-0000-000000000000', null),
('e616d9d8-41bb-40e1-a6ea-6a1bec55fb68', False, '02198768', '02198768', null, ST_GeomFromText('POINT(-81.1464 32.3003)',4326), null, null, '2021-02-26T13:34:16.188103Z', null, '98a61f29-18a8-430a-9d02-0f53486e0984', '6b60b4e6-ff3a-4b8a-8426-93347824588f', '00000000-0000-0000-0000-000000000000', null),
('8c2d8db1-9ee6-4cc6-9b31-14d456addaeb', False, 'abercorn-creek-near-savannah-ga', 'ABERCORN CREEK NEAR SAVANNAH,GA', null, ST_GeomFromText('POINT(-81.1782 32.2558)',4326), null, null, '2021-02-26T13:34:16.598519Z', null, '98a61f29-18a8-430a-9d02-0f53486e0984', '6b60b4e6-ff3a-4b8a-8426-93347824588f', '00000000-0000-0000-0000-000000000000', null),
('f552903c-97f5-4ae0-a8fb-e9d78b810db2', False, 'savannah-river-i-95-near-port-wentworth-ga', 'SAVANNAH RIVER (I-95) NEAR PORT WENTWORTH, GA', null, ST_GeomFromText('POINT(-81.1512 32.2358)',4326), null, null, '2021-02-26T13:34:16.959898Z', null, '98a61f29-18a8-430a-9d02-0f53486e0984', '6b60b4e6-ff3a-4b8a-8426-93347824588f', '00000000-0000-0000-0000-000000000000', null),
('3a1c4029-a603-449d-b5d6-4d1be631f43c', False, 'savannah-river-at-ga-25-at-port-wentworth-ga', 'SAVANNAH RIVER AT GA 25, AT PORT WENTWORTH, GA', null, ST_GeomFromText('POINT(-81.1537 32.166)',4326), null, null, '2021-02-26T13:34:17.381732Z', null, '98a61f29-18a8-430a-9d02-0f53486e0984', '6b60b4e6-ff3a-4b8a-8426-93347824588f', '00000000-0000-0000-0000-000000000000', null),
('ad9467c6-ac51-4ace-8f66-58ee01377c9b', False, 'middle-river-at-ga-25-at-port-wentworth-ga', 'MIDDLE RIVER AT GA 25 AT PORT WENTWORTH, GA', null, ST_GeomFromText('POINT(-81.1383 32.1656)',4326), null, null, '2021-02-26T13:34:17.654966Z', null, '98a61f29-18a8-430a-9d02-0f53486e0984', '6b60b4e6-ff3a-4b8a-8426-93347824588f', '00000000-0000-0000-0000-000000000000', null),
('f12cb69e-99d0-4a3e-a36a-171c01f33faf', False, 'savannah-river-at-usace-dock-at-savannah-ga', 'SAVANNAH RIVER AT USACE DOCK, AT SAVANNAH, GA', null, ST_GeomFromText('POINT(-81.0812 32.081)',4326), null, null, '2021-02-26T13:34:18.013023Z', null, '98a61f29-18a8-430a-9d02-0f53486e0984', '6b60b4e6-ff3a-4b8a-8426-93347824588f', '00000000-0000-0000-0000-000000000000', null),
('af4ea854-5aa7-4cdb-82b7-3b651b521b87', False, 'l-back-river-above-lucknow-canal-nr-limehouse-sc', 'L BACK RIVER ABOVE LUCKNOW CANAL, NR LIMEHOUSE, SC', null, ST_GeomFromText('POINT(-81.1179 32.1858)',4326), null, null, '2021-02-26T13:34:18.361915Z', null, '98a61f29-18a8-430a-9d02-0f53486e0984', '6b60b4e6-ff3a-4b8a-8426-93347824588f', '00000000-0000-0000-0000-000000000000', null),
('c84cebec-a1e2-4be8-9f72-01f895181c47', False, 'little-back-river-at-f&w-dock-near-limehouse-sc', 'LITTLE BACK RIVER AT F&W DOCK, NEAR LIMEHOUSE, SC', null, ST_GeomFromText('POINT(-81.1182 32.1708)',4326), null, null, '2021-02-26T13:34:18.658695Z', null, '98a61f29-18a8-430a-9d02-0f53486e0984', '6b60b4e6-ff3a-4b8a-8426-93347824588f', '00000000-0000-0000-0000-000000000000', null),
('a2c47699-dad6-41bd-99f6-29336878311d', False, 'little-back-river-at-ga-25-at-port-wentworth-ga', 'LITTLE BACK RIVER AT GA 25 AT PORT WENTWORTH, GA', null, ST_GeomFromText('POINT(-81.13 32.1658)',4326), null, null, '2021-02-26T13:34:18.987400Z', null, '98a61f29-18a8-430a-9d02-0f53486e0984', '6b60b4e6-ff3a-4b8a-8426-93347824588f', '00000000-0000-0000-0000-000000000000', null),
('73150d45-bc87-4208-9876-aeb928109b09', False, 'savannah-river-at-fort-pulaski-ga', 'SAVANNAH RIVER AT FORT PULASKI, GA', null, ST_GeomFromText('POINT(-80.9032 32.0341)',4326), null, null, '2021-02-26T13:34:19.374858Z', null, '98a61f29-18a8-430a-9d02-0f53486e0984', '6b60b4e6-ff3a-4b8a-8426-93347824588f', '00000000-0000-0000-0000-000000000000', null),
('52c8b2b9-3724-4a68-beb7-06087600689b', False, 'south-channel-savannah-river-near-savannah-ga', 'SOUTH CHANNEL (SAVANNAH RIVER) NEAR SAVANNAH, GA', null, ST_GeomFromText('POINT(-81.0023 32.0827)',4326), null, null, '2021-02-26T13:34:19.934171Z', null, '98a61f29-18a8-430a-9d02-0f53486e0984', '6b60b4e6-ff3a-4b8a-8426-93347824588f', '00000000-0000-0000-0000-000000000000', null),
('7d895c2a-df4a-434b-aa16-2a4e499372c4', False, 'twelvemile-creek-near-liberty-sc', 'TWELVEMILE CREEK NEAR LIBERTY, SC', null, ST_GeomFromText('POINT(-82.7485 34.8015)',4326), null, null, '2021-02-26T13:34:20.294124Z', null, '98a61f29-18a8-430a-9d02-0f53486e0984', '6b60b4e6-ff3a-4b8a-8426-93347824588f', '00000000-0000-0000-0000-000000000000', null),
('7173b7bd-f0b9-4ac9-ab5f-f99960bea3c9', False, 'eighteenmile-creek-above-pendleton-sc', 'EIGHTEENMILE CREEK ABOVE PENDLETON, SC', null, ST_GeomFromText('POINT(-82.7988 34.659)',4326), null, null, '2021-02-26T13:34:20.841922Z', null, '98a61f29-18a8-430a-9d02-0f53486e0984', '6b60b4e6-ff3a-4b8a-8426-93347824588f', '00000000-0000-0000-0000-000000000000', null),
('190affd1-0a3d-4286-8685-4e1c2fba2a5c', False, 'hartwell-lake-near-anderson-sc', 'HARTWELL LAKE NEAR ANDERSON, SC', null, ST_GeomFromText('POINT(-82.8161 34.475)',4326), null, null, '2021-02-26T13:34:21.158437Z', null, '98a61f29-18a8-430a-9d02-0f53486e0984', '6b60b4e6-ff3a-4b8a-8426-93347824588f', '00000000-0000-0000-0000-000000000000', null),
('a2d64538-0b7a-4870-8fa7-d1052e1e0557', False, 'rocky-river-nr-starr-sc', 'ROCKY RIVER NR STARR, SC', null, ST_GeomFromText('POINT(-82.5774 34.3832)',4326), null, null, '2021-02-26T13:34:21.561793Z', null, '98a61f29-18a8-430a-9d02-0f53486e0984', '6b60b4e6-ff3a-4b8a-8426-93347824588f', '00000000-0000-0000-0000-000000000000', null),
('bc2bd1f2-5908-4382-aa4e-7b20fc793bc6', False, 'russell-lake-above-calhoun-falls-sc', 'RUSSELL LAKE ABOVE CALHOUN FALLS, SC', null, ST_GeomFromText('POINT(-82.6181 34.1011)',4326), null, null, '2021-02-26T13:34:21.962443Z', null, '98a61f29-18a8-430a-9d02-0f53486e0984', '6b60b4e6-ff3a-4b8a-8426-93347824588f', '00000000-0000-0000-0000-000000000000', null),
('8a1713c5-910b-4a21-bdc8-318bacc71ad9', False, 'little-river-near-mt.-carmel-sc', 'LITTLE RIVER NEAR MT. CARMEL, SC', null, ST_GeomFromText('POINT(-82.5007 34.0715)',4326), null, null, '2021-02-26T13:34:22.354255Z', null, '98a61f29-18a8-430a-9d02-0f53486e0984', '6b60b4e6-ff3a-4b8a-8426-93347824588f', '00000000-0000-0000-0000-000000000000', null),
('48588841-68df-4ede-8b89-1a77607fc0e4', False, 'thurmond-lake-near-plum-branch-sc', 'THURMOND LAKE NEAR PLUM BRANCH, SC', null, ST_GeomFromText('POINT(-82.3506 33.8403)',4326), null, null, '2021-02-26T13:34:22.705975Z', null, '98a61f29-18a8-430a-9d02-0f53486e0984', '6b60b4e6-ff3a-4b8a-8426-93347824588f', '00000000-0000-0000-0000-000000000000', null),
('e163587b-4f14-414a-8cd0-f79f2544796f', False, 'savannah-river-near-evans-ga', 'SAVANNAH RIVER NEAR EVANS, GA', null, ST_GeomFromText('POINT(-82.1232 33.5929)',4326), null, null, '2021-02-26T13:34:23.085350Z', null, '98a61f29-18a8-430a-9d02-0f53486e0984', '6b60b4e6-ff3a-4b8a-8426-93347824588f', '00000000-0000-0000-0000-000000000000', null),
('ad79e329-db92-41e7-8b3a-5991c50e0d53', False, 'stevens-creek-near-modoc-sc', 'STEVENS CREEK NEAR MODOC, SC', null, ST_GeomFromText('POINT(-82.1818 33.7293)',4326), null, null, '2021-02-26T13:34:23.510356Z', null, '98a61f29-18a8-430a-9d02-0f53486e0984', '6b60b4e6-ff3a-4b8a-8426-93347824588f', '00000000-0000-0000-0000-000000000000', null),
('6145b3a9-527b-4f02-9724-61d5388924e6', False, 'savannah-rvr-at-stevens-creek-dam-nr-morgana-sc', 'SAVANNAH RVR AT STEVENS CREEK DAM NR MORGANA, SC', null, ST_GeomFromText('POINT(-82.051 33.5629)',4326), null, null, '2021-02-26T13:34:23.855904Z', null, '98a61f29-18a8-430a-9d02-0f53486e0984', '6b60b4e6-ff3a-4b8a-8426-93347824588f', '00000000-0000-0000-0000-000000000000', null),
('0aee26d6-8ff0-4a4e-a0db-e7bac0639a63', False, 'augusta-canal-nr-augusta-ga-upper', 'AUGUSTA CANAL NR AUGUSTA, GA (UPPER)', null, ST_GeomFromText('POINT(-82.0379 33.5493)',4326), null, null, '2021-02-26T13:34:24.350028Z', null, '98a61f29-18a8-430a-9d02-0f53486e0984', '6b60b4e6-ff3a-4b8a-8426-93347824588f', '00000000-0000-0000-0000-000000000000', null),
('83dc8d98-fdfa-49b1-9b9e-51165df10695', False, 'horse-creek-at-clearwater-sc', 'HORSE CREEK AT CLEARWATER, SC', null, ST_GeomFromText('POINT(-81.8971 33.4849)',4326), null, null, '2021-02-26T13:34:24.881771Z', null, '98a61f29-18a8-430a-9d02-0f53486e0984', '6b60b4e6-ff3a-4b8a-8426-93347824588f', '00000000-0000-0000-0000-000000000000', null),
('9bce7255-ddb5-4a89-8606-045ebbfffbbe', False, '021970161', '021970161', null, ST_GeomFromText('POINT(-82.1572 33.39)',4326), null, null, '2021-02-26T13:34:25.494653Z', null, '98a61f29-18a8-430a-9d02-0f53486e0984', '6b60b4e6-ff3a-4b8a-8426-93347824588f', '00000000-0000-0000-0000-000000000000', null),
('e2c494b1-4356-4fdc-8827-d78d3069e087', False, 'savannah-r-at-burtons-ferry-br-nr-millhaven-ga', 'SAVANNAH R AT BURTONS FERRY BR NR MILLHAVEN, GA', null, ST_GeomFromText('POINT(-81.5026 32.939)',4326), null, null, '2021-02-26T13:34:25.836780Z', null, '98a61f29-18a8-430a-9d02-0f53486e0984', '6b60b4e6-ff3a-4b8a-8426-93347824588f', '00000000-0000-0000-0000-000000000000', null),
('576740ec-3edb-466d-ad55-5a2b5988e318', False, 'savannah-river-near-estill-sc', 'SAVANNAH RIVER NEAR ESTILL, SC', null, ST_GeomFromText('POINT(-81.4283 32.7033)',4326), null, null, '2021-02-26T13:34:26.172591Z', null, '98a61f29-18a8-430a-9d02-0f53486e0984', '6b60b4e6-ff3a-4b8a-8426-93347824588f', '00000000-0000-0000-0000-000000000000', null),
('51fed866-1c9b-47c3-8330-5bb7f3e5c1dd', False, 'savannah-river-near-clyo-ga', 'SAVANNAH RIVER NEAR CLYO, GA', null, ST_GeomFromText('POINT(-81.2687 32.5282)',4326), null, null, '2021-02-26T13:34:26.488814Z', null, '98a61f29-18a8-430a-9d02-0f53486e0984', '6b60b4e6-ff3a-4b8a-8426-93347824588f', '00000000-0000-0000-0000-000000000000', null),
('940d6c97-8ff2-4b1f-8f32-74f32d04271f', False, 'savannah-river-above-hardeeville-sc', 'SAVANNAH RIVER ABOVE HARDEEVILLE, SC', null, ST_GeomFromText('POINT(-81.1284 32.3394)',4326), null, null, '2021-02-26T13:34:27.001390Z', null, '98a61f29-18a8-430a-9d02-0f53486e0984', '6b60b4e6-ff3a-4b8a-8426-93347824588f', '00000000-0000-0000-0000-000000000000', null);

--INSERT INSTRUMENT STATUS--
INSERT INTO public.instrument_status(id, instrument_id, status_id, "time")
 VALUES 
('697a12ba-e444-4488-99ae-fa9f2cc56f46', '7f35b497-bf69-4d33-a910-cae8664d51d0', 'e26ba2ef-9b52-4c71-97df-9e4b6cf4174d', '2021-02-26T13:34:08.272559Z'),
('616548ea-0fac-4de5-a8a7-1be117f5d602', '081cf662-5d31-4543-a74b-3aed51b673c0', 'e26ba2ef-9b52-4c71-97df-9e4b6cf4174d', '2021-02-26T13:34:08.577468Z'),
('95363576-cbbf-4ecd-9dd6-f3975884da0f', '44af25f2-75c5-4f0b-b632-fe50aaa54339', 'e26ba2ef-9b52-4c71-97df-9e4b6cf4174d', '2021-02-26T13:34:08.950977Z'),
('abb23364-af16-4ebc-9864-1645899295a9', 'f8c94efa-3f7f-4387-b2b1-1fc888e448f2', 'e26ba2ef-9b52-4c71-97df-9e4b6cf4174d', '2021-02-26T13:34:09.258348Z'),
('3c635c6f-d55a-4530-9789-891c4bb805d5', 'c87c5c16-6a19-4070-a013-f9fdd8dce5d0', 'e26ba2ef-9b52-4c71-97df-9e4b6cf4174d', '2021-02-26T13:34:09.598158Z'),
('8cc62b8c-35d7-4934-bfa5-0250cb25832b', '2cf4e8f8-6bc5-436a-b78b-64d3575e083f', 'e26ba2ef-9b52-4c71-97df-9e4b6cf4174d', '2021-02-26T13:34:10.181928Z'),
('9a469517-4117-4743-a548-4d73d05aec5e', '0f406d18-bb1c-4db2-9dc4-366525aacc63', 'e26ba2ef-9b52-4c71-97df-9e4b6cf4174d', '2021-02-26T13:34:10.493209Z'),
('e7f05d9e-5120-4a6d-976e-2a7cc901d059', 'd303e855-fa9e-4319-aeb4-deea54461ac1', 'e26ba2ef-9b52-4c71-97df-9e4b6cf4174d', '2021-02-26T13:34:10.920554Z'),
('8d869436-6913-4eda-be4a-32545555a736', 'd72b4afe-5578-4bf7-997a-15aa3393fee6', 'e26ba2ef-9b52-4c71-97df-9e4b6cf4174d', '2021-02-26T13:34:11.231337Z'),
('34eb8bb9-53ab-43ac-a62b-6f213683a3b8', '90a11183-b370-4cdb-a2ce-550c22c9dcdf', 'e26ba2ef-9b52-4c71-97df-9e4b6cf4174d', '2021-02-26T13:34:11.655789Z'),
('9f9486e5-3f5d-4ed3-9174-bf4826377d6b', 'dfc61862-0cd9-457b-91c0-2aa881f1a425', 'e26ba2ef-9b52-4c71-97df-9e4b6cf4174d', '2021-02-26T13:34:11.949029Z'),
('90297ec0-b084-43b1-b82d-aaf05790e1f1', '0d28d1e9-3111-487e-a93c-902c19d784f7', 'e26ba2ef-9b52-4c71-97df-9e4b6cf4174d', '2021-02-26T13:34:12.276160Z'),
('666bbba2-d33c-40e9-b7fc-47df07e51b9c', '0a15439b-155c-4cd2-89e6-2dcf81779014', 'e26ba2ef-9b52-4c71-97df-9e4b6cf4174d', '2021-02-26T13:34:12.581508Z'),
('e46f6ab8-402b-44e8-878b-7ddad97b13de', '884790ec-8c01-4a04-a3b2-fd4f4980b546', 'e26ba2ef-9b52-4c71-97df-9e4b6cf4174d', '2021-02-26T13:34:13.108445Z'),
('5d124d47-a4a8-4d9b-9e0a-049b6f4c32f5', '0e312a48-3615-4c7f-9239-9d6fadc408d7', 'e26ba2ef-9b52-4c71-97df-9e4b6cf4174d', '2021-02-26T13:34:13.599858Z'),
('1199f744-06f9-486b-bbc1-db15bc495053', '448ec4e2-ffb5-474a-8b82-fa33b46032ac', 'e26ba2ef-9b52-4c71-97df-9e4b6cf4174d', '2021-02-26T13:34:13.918961Z'),
('39b69d0a-cdfa-4f5c-a0dd-1b739b5af8d4', 'ddc544aa-ee0a-45e3-8491-c737034e5531', 'e26ba2ef-9b52-4c71-97df-9e4b6cf4174d', '2021-02-26T13:34:14.318817Z'),
('0914c10b-2344-429e-8a57-228b6094e680', 'c1dc8246-0510-4441-ba4c-cfa5c8063661', 'e26ba2ef-9b52-4c71-97df-9e4b6cf4174d', '2021-02-26T13:34:14.609907Z'),
('1d685841-0b47-4461-a3f3-d515b656b884', 'aca71247-25a6-4902-a2a5-9046d3f2e57d', 'e26ba2ef-9b52-4c71-97df-9e4b6cf4174d', '2021-02-26T13:34:14.982163Z'),
('ff6317b0-9940-4219-9f24-7b5f49bcf4fb', 'fc08c937-edee-4d8f-aefd-3ab8e34ca9a6', 'e26ba2ef-9b52-4c71-97df-9e4b6cf4174d', '2021-02-26T13:34:15.551781Z'),
('2ab42165-c9dd-459f-a8ea-3a99762dd1f6', '9afa3015-3bf4-43c6-82e2-531796170a00', 'e26ba2ef-9b52-4c71-97df-9e4b6cf4174d', '2021-02-26T13:34:15.906897Z'),
('df5bb228-d6ee-44f4-905c-ade95d408add', 'e616d9d8-41bb-40e1-a6ea-6a1bec55fb68', 'e26ba2ef-9b52-4c71-97df-9e4b6cf4174d', '2021-02-26T13:34:16.188103Z'),
('06ac5a54-b97e-4050-8d53-d1ccf46a9911', '8c2d8db1-9ee6-4cc6-9b31-14d456addaeb', 'e26ba2ef-9b52-4c71-97df-9e4b6cf4174d', '2021-02-26T13:34:16.598519Z'),
('eb13c694-4715-4486-8755-5fea62e2807a', 'f552903c-97f5-4ae0-a8fb-e9d78b810db2', 'e26ba2ef-9b52-4c71-97df-9e4b6cf4174d', '2021-02-26T13:34:16.959898Z'),
('46f472b0-cfdd-4362-83ee-b78810e76385', '3a1c4029-a603-449d-b5d6-4d1be631f43c', 'e26ba2ef-9b52-4c71-97df-9e4b6cf4174d', '2021-02-26T13:34:17.381732Z'),
('1758021b-f296-4d33-b99a-0821b3e4a96d', 'ad9467c6-ac51-4ace-8f66-58ee01377c9b', 'e26ba2ef-9b52-4c71-97df-9e4b6cf4174d', '2021-02-26T13:34:17.654966Z'),
('4bfb437b-8b38-4d50-8a35-5fd231f7e831', 'f12cb69e-99d0-4a3e-a36a-171c01f33faf', 'e26ba2ef-9b52-4c71-97df-9e4b6cf4174d', '2021-02-26T13:34:18.013023Z'),
('ce467da4-4d8d-4be6-b683-3733acba2e0e', 'af4ea854-5aa7-4cdb-82b7-3b651b521b87', 'e26ba2ef-9b52-4c71-97df-9e4b6cf4174d', '2021-02-26T13:34:18.361915Z'),
('950c83ab-2d77-407a-878f-cb60b9904599', 'c84cebec-a1e2-4be8-9f72-01f895181c47', 'e26ba2ef-9b52-4c71-97df-9e4b6cf4174d', '2021-02-26T13:34:18.658695Z'),
('4c154f50-f2ad-41d2-8459-b8acf401c268', 'a2c47699-dad6-41bd-99f6-29336878311d', 'e26ba2ef-9b52-4c71-97df-9e4b6cf4174d', '2021-02-26T13:34:18.987400Z'),
('59013c2c-f670-4b43-aaf5-c7d38e6645b8', '73150d45-bc87-4208-9876-aeb928109b09', 'e26ba2ef-9b52-4c71-97df-9e4b6cf4174d', '2021-02-26T13:34:19.374858Z'),
('148b0977-1315-41a2-8436-3e50e845ef48', '52c8b2b9-3724-4a68-beb7-06087600689b', 'e26ba2ef-9b52-4c71-97df-9e4b6cf4174d', '2021-02-26T13:34:19.934171Z'),
('271e83e6-09d2-4901-905a-580fd16a6d6d', '7d895c2a-df4a-434b-aa16-2a4e499372c4', 'e26ba2ef-9b52-4c71-97df-9e4b6cf4174d', '2021-02-26T13:34:20.294124Z'),
('9d4274f7-1fa3-49ae-86ed-376c1f518b89', '7173b7bd-f0b9-4ac9-ab5f-f99960bea3c9', 'e26ba2ef-9b52-4c71-97df-9e4b6cf4174d', '2021-02-26T13:34:20.841922Z'),
('f3ac1a64-a865-4521-90de-80894901789d', '190affd1-0a3d-4286-8685-4e1c2fba2a5c', 'e26ba2ef-9b52-4c71-97df-9e4b6cf4174d', '2021-02-26T13:34:21.158437Z'),
('b5d57679-ff7f-4694-8740-7e495cd23b9f', 'a2d64538-0b7a-4870-8fa7-d1052e1e0557', 'e26ba2ef-9b52-4c71-97df-9e4b6cf4174d', '2021-02-26T13:34:21.561793Z'),
('4d1225c1-f3aa-4adb-9bde-4d92487cb3b0', 'bc2bd1f2-5908-4382-aa4e-7b20fc793bc6', 'e26ba2ef-9b52-4c71-97df-9e4b6cf4174d', '2021-02-26T13:34:21.962443Z'),
('a5f0bb9d-7a8f-4675-80ef-ff436d02b58d', '8a1713c5-910b-4a21-bdc8-318bacc71ad9', 'e26ba2ef-9b52-4c71-97df-9e4b6cf4174d', '2021-02-26T13:34:22.354255Z'),
('ffeeedde-6388-478d-bbfb-b835c4bcf55c', '48588841-68df-4ede-8b89-1a77607fc0e4', 'e26ba2ef-9b52-4c71-97df-9e4b6cf4174d', '2021-02-26T13:34:22.705975Z'),
('13a3eb11-734c-4266-8282-8b19652d2e93', 'e163587b-4f14-414a-8cd0-f79f2544796f', 'e26ba2ef-9b52-4c71-97df-9e4b6cf4174d', '2021-02-26T13:34:23.085350Z'),
('425a179f-2d7e-445b-9236-925771c1fcb9', 'ad79e329-db92-41e7-8b3a-5991c50e0d53', 'e26ba2ef-9b52-4c71-97df-9e4b6cf4174d', '2021-02-26T13:34:23.510356Z'),
('6fbe1356-353e-49c7-999f-5aa2db1b9e3c', '6145b3a9-527b-4f02-9724-61d5388924e6', 'e26ba2ef-9b52-4c71-97df-9e4b6cf4174d', '2021-02-26T13:34:23.855904Z'),
('c695f16b-d87f-436b-bc7b-a2a86bd4476e', '0aee26d6-8ff0-4a4e-a0db-e7bac0639a63', 'e26ba2ef-9b52-4c71-97df-9e4b6cf4174d', '2021-02-26T13:34:24.350028Z'),
('c66e3450-3a69-49be-889f-94ab5b1b9b11', '83dc8d98-fdfa-49b1-9b9e-51165df10695', 'e26ba2ef-9b52-4c71-97df-9e4b6cf4174d', '2021-02-26T13:34:24.881771Z'),
('46db1d7d-60c8-412d-a149-5d5e5231bf7c', '9bce7255-ddb5-4a89-8606-045ebbfffbbe', 'e26ba2ef-9b52-4c71-97df-9e4b6cf4174d', '2021-02-26T13:34:25.494653Z'),
('faa02fba-4ad6-434c-9a5d-7bb3c6e7cd72', 'e2c494b1-4356-4fdc-8827-d78d3069e087', 'e26ba2ef-9b52-4c71-97df-9e4b6cf4174d', '2021-02-26T13:34:25.836780Z'),
('bda3a1e3-6ea9-44bd-b11c-f08f3e2e2c8d', '576740ec-3edb-466d-ad55-5a2b5988e318', 'e26ba2ef-9b52-4c71-97df-9e4b6cf4174d', '2021-02-26T13:34:26.172591Z'),
('7a61b868-2fb8-4ce6-88b2-a21e26f1ec80', '51fed866-1c9b-47c3-8330-5bb7f3e5c1dd', 'e26ba2ef-9b52-4c71-97df-9e4b6cf4174d', '2021-02-26T13:34:26.488814Z'),
('65b71ea9-d661-4afe-b0d2-d00b83a4b82e', '940d6c97-8ff2-4b1f-8f32-74f32d04271f', 'e26ba2ef-9b52-4c71-97df-9e4b6cf4174d', '2021-02-26T13:34:27.001390Z');

--INSERT TELEMETRY_GOES--COUNT:43
INSERT INTO public.telemetry_goes (id, nesdis_id) 
VALUES
('b4338d29-dd5d-42a4-acd6-49b17a433d62', 'DE203122'),
('701d1d8b-ffa4-46d0-9425-34eace77697c', '17ACC13E'),
('d06a5c7a-570f-48ca-b8a1-6a2ca69b9990', 'DE25E08A'),
('cf6a02f7-28f1-4896-86a4-7271b45debc1', 'CE8771CE'),
('0a873fea-3a22-413e-883e-6ffbbe90488f', 'DE15F58C'),
('53f287fe-7f8c-438e-8f23-ef6e2cdd42e2', 'DD8D036E'),
('875d48a5-a2f8-420d-be21-7c4976528354', 'DE160206'),
('cf396c0f-cc71-4460-b047-f7c3b11d75d6', '17E731CE'),
('ff21aeff-1b8b-4aa4-af81-18e09386ad2c', 'CE8721B2'),
('886dfb3b-5bc9-4650-92d4-5757b17189c7', '17F2177C'),
('46772dc8-1c25-4be1-a15b-832ae9a9c7b4', 'DD22D5C2'),
('6946f7d2-ddf5-4c2a-b1ae-708d86342ab1', '17E7475E'),
('42ab7e06-833a-4192-81e7-7720b67538b3', 'DD64F03C'),
('eeb7ff78-90db-4308-b5a3-c33044aeba04', 'DDB645BC'),
('0b2dace9-3f2a-416f-8876-12dc747f3fbe', 'DDB0A680'),
('d131e0a0-a185-489c-ac03-6aa4516005e3', 'DD49F2B4'),
('f6e4eedb-3874-4f14-b718-a92861733de4', 'DD4A1648'),
('74782d89-e9a9-4cb0-8ab8-61a3ab99ebd5', '17B5F566'),
('d37158e1-2804-40e9-ac05-d2667875f784', '17B6670A'),
('7f08295f-7334-44c1-8482-5133ad3a5afd', '17456210'),
('65449fb3-c783-478a-a664-db14b3514cf7', '17D33284'),
('80165e21-2332-4fc4-8882-7b436a8954df', 'DD24C67A'),
('7fe68ba3-4040-4490-8c85-5f71eb7864f7', '17B71360'),
('c3b78612-71b2-4b0f-af1e-b8f223ee1f9f', '17CDA410'),
('5318fc91-73b9-4dc1-905b-1324e88ff2ff', '17B6E11E'),
('db279dfa-cf17-4d31-b5bc-7e4e0812e4dd', '17CD610E'),
('01319745-fa49-4b4e-8b78-e049be185772', 'CE87923C'),
('497d85ae-b209-4137-a2df-e6e6aade12f3', '17055456'),
('0c13189e-965b-4cdb-9d24-170825dd8650', 'CE87814A'),
('06716220-37f4-4841-b644-b3fbdc313dc5', 'CE8762B8'),
('572551f4-c256-4f77-8d24-5aac6029f36c', 'CE875722'),
('a2a704cb-b9e5-446e-8c85-bee45ea8a038', 'CE874454'),
('24ecbae8-16b1-4ff1-9d1f-32f15dc89550', 'CE871428'),
('b5d087df-1bc3-4d79-8a54-6a21c4574487', 'CE87075E'),
('103c278a-87a5-4b9e-8cde-d40cfc7431bd', 'DD2CC2DC'),
('fc7b4954-a777-462a-bfbe-56d5683f37c6', 'CE87E4AC'),
('059dbe24-6b99-44e7-922f-ce0e29c8e3bc', '17EAE4C0'),
('a660083e-586a-49f1-aaa1-b95b5b54690c', 'CE87F7DA'),
('f0e31031-8dff-4bf3-a755-f65067f95f7f', 'DE25D510'),
('0f0ce6f4-553c-4cb9-acf5-8f8b1b6352d7', 'CE86B62A'),
('6e92f301-f02a-49c1-9402-ce42f10d2fe0', 'DE0CA432'),
('eb2cb119-f6d6-497d-9b85-3e3fa613fb7b', 'D11C04F8'),
('ea342240-5b90-488b-b6e6-0d163ff0cb08', 'DE0CD2A2');

--INSERT INSTRUMENT_TELEMETRY--COUNT:43
INSERT INTO public.instrument_telemetry (instrument_id, telemetry_type_id, telemetry_id) 
VALUES
('7f35b497-bf69-4d33-a910-cae8664d51d0', '10a32652-af43-4451-bd52-4980c5690cc9', 'b4338d29-dd5d-42a4-acd6-49b17a433d62'),
('081cf662-5d31-4543-a74b-3aed51b673c0', '10a32652-af43-4451-bd52-4980c5690cc9', '701d1d8b-ffa4-46d0-9425-34eace77697c'),
('c87c5c16-6a19-4070-a013-f9fdd8dce5d0', '10a32652-af43-4451-bd52-4980c5690cc9', 'd06a5c7a-570f-48ca-b8a1-6a2ca69b9990'),
('2cf4e8f8-6bc5-436a-b78b-64d3575e083f', '10a32652-af43-4451-bd52-4980c5690cc9', 'cf6a02f7-28f1-4896-86a4-7271b45debc1'),
('0f406d18-bb1c-4db2-9dc4-366525aacc63', '10a32652-af43-4451-bd52-4980c5690cc9', '0a873fea-3a22-413e-883e-6ffbbe90488f'),
('d303e855-fa9e-4319-aeb4-deea54461ac1', '10a32652-af43-4451-bd52-4980c5690cc9', '53f287fe-7f8c-438e-8f23-ef6e2cdd42e2'),
('d72b4afe-5578-4bf7-997a-15aa3393fee6', '10a32652-af43-4451-bd52-4980c5690cc9', '875d48a5-a2f8-420d-be21-7c4976528354'),
('90a11183-b370-4cdb-a2ce-550c22c9dcdf', '10a32652-af43-4451-bd52-4980c5690cc9', 'cf396c0f-cc71-4460-b047-f7c3b11d75d6'),
('dfc61862-0cd9-457b-91c0-2aa881f1a425', '10a32652-af43-4451-bd52-4980c5690cc9', 'ff21aeff-1b8b-4aa4-af81-18e09386ad2c'),
('0d28d1e9-3111-487e-a93c-902c19d784f7', '10a32652-af43-4451-bd52-4980c5690cc9', '886dfb3b-5bc9-4650-92d4-5757b17189c7'),
('0a15439b-155c-4cd2-89e6-2dcf81779014', '10a32652-af43-4451-bd52-4980c5690cc9', '46772dc8-1c25-4be1-a15b-832ae9a9c7b4'),
('884790ec-8c01-4a04-a3b2-fd4f4980b546', '10a32652-af43-4451-bd52-4980c5690cc9', '6946f7d2-ddf5-4c2a-b1ae-708d86342ab1'),
('0e312a48-3615-4c7f-9239-9d6fadc408d7', '10a32652-af43-4451-bd52-4980c5690cc9', '42ab7e06-833a-4192-81e7-7720b67538b3'),
('448ec4e2-ffb5-474a-8b82-fa33b46032ac', '10a32652-af43-4451-bd52-4980c5690cc9', 'eeb7ff78-90db-4308-b5a3-c33044aeba04'),
('c1dc8246-0510-4441-ba4c-cfa5c8063661', '10a32652-af43-4451-bd52-4980c5690cc9', '0b2dace9-3f2a-416f-8876-12dc747f3fbe'),
('aca71247-25a6-4902-a2a5-9046d3f2e57d', '10a32652-af43-4451-bd52-4980c5690cc9', 'd131e0a0-a185-489c-ac03-6aa4516005e3'),
('fc08c937-edee-4d8f-aefd-3ab8e34ca9a6', '10a32652-af43-4451-bd52-4980c5690cc9', 'f6e4eedb-3874-4f14-b718-a92861733de4'),
('9afa3015-3bf4-43c6-82e2-531796170a00', '10a32652-af43-4451-bd52-4980c5690cc9', '74782d89-e9a9-4cb0-8ab8-61a3ab99ebd5'),
('e616d9d8-41bb-40e1-a6ea-6a1bec55fb68', '10a32652-af43-4451-bd52-4980c5690cc9', 'd37158e1-2804-40e9-ac05-d2667875f784'),
('8c2d8db1-9ee6-4cc6-9b31-14d456addaeb', '10a32652-af43-4451-bd52-4980c5690cc9', '7f08295f-7334-44c1-8482-5133ad3a5afd'),
('f552903c-97f5-4ae0-a8fb-e9d78b810db2', '10a32652-af43-4451-bd52-4980c5690cc9', '65449fb3-c783-478a-a664-db14b3514cf7'),
('3a1c4029-a603-449d-b5d6-4d1be631f43c', '10a32652-af43-4451-bd52-4980c5690cc9', '80165e21-2332-4fc4-8882-7b436a8954df'),
('ad9467c6-ac51-4ace-8f66-58ee01377c9b', '10a32652-af43-4451-bd52-4980c5690cc9', '7fe68ba3-4040-4490-8c85-5f71eb7864f7'),
('f12cb69e-99d0-4a3e-a36a-171c01f33faf', '10a32652-af43-4451-bd52-4980c5690cc9', 'c3b78612-71b2-4b0f-af1e-b8f223ee1f9f'),
('a2c47699-dad6-41bd-99f6-29336878311d', '10a32652-af43-4451-bd52-4980c5690cc9', '5318fc91-73b9-4dc1-905b-1324e88ff2ff'),
('52c8b2b9-3724-4a68-beb7-06087600689b', '10a32652-af43-4451-bd52-4980c5690cc9', 'db279dfa-cf17-4d31-b5bc-7e4e0812e4dd'),
('7d895c2a-df4a-434b-aa16-2a4e499372c4', '10a32652-af43-4451-bd52-4980c5690cc9', '01319745-fa49-4b4e-8b78-e049be185772'),
('7173b7bd-f0b9-4ac9-ab5f-f99960bea3c9', '10a32652-af43-4451-bd52-4980c5690cc9', '497d85ae-b209-4137-a2df-e6e6aade12f3'),
('190affd1-0a3d-4286-8685-4e1c2fba2a5c', '10a32652-af43-4451-bd52-4980c5690cc9', '0c13189e-965b-4cdb-9d24-170825dd8650'),
('a2d64538-0b7a-4870-8fa7-d1052e1e0557', '10a32652-af43-4451-bd52-4980c5690cc9', '06716220-37f4-4841-b644-b3fbdc313dc5'),
('bc2bd1f2-5908-4382-aa4e-7b20fc793bc6', '10a32652-af43-4451-bd52-4980c5690cc9', '572551f4-c256-4f77-8d24-5aac6029f36c'),
('8a1713c5-910b-4a21-bdc8-318bacc71ad9', '10a32652-af43-4451-bd52-4980c5690cc9', 'a2a704cb-b9e5-446e-8c85-bee45ea8a038'),
('48588841-68df-4ede-8b89-1a77607fc0e4', '10a32652-af43-4451-bd52-4980c5690cc9', '24ecbae8-16b1-4ff1-9d1f-32f15dc89550'),
('e163587b-4f14-414a-8cd0-f79f2544796f', '10a32652-af43-4451-bd52-4980c5690cc9', 'b5d087df-1bc3-4d79-8a54-6a21c4574487'),
('ad79e329-db92-41e7-8b3a-5991c50e0d53', '10a32652-af43-4451-bd52-4980c5690cc9', '103c278a-87a5-4b9e-8cde-d40cfc7431bd'),
('6145b3a9-527b-4f02-9724-61d5388924e6', '10a32652-af43-4451-bd52-4980c5690cc9', 'fc7b4954-a777-462a-bfbe-56d5683f37c6'),
('0aee26d6-8ff0-4a4e-a0db-e7bac0639a63', '10a32652-af43-4451-bd52-4980c5690cc9', '059dbe24-6b99-44e7-922f-ce0e29c8e3bc'),
('83dc8d98-fdfa-49b1-9b9e-51165df10695', '10a32652-af43-4451-bd52-4980c5690cc9', 'a660083e-586a-49f1-aaa1-b95b5b54690c'),
('9bce7255-ddb5-4a89-8606-045ebbfffbbe', '10a32652-af43-4451-bd52-4980c5690cc9', 'f0e31031-8dff-4bf3-a755-f65067f95f7f'),
('e2c494b1-4356-4fdc-8827-d78d3069e087', '10a32652-af43-4451-bd52-4980c5690cc9', '0f0ce6f4-553c-4cb9-acf5-8f8b1b6352d7'),
('576740ec-3edb-466d-ad55-5a2b5988e318', '10a32652-af43-4451-bd52-4980c5690cc9', '6e92f301-f02a-49c1-9402-ce42f10d2fe0'),
('51fed866-1c9b-47c3-8330-5bb7f3e5c1dd', '10a32652-af43-4451-bd52-4980c5690cc9', 'eb2cb119-f6d6-497d-9b85-3e3fa613fb7b'),
('940d6c97-8ff2-4b1f-8f32-74f32d04271f', '10a32652-af43-4451-bd52-4980c5690cc9', 'ea342240-5b90-488b-b6e6-0d163ff0cb08');

--INSERT TIMESERIES--COUNT:49
INSERT INTO public.timeseries(id, slug, name, instrument_id, parameter_id, unit_id) 
VALUES
('9ceacdd2-9819-46b9-862a-1124d62f5cde','stage','Stage','7f35b497-bf69-4d33-a910-cae8664d51d0', 'b49f214e-f69f-43da-9ce3-ad96042268d0', 'f777f2e2-5e32-424e-a1ca-19d16cd8abce'),
('602893b5-9c28-4851-a969-ccc9a74226bf','precipitation','Precipitation','7f35b497-bf69-4d33-a910-cae8664d51d0', '0ce77a5a-8283-47cd-9126-c440bcec4ef6', '4ee79a3d-a053-41b8-85b5-bb2eea3c9d1a'),
('0484fb08-7dd0-43b2-92f6-85fbcd121c3c','voltage','Voltage','7f35b497-bf69-4d33-a910-cae8664d51d0', '430e5edb-e2b5-4f86-b19f-cda26a27e151', '6b5bd788-8c78-43bb-b5a3-ad544b858a64'),
('6937790f-263a-4623-803c-d345243dd132','stage','Stage','081cf662-5d31-4543-a74b-3aed51b673c0', 'b49f214e-f69f-43da-9ce3-ad96042268d0', 'f777f2e2-5e32-424e-a1ca-19d16cd8abce'),
('20270d24-97e7-41bd-82c7-d6cd878edbc1','precipitation','Precipitation','081cf662-5d31-4543-a74b-3aed51b673c0', '0ce77a5a-8283-47cd-9126-c440bcec4ef6', '4ee79a3d-a053-41b8-85b5-bb2eea3c9d1a'),
('c38780be-ccdc-4b4d-a79c-adf25bb5be36','voltage','Voltage','081cf662-5d31-4543-a74b-3aed51b673c0', '430e5edb-e2b5-4f86-b19f-cda26a27e151', '6b5bd788-8c78-43bb-b5a3-ad544b858a64'),
('45703104-565f-4523-aa0c-944a8f7d1cf0','stage','Stage','44af25f2-75c5-4f0b-b632-fe50aaa54339', 'b49f214e-f69f-43da-9ce3-ad96042268d0', 'f777f2e2-5e32-424e-a1ca-19d16cd8abce'),
('049e39bf-abe9-4970-a5d0-271c421922c5','precipitation','Precipitation','44af25f2-75c5-4f0b-b632-fe50aaa54339', '0ce77a5a-8283-47cd-9126-c440bcec4ef6', '4ee79a3d-a053-41b8-85b5-bb2eea3c9d1a'),
('72eafefe-af0d-4b91-820f-242f78809492','voltage','Voltage','44af25f2-75c5-4f0b-b632-fe50aaa54339', '430e5edb-e2b5-4f86-b19f-cda26a27e151', '6b5bd788-8c78-43bb-b5a3-ad544b858a64'),
('33708ce5-f19f-436c-b5ee-299d526c85e2','stage','Stage','f8c94efa-3f7f-4387-b2b1-1fc888e448f2', 'b49f214e-f69f-43da-9ce3-ad96042268d0', 'f777f2e2-5e32-424e-a1ca-19d16cd8abce'),
('634ff6b8-9213-445c-899f-3e1ff16f257a','precipitation','Precipitation','f8c94efa-3f7f-4387-b2b1-1fc888e448f2', '0ce77a5a-8283-47cd-9126-c440bcec4ef6', '4ee79a3d-a053-41b8-85b5-bb2eea3c9d1a'),
('01275faa-a4e5-4cd6-a488-0f896171294f','voltage','Voltage','f8c94efa-3f7f-4387-b2b1-1fc888e448f2', '430e5edb-e2b5-4f86-b19f-cda26a27e151', '6b5bd788-8c78-43bb-b5a3-ad544b858a64'),
('178eaf44-ea55-4f82-bacc-da5272cf3265','stage','Stage','c87c5c16-6a19-4070-a013-f9fdd8dce5d0', 'b49f214e-f69f-43da-9ce3-ad96042268d0', 'f777f2e2-5e32-424e-a1ca-19d16cd8abce'),
('722b629f-ec87-4f1f-894b-b8d7254b8f8f','precipitation','Precipitation','c87c5c16-6a19-4070-a013-f9fdd8dce5d0', '0ce77a5a-8283-47cd-9126-c440bcec4ef6', '4ee79a3d-a053-41b8-85b5-bb2eea3c9d1a'),
('c74a0a8d-2109-4a39-b87a-e03113be903e','voltage','Voltage','c87c5c16-6a19-4070-a013-f9fdd8dce5d0', '430e5edb-e2b5-4f86-b19f-cda26a27e151', '6b5bd788-8c78-43bb-b5a3-ad544b858a64'),
('58144c9b-91ba-4f0c-b321-4c07a1fa528b','stage','Stage','2cf4e8f8-6bc5-436a-b78b-64d3575e083f', 'b49f214e-f69f-43da-9ce3-ad96042268d0', 'f777f2e2-5e32-424e-a1ca-19d16cd8abce'),
('d362d8d2-29d3-4cd8-ba08-4208b7f91a18','precipitation','Precipitation','2cf4e8f8-6bc5-436a-b78b-64d3575e083f', '0ce77a5a-8283-47cd-9126-c440bcec4ef6', '4ee79a3d-a053-41b8-85b5-bb2eea3c9d1a'),
('12832c09-de2c-4235-9b87-69069b3c230d','voltage','Voltage','2cf4e8f8-6bc5-436a-b78b-64d3575e083f', '430e5edb-e2b5-4f86-b19f-cda26a27e151', '6b5bd788-8c78-43bb-b5a3-ad544b858a64'),
('992efe4a-4ef6-43d0-8de7-2f49b60a2751','stage','Stage','0f406d18-bb1c-4db2-9dc4-366525aacc63', 'b49f214e-f69f-43da-9ce3-ad96042268d0', 'f777f2e2-5e32-424e-a1ca-19d16cd8abce'),
('63d6a705-c0f8-4364-99bb-9247413169a5','precipitation','Precipitation','0f406d18-bb1c-4db2-9dc4-366525aacc63', '0ce77a5a-8283-47cd-9126-c440bcec4ef6', '4ee79a3d-a053-41b8-85b5-bb2eea3c9d1a'),
('628de471-61d9-45ef-a2a1-fcce3721b3af','voltage','Voltage','0f406d18-bb1c-4db2-9dc4-366525aacc63', '430e5edb-e2b5-4f86-b19f-cda26a27e151', '6b5bd788-8c78-43bb-b5a3-ad544b858a64'),
('dd430a81-4b96-4992-acdf-b42ffc077297','stage','Stage','d303e855-fa9e-4319-aeb4-deea54461ac1', 'b49f214e-f69f-43da-9ce3-ad96042268d0', 'f777f2e2-5e32-424e-a1ca-19d16cd8abce'),
('5aae53c5-0ac8-46c3-a83a-dfb8ce5a757e','voltage','Voltage','d303e855-fa9e-4319-aeb4-deea54461ac1', '430e5edb-e2b5-4f86-b19f-cda26a27e151', '6b5bd788-8c78-43bb-b5a3-ad544b858a64'),
('2091da71-3b40-4036-84a3-c5ee8367e62f','stage','Stage','d72b4afe-5578-4bf7-997a-15aa3393fee6', 'b49f214e-f69f-43da-9ce3-ad96042268d0', 'f777f2e2-5e32-424e-a1ca-19d16cd8abce'),
('ddca03bd-5fb0-4033-a82f-baaadea791b4','voltage','Voltage','d72b4afe-5578-4bf7-997a-15aa3393fee6', '430e5edb-e2b5-4f86-b19f-cda26a27e151', '6b5bd788-8c78-43bb-b5a3-ad544b858a64'),
('c09a588d-0414-4709-9091-6630bde7488e','stage','Stage','90a11183-b370-4cdb-a2ce-550c22c9dcdf', 'b49f214e-f69f-43da-9ce3-ad96042268d0', 'f777f2e2-5e32-424e-a1ca-19d16cd8abce'),
('35601a9c-5c2d-4743-b92b-d5da64a93ca3','precipitation','Precipitation','90a11183-b370-4cdb-a2ce-550c22c9dcdf', '0ce77a5a-8283-47cd-9126-c440bcec4ef6', '4ee79a3d-a053-41b8-85b5-bb2eea3c9d1a'),
('b4ce87eb-86be-4533-8fb9-4cda08b774fc','voltage','Voltage','90a11183-b370-4cdb-a2ce-550c22c9dcdf', '430e5edb-e2b5-4f86-b19f-cda26a27e151', '6b5bd788-8c78-43bb-b5a3-ad544b858a64'),
('9ada220c-b688-4ca5-a5dc-520dbff8fed8','stage','Stage','dfc61862-0cd9-457b-91c0-2aa881f1a425', 'b49f214e-f69f-43da-9ce3-ad96042268d0', 'f777f2e2-5e32-424e-a1ca-19d16cd8abce'),
('989e0c1c-939c-47b2-b1f1-4ab568a07dc7','precipitation','Precipitation','dfc61862-0cd9-457b-91c0-2aa881f1a425', '0ce77a5a-8283-47cd-9126-c440bcec4ef6', '4ee79a3d-a053-41b8-85b5-bb2eea3c9d1a'),
('25593f46-7ed2-4241-8f58-09b73504556b','voltage','Voltage','dfc61862-0cd9-457b-91c0-2aa881f1a425', '430e5edb-e2b5-4f86-b19f-cda26a27e151', '6b5bd788-8c78-43bb-b5a3-ad544b858a64'),
('032772b1-4ff0-4d5e-be77-9627fe95e936','stage','Stage','0d28d1e9-3111-487e-a93c-902c19d784f7', 'b49f214e-f69f-43da-9ce3-ad96042268d0', 'f777f2e2-5e32-424e-a1ca-19d16cd8abce'),
('d5bbe891-e739-4e28-ad57-f67f26bf27d9','precipitation','Precipitation','0d28d1e9-3111-487e-a93c-902c19d784f7', '0ce77a5a-8283-47cd-9126-c440bcec4ef6', '4ee79a3d-a053-41b8-85b5-bb2eea3c9d1a'),
('3f33efc3-959e-4f49-b27d-b1a052100264','voltage','Voltage','0d28d1e9-3111-487e-a93c-902c19d784f7', '430e5edb-e2b5-4f86-b19f-cda26a27e151', '6b5bd788-8c78-43bb-b5a3-ad544b858a64'),
('81d727c6-f785-4fe7-842e-3e5440ff82f3','precipitation','Precipitation','0a15439b-155c-4cd2-89e6-2dcf81779014', '0ce77a5a-8283-47cd-9126-c440bcec4ef6', '4ee79a3d-a053-41b8-85b5-bb2eea3c9d1a'),
('308a3aa2-3c91-4c60-9746-c2874d45ac33','voltage','Voltage','0a15439b-155c-4cd2-89e6-2dcf81779014', '430e5edb-e2b5-4f86-b19f-cda26a27e151', '6b5bd788-8c78-43bb-b5a3-ad544b858a64'),
('be03f190-0e71-4150-8a4c-badae949769f','stage','Stage','884790ec-8c01-4a04-a3b2-fd4f4980b546', 'b49f214e-f69f-43da-9ce3-ad96042268d0', 'f777f2e2-5e32-424e-a1ca-19d16cd8abce'),
('3369d3f0-3e7e-4630-81c3-b64495c889cf','precipitation','Precipitation','884790ec-8c01-4a04-a3b2-fd4f4980b546', '0ce77a5a-8283-47cd-9126-c440bcec4ef6', '4ee79a3d-a053-41b8-85b5-bb2eea3c9d1a'),
('6269e47f-3770-485d-89c3-2498a83c851c','voltage','Voltage','884790ec-8c01-4a04-a3b2-fd4f4980b546', '430e5edb-e2b5-4f86-b19f-cda26a27e151', '6b5bd788-8c78-43bb-b5a3-ad544b858a64'),
('e7310e2b-be47-4205-9f1e-3016bff7f401','stage','Stage','0e312a48-3615-4c7f-9239-9d6fadc408d7', 'b49f214e-f69f-43da-9ce3-ad96042268d0', 'f777f2e2-5e32-424e-a1ca-19d16cd8abce'),
('a5244581-9077-4cf0-b541-2cce401b798c','precipitation','Precipitation','0e312a48-3615-4c7f-9239-9d6fadc408d7', '0ce77a5a-8283-47cd-9126-c440bcec4ef6', '4ee79a3d-a053-41b8-85b5-bb2eea3c9d1a'),
('84e6c1f3-2760-4b25-bd8d-999b9ab0bc13','voltage','Voltage','0e312a48-3615-4c7f-9239-9d6fadc408d7', '430e5edb-e2b5-4f86-b19f-cda26a27e151', '6b5bd788-8c78-43bb-b5a3-ad544b858a64'),
('275dcaf4-0cbc-4300-968f-e541571e6f97','stage','Stage','448ec4e2-ffb5-474a-8b82-fa33b46032ac', 'b49f214e-f69f-43da-9ce3-ad96042268d0', 'f777f2e2-5e32-424e-a1ca-19d16cd8abce'),
('5339d227-a50e-402a-9a0d-34d84607f40b','precipitation','Precipitation','448ec4e2-ffb5-474a-8b82-fa33b46032ac', '0ce77a5a-8283-47cd-9126-c440bcec4ef6', '4ee79a3d-a053-41b8-85b5-bb2eea3c9d1a'),
('3cd66a1a-b517-4f15-bb88-1a5a210ac8a6','voltage','Voltage','448ec4e2-ffb5-474a-8b82-fa33b46032ac', '430e5edb-e2b5-4f86-b19f-cda26a27e151', '6b5bd788-8c78-43bb-b5a3-ad544b858a64'),
('605213de-8691-4249-81d7-0dc0424442d1','stage','Stage','ddc544aa-ee0a-45e3-8491-c737034e5531', 'b49f214e-f69f-43da-9ce3-ad96042268d0', 'f777f2e2-5e32-424e-a1ca-19d16cd8abce'),
('18817a75-35a5-4b5d-b169-b86f9677a04c','precipitation','Precipitation','ddc544aa-ee0a-45e3-8491-c737034e5531', '0ce77a5a-8283-47cd-9126-c440bcec4ef6', '4ee79a3d-a053-41b8-85b5-bb2eea3c9d1a'),
('502f3961-67e8-4355-9da7-4c502d4ac26b','voltage','Voltage','ddc544aa-ee0a-45e3-8491-c737034e5531', '430e5edb-e2b5-4f86-b19f-cda26a27e151', '6b5bd788-8c78-43bb-b5a3-ad544b858a64'),
('02de9e1b-61bf-4e2f-a569-3093840b7c29','stage','Stage','c1dc8246-0510-4441-ba4c-cfa5c8063661', 'b49f214e-f69f-43da-9ce3-ad96042268d0', 'f777f2e2-5e32-424e-a1ca-19d16cd8abce'),
('3c3a4aaf-8334-40bc-8481-e190063bea0a','precipitation','Precipitation','c1dc8246-0510-4441-ba4c-cfa5c8063661', '0ce77a5a-8283-47cd-9126-c440bcec4ef6', '4ee79a3d-a053-41b8-85b5-bb2eea3c9d1a'),
('31fc0061-3533-4f10-a468-2f560a04a769','voltage','Voltage','c1dc8246-0510-4441-ba4c-cfa5c8063661', '430e5edb-e2b5-4f86-b19f-cda26a27e151', '6b5bd788-8c78-43bb-b5a3-ad544b858a64'),
('bb98068e-3fd4-4f12-bf7f-e84fdcfb50ac','stage','Stage','aca71247-25a6-4902-a2a5-9046d3f2e57d', 'b49f214e-f69f-43da-9ce3-ad96042268d0', 'f777f2e2-5e32-424e-a1ca-19d16cd8abce'),
('d502a741-c806-41f5-9892-c48cfaec116a','precipitation','Precipitation','aca71247-25a6-4902-a2a5-9046d3f2e57d', '0ce77a5a-8283-47cd-9126-c440bcec4ef6', '4ee79a3d-a053-41b8-85b5-bb2eea3c9d1a'),
('01cbd232-b8c4-4f6c-9544-4fde2ffad5af','voltage','Voltage','aca71247-25a6-4902-a2a5-9046d3f2e57d', '430e5edb-e2b5-4f86-b19f-cda26a27e151', '6b5bd788-8c78-43bb-b5a3-ad544b858a64'),
('1e17445d-f0ce-4bb8-83d6-b8d1efe1e6ff','stage','Stage','fc08c937-edee-4d8f-aefd-3ab8e34ca9a6', 'b49f214e-f69f-43da-9ce3-ad96042268d0', 'f777f2e2-5e32-424e-a1ca-19d16cd8abce'),
('3c92eb0d-ed70-4366-aeda-ec70856f966c','voltage','Voltage','fc08c937-edee-4d8f-aefd-3ab8e34ca9a6', '430e5edb-e2b5-4f86-b19f-cda26a27e151', '6b5bd788-8c78-43bb-b5a3-ad544b858a64'),
('faf45a3b-51a3-4350-84ae-dfddb23de86e','stage','Stage','9afa3015-3bf4-43c6-82e2-531796170a00', 'b49f214e-f69f-43da-9ce3-ad96042268d0', 'f777f2e2-5e32-424e-a1ca-19d16cd8abce'),
('3e8f14bd-f462-4543-973e-5151d84fd495','precipitation','Precipitation','9afa3015-3bf4-43c6-82e2-531796170a00', '0ce77a5a-8283-47cd-9126-c440bcec4ef6', '4ee79a3d-a053-41b8-85b5-bb2eea3c9d1a'),
('6a8c94b7-95fb-4933-983e-b9b5ae9d0463','voltage','Voltage','9afa3015-3bf4-43c6-82e2-531796170a00', '430e5edb-e2b5-4f86-b19f-cda26a27e151', '6b5bd788-8c78-43bb-b5a3-ad544b858a64'),
('5d25baad-8250-45d5-935c-107cc9672647','stage','Stage','e616d9d8-41bb-40e1-a6ea-6a1bec55fb68', 'b49f214e-f69f-43da-9ce3-ad96042268d0', 'f777f2e2-5e32-424e-a1ca-19d16cd8abce'),
('bc1222a1-1a75-4f99-abfb-7181370be18c','precipitation','Precipitation','e616d9d8-41bb-40e1-a6ea-6a1bec55fb68', '0ce77a5a-8283-47cd-9126-c440bcec4ef6', '4ee79a3d-a053-41b8-85b5-bb2eea3c9d1a'),
('882a61be-c61f-4498-81f1-2729a13720dd','voltage','Voltage','e616d9d8-41bb-40e1-a6ea-6a1bec55fb68', '430e5edb-e2b5-4f86-b19f-cda26a27e151', '6b5bd788-8c78-43bb-b5a3-ad544b858a64'),
('3967a7ff-e521-4397-ab28-fb7d7b1fb800','stage','Stage','8c2d8db1-9ee6-4cc6-9b31-14d456addaeb', 'b49f214e-f69f-43da-9ce3-ad96042268d0', 'f777f2e2-5e32-424e-a1ca-19d16cd8abce'),
('17cd363d-107b-4548-8eb0-5a95354508f9','precipitation','Precipitation','8c2d8db1-9ee6-4cc6-9b31-14d456addaeb', '0ce77a5a-8283-47cd-9126-c440bcec4ef6', '4ee79a3d-a053-41b8-85b5-bb2eea3c9d1a'),
('701d93e8-103e-45f9-9ab1-812833a57b1f','voltage','Voltage','8c2d8db1-9ee6-4cc6-9b31-14d456addaeb', '430e5edb-e2b5-4f86-b19f-cda26a27e151', '6b5bd788-8c78-43bb-b5a3-ad544b858a64'),
('1bf2b9c7-4534-40cf-97d4-5865dd0637dd','stage','Stage','f552903c-97f5-4ae0-a8fb-e9d78b810db2', 'b49f214e-f69f-43da-9ce3-ad96042268d0', 'f777f2e2-5e32-424e-a1ca-19d16cd8abce'),
('7637cbcf-ecb0-49a9-9c03-115852719653','precipitation','Precipitation','f552903c-97f5-4ae0-a8fb-e9d78b810db2', '0ce77a5a-8283-47cd-9126-c440bcec4ef6', '4ee79a3d-a053-41b8-85b5-bb2eea3c9d1a'),
('222292b4-53d9-4979-808e-4b26181d43e8','voltage','Voltage','f552903c-97f5-4ae0-a8fb-e9d78b810db2', '430e5edb-e2b5-4f86-b19f-cda26a27e151', '6b5bd788-8c78-43bb-b5a3-ad544b858a64'),
('91c12faf-ffd2-4a4d-9543-b9a6d90bfff6','stage','Stage','3a1c4029-a603-449d-b5d6-4d1be631f43c', 'b49f214e-f69f-43da-9ce3-ad96042268d0', 'f777f2e2-5e32-424e-a1ca-19d16cd8abce'),
('fae410a4-ca8c-49f3-8013-92b10b5cd9a9','precipitation','Precipitation','3a1c4029-a603-449d-b5d6-4d1be631f43c', '0ce77a5a-8283-47cd-9126-c440bcec4ef6', '4ee79a3d-a053-41b8-85b5-bb2eea3c9d1a'),
('cc7b4a34-b990-492a-844a-fc21b9528b7c','voltage','Voltage','3a1c4029-a603-449d-b5d6-4d1be631f43c', '430e5edb-e2b5-4f86-b19f-cda26a27e151', '6b5bd788-8c78-43bb-b5a3-ad544b858a64'),
('4a0327c3-d21f-4517-b30a-1dc5c95e0bc5','stage','Stage','ad9467c6-ac51-4ace-8f66-58ee01377c9b', 'b49f214e-f69f-43da-9ce3-ad96042268d0', 'f777f2e2-5e32-424e-a1ca-19d16cd8abce'),
('69ede48d-eaed-4593-9cf8-7e3e99d32728','precipitation','Precipitation','ad9467c6-ac51-4ace-8f66-58ee01377c9b', '0ce77a5a-8283-47cd-9126-c440bcec4ef6', '4ee79a3d-a053-41b8-85b5-bb2eea3c9d1a'),
('cd19793e-d3e6-4d8d-a524-ce4d709e1c36','voltage','Voltage','ad9467c6-ac51-4ace-8f66-58ee01377c9b', '430e5edb-e2b5-4f86-b19f-cda26a27e151', '6b5bd788-8c78-43bb-b5a3-ad544b858a64'),
('729fff05-22aa-43a8-838f-5d702ea23d84','stage','Stage','f12cb69e-99d0-4a3e-a36a-171c01f33faf', 'b49f214e-f69f-43da-9ce3-ad96042268d0', 'f777f2e2-5e32-424e-a1ca-19d16cd8abce'),
('6a18b06c-ff9f-4168-aa39-561f5356f297','precipitation','Precipitation','f12cb69e-99d0-4a3e-a36a-171c01f33faf', '0ce77a5a-8283-47cd-9126-c440bcec4ef6', '4ee79a3d-a053-41b8-85b5-bb2eea3c9d1a'),
('748d910e-7a9c-4faa-8b86-4735c6af8fc2','dissolved-oxygen','Dissolved-Oxygen','f12cb69e-99d0-4a3e-a36a-171c01f33faf', '98007857-d027-4524-9a63-d07ae93e5fa2', '67d75ccd-6bf7-4086-a970-5ed65a5c30f3'),
('561d825a-32d6-4216-8335-62e0f08dfde3','voltage','Voltage','f12cb69e-99d0-4a3e-a36a-171c01f33faf', '430e5edb-e2b5-4f86-b19f-cda26a27e151', '6b5bd788-8c78-43bb-b5a3-ad544b858a64'),
('33a2898a-10de-44e0-ab48-16b6b6025fd0','stage','Stage','af4ea854-5aa7-4cdb-82b7-3b651b521b87', 'b49f214e-f69f-43da-9ce3-ad96042268d0', 'f777f2e2-5e32-424e-a1ca-19d16cd8abce'),
('011734d3-f7f1-4a24-b570-7f26a47e406c','precipitation','Precipitation','af4ea854-5aa7-4cdb-82b7-3b651b521b87', '0ce77a5a-8283-47cd-9126-c440bcec4ef6', '4ee79a3d-a053-41b8-85b5-bb2eea3c9d1a'),
('e8c717a3-6420-4467-8494-4234c1cbfb56','voltage','Voltage','af4ea854-5aa7-4cdb-82b7-3b651b521b87', '430e5edb-e2b5-4f86-b19f-cda26a27e151', '6b5bd788-8c78-43bb-b5a3-ad544b858a64'),
('ae1f94d2-21cd-4948-83ab-8fb167da6f3c','precipitation','Precipitation','c84cebec-a1e2-4be8-9f72-01f895181c47', '0ce77a5a-8283-47cd-9126-c440bcec4ef6', '4ee79a3d-a053-41b8-85b5-bb2eea3c9d1a'),
('28b00be6-dc60-41ba-9842-fd3ae85201c8','voltage','Voltage','c84cebec-a1e2-4be8-9f72-01f895181c47', '430e5edb-e2b5-4f86-b19f-cda26a27e151', '6b5bd788-8c78-43bb-b5a3-ad544b858a64'),
('c8e48d2b-0fe1-4d7c-8d40-779fb4e1b55d','stage','Stage','a2c47699-dad6-41bd-99f6-29336878311d', 'b49f214e-f69f-43da-9ce3-ad96042268d0', 'f777f2e2-5e32-424e-a1ca-19d16cd8abce'),
('54bab187-5a14-49c5-8228-8cd164976b5b','precipitation','Precipitation','a2c47699-dad6-41bd-99f6-29336878311d', '0ce77a5a-8283-47cd-9126-c440bcec4ef6', '4ee79a3d-a053-41b8-85b5-bb2eea3c9d1a'),
('f9aaf018-5663-4dd8-866c-fb0592093903','voltage','Voltage','a2c47699-dad6-41bd-99f6-29336878311d', '430e5edb-e2b5-4f86-b19f-cda26a27e151', '6b5bd788-8c78-43bb-b5a3-ad544b858a64'),
('8feda581-005f-4491-a331-79999b8f26ee','stage','Stage','73150d45-bc87-4208-9876-aeb928109b09', 'b49f214e-f69f-43da-9ce3-ad96042268d0', 'f777f2e2-5e32-424e-a1ca-19d16cd8abce'),
('58cc82b4-2297-45ed-adca-2fba5c44fd8d','precipitation','Precipitation','73150d45-bc87-4208-9876-aeb928109b09', '0ce77a5a-8283-47cd-9126-c440bcec4ef6', '4ee79a3d-a053-41b8-85b5-bb2eea3c9d1a'),
('9f540b9e-fb1a-45aa-a352-9b7be78be24d','voltage','Voltage','73150d45-bc87-4208-9876-aeb928109b09', '430e5edb-e2b5-4f86-b19f-cda26a27e151', '6b5bd788-8c78-43bb-b5a3-ad544b858a64'),
('70156077-3de4-4c27-9839-1ac63cc124be','stage','Stage','52c8b2b9-3724-4a68-beb7-06087600689b', 'b49f214e-f69f-43da-9ce3-ad96042268d0', 'f777f2e2-5e32-424e-a1ca-19d16cd8abce'),
('87aa7f8a-58f8-4699-82cb-8cb9f89d2723','precipitation','Precipitation','52c8b2b9-3724-4a68-beb7-06087600689b', '0ce77a5a-8283-47cd-9126-c440bcec4ef6', '4ee79a3d-a053-41b8-85b5-bb2eea3c9d1a'),
('a8d208f7-1eff-4904-8657-29db76efa719','voltage','Voltage','52c8b2b9-3724-4a68-beb7-06087600689b', '430e5edb-e2b5-4f86-b19f-cda26a27e151', '6b5bd788-8c78-43bb-b5a3-ad544b858a64'),
('9f13f170-171f-4c81-867a-d5cf87ce0d4f','stage','Stage','7d895c2a-df4a-434b-aa16-2a4e499372c4', 'b49f214e-f69f-43da-9ce3-ad96042268d0', 'f777f2e2-5e32-424e-a1ca-19d16cd8abce'),
('f9594c6c-d36d-4768-bb33-6e798588cb24','precipitation','Precipitation','7d895c2a-df4a-434b-aa16-2a4e499372c4', '0ce77a5a-8283-47cd-9126-c440bcec4ef6', '4ee79a3d-a053-41b8-85b5-bb2eea3c9d1a'),
('d3b14532-ddfe-4d5b-8d94-2ae7b05870be','voltage','Voltage','7d895c2a-df4a-434b-aa16-2a4e499372c4', '430e5edb-e2b5-4f86-b19f-cda26a27e151', '6b5bd788-8c78-43bb-b5a3-ad544b858a64'),
('36779d39-9878-44d4-b0d2-a17301871f5d','stage','Stage','7173b7bd-f0b9-4ac9-ab5f-f99960bea3c9', 'b49f214e-f69f-43da-9ce3-ad96042268d0', 'f777f2e2-5e32-424e-a1ca-19d16cd8abce'),
('2d839c82-c108-4c35-8026-f0f80c00b83c','voltage','Voltage','7173b7bd-f0b9-4ac9-ab5f-f99960bea3c9', '430e5edb-e2b5-4f86-b19f-cda26a27e151', '6b5bd788-8c78-43bb-b5a3-ad544b858a64'),
('a4f2bbc7-bdaa-44e7-b2ff-e821eebd808b','precipitation','Precipitation','190affd1-0a3d-4286-8685-4e1c2fba2a5c', '0ce77a5a-8283-47cd-9126-c440bcec4ef6', '3254f483-5e66-405c-acf2-2a8add714bf5'),
('36805bdb-6b37-417e-aeeb-85e8d473cb00','voltage','Voltage','190affd1-0a3d-4286-8685-4e1c2fba2a5c', '430e5edb-e2b5-4f86-b19f-cda26a27e151', '3254f483-5e66-405c-acf2-2a8add714bf5'),
('04ea814d-54f7-49cc-91e3-b9ca23f4dcf7','stage','Stage','a2d64538-0b7a-4870-8fa7-d1052e1e0557', 'b49f214e-f69f-43da-9ce3-ad96042268d0', 'f777f2e2-5e32-424e-a1ca-19d16cd8abce'),
('a53651f1-614f-41ea-bb6b-a92bc9888ae9','voltage','Voltage','a2d64538-0b7a-4870-8fa7-d1052e1e0557', '430e5edb-e2b5-4f86-b19f-cda26a27e151', '6b5bd788-8c78-43bb-b5a3-ad544b858a64'),
('34d51ad3-ed71-400e-be05-3f85a9738a1d','precipitation','Precipitation','bc2bd1f2-5908-4382-aa4e-7b20fc793bc6', '0ce77a5a-8283-47cd-9126-c440bcec4ef6', '4ee79a3d-a053-41b8-85b5-bb2eea3c9d1a'),
('86ce5f74-efb8-483f-a3f3-09d4c09a8e5f','voltage','Voltage','bc2bd1f2-5908-4382-aa4e-7b20fc793bc6', '430e5edb-e2b5-4f86-b19f-cda26a27e151', '6b5bd788-8c78-43bb-b5a3-ad544b858a64'),
('634dddec-df02-47c5-b985-bb0ee9adf9d5','precipitation','Precipitation','8a1713c5-910b-4a21-bdc8-318bacc71ad9', '0ce77a5a-8283-47cd-9126-c440bcec4ef6', '4ee79a3d-a053-41b8-85b5-bb2eea3c9d1a'),
('7933aebc-ab56-4d7a-894c-fbe6cca65863','stage','Stage','8a1713c5-910b-4a21-bdc8-318bacc71ad9', 'b49f214e-f69f-43da-9ce3-ad96042268d0', 'f777f2e2-5e32-424e-a1ca-19d16cd8abce'),
('4c9b1053-b153-4db2-b17f-d7f89f5fe9a1','voltage','Voltage','8a1713c5-910b-4a21-bdc8-318bacc71ad9', '430e5edb-e2b5-4f86-b19f-cda26a27e151', '6b5bd788-8c78-43bb-b5a3-ad544b858a64'),
('fb53c5c7-db21-40fd-a6ac-7c5f02c9ee6d','precipitation','Precipitation','48588841-68df-4ede-8b89-1a77607fc0e4', '0ce77a5a-8283-47cd-9126-c440bcec4ef6', '4ee79a3d-a053-41b8-85b5-bb2eea3c9d1a'),
('838840e3-7f5e-4b94-8991-de3992879c92','voltage','Voltage','48588841-68df-4ede-8b89-1a77607fc0e4', '430e5edb-e2b5-4f86-b19f-cda26a27e151', '6b5bd788-8c78-43bb-b5a3-ad544b858a64'),
('fdbb5f96-9137-4919-94fa-25bd629ded3c','stage','Stage','e163587b-4f14-414a-8cd0-f79f2544796f', 'b49f214e-f69f-43da-9ce3-ad96042268d0', 'f777f2e2-5e32-424e-a1ca-19d16cd8abce'),
('fddb4103-5daf-4ab3-b2bd-8332abc3cb3d','voltage','Voltage','e163587b-4f14-414a-8cd0-f79f2544796f', '430e5edb-e2b5-4f86-b19f-cda26a27e151', '6b5bd788-8c78-43bb-b5a3-ad544b858a64'),
('fd68d94f-3970-4cd3-8a57-4fbe9ea5dcfb','stage','Stage','ad79e329-db92-41e7-8b3a-5991c50e0d53', 'b49f214e-f69f-43da-9ce3-ad96042268d0', 'f777f2e2-5e32-424e-a1ca-19d16cd8abce'),
('899a4831-e415-4c33-93c8-2e148376a58e','voltage','Voltage','ad79e329-db92-41e7-8b3a-5991c50e0d53', '430e5edb-e2b5-4f86-b19f-cda26a27e151', '6b5bd788-8c78-43bb-b5a3-ad544b858a64'),
('505952d8-2071-4465-85d6-75c44c8a683a','stage','Stage','6145b3a9-527b-4f02-9724-61d5388924e6', 'b49f214e-f69f-43da-9ce3-ad96042268d0', 'f777f2e2-5e32-424e-a1ca-19d16cd8abce'),
('10e2228a-57ad-4325-8f43-902b4539c7c9','voltage','Voltage','6145b3a9-527b-4f02-9724-61d5388924e6', '430e5edb-e2b5-4f86-b19f-cda26a27e151', '6b5bd788-8c78-43bb-b5a3-ad544b858a64'),
('81229138-6a38-4a49-aa5d-f8a2a8980ddf','stage','Stage','0aee26d6-8ff0-4a4e-a0db-e7bac0639a63', 'b49f214e-f69f-43da-9ce3-ad96042268d0', 'f777f2e2-5e32-424e-a1ca-19d16cd8abce'),
('0ed86246-b013-46b6-9e2d-55f3e852273b','voltage','Voltage','0aee26d6-8ff0-4a4e-a0db-e7bac0639a63', '430e5edb-e2b5-4f86-b19f-cda26a27e151', '6b5bd788-8c78-43bb-b5a3-ad544b858a64'),
('e0ed6afc-da47-4053-a633-4dc1dd27fbe3','stage','Stage','83dc8d98-fdfa-49b1-9b9e-51165df10695', 'b49f214e-f69f-43da-9ce3-ad96042268d0', 'f777f2e2-5e32-424e-a1ca-19d16cd8abce'),
('73340ac3-79bb-4ae4-b588-9c6cd33247c5','precipitation','Precipitation','83dc8d98-fdfa-49b1-9b9e-51165df10695', '0ce77a5a-8283-47cd-9126-c440bcec4ef6', '4ee79a3d-a053-41b8-85b5-bb2eea3c9d1a'),
('1aa6274c-30d4-4413-9fab-d4a6cc6b0868','voltage','Voltage','83dc8d98-fdfa-49b1-9b9e-51165df10695', '430e5edb-e2b5-4f86-b19f-cda26a27e151', '6b5bd788-8c78-43bb-b5a3-ad544b858a64'),
('42dacc69-e6a3-45fe-ac67-701ece93c034','stage','Stage','9bce7255-ddb5-4a89-8606-045ebbfffbbe', 'b49f214e-f69f-43da-9ce3-ad96042268d0', 'f777f2e2-5e32-424e-a1ca-19d16cd8abce'),
('88a5abb4-f850-472f-8374-debb033d4899','voltage','Voltage','9bce7255-ddb5-4a89-8606-045ebbfffbbe', '430e5edb-e2b5-4f86-b19f-cda26a27e151', '6b5bd788-8c78-43bb-b5a3-ad544b858a64'),
('958764c4-5c00-4de2-a653-c88db37a5fc5','stage','Stage','e2c494b1-4356-4fdc-8827-d78d3069e087', 'b49f214e-f69f-43da-9ce3-ad96042268d0', 'f777f2e2-5e32-424e-a1ca-19d16cd8abce'),
('db4a995a-81d6-4efe-9a12-47fc9b94abe0','precipitation','Precipitation','e2c494b1-4356-4fdc-8827-d78d3069e087', '0ce77a5a-8283-47cd-9126-c440bcec4ef6', '4ee79a3d-a053-41b8-85b5-bb2eea3c9d1a'),
('4a1d50ac-b6bb-4ab4-bd83-cccdadc5ae1c','voltage','Voltage','e2c494b1-4356-4fdc-8827-d78d3069e087', '430e5edb-e2b5-4f86-b19f-cda26a27e151', '6b5bd788-8c78-43bb-b5a3-ad544b858a64'),
('4faf3ad5-9374-4ff4-bf7a-a434cad0fa97','stage','Stage','576740ec-3edb-466d-ad55-5a2b5988e318', 'b49f214e-f69f-43da-9ce3-ad96042268d0', 'f777f2e2-5e32-424e-a1ca-19d16cd8abce'),
('a30c6fea-c145-4867-9a64-375498050b0c','voltage','Voltage','576740ec-3edb-466d-ad55-5a2b5988e318', '430e5edb-e2b5-4f86-b19f-cda26a27e151', '6b5bd788-8c78-43bb-b5a3-ad544b858a64'),
('a56ae895-b38c-4494-aa58-242fba1d074d','stage','Stage','51fed866-1c9b-47c3-8330-5bb7f3e5c1dd', 'b49f214e-f69f-43da-9ce3-ad96042268d0', 'f777f2e2-5e32-424e-a1ca-19d16cd8abce'),
('377e9b9b-3791-4756-8f32-528e5c021391','voltage','Voltage','51fed866-1c9b-47c3-8330-5bb7f3e5c1dd', '430e5edb-e2b5-4f86-b19f-cda26a27e151', '6b5bd788-8c78-43bb-b5a3-ad544b858a64'),
('c0cd6ed6-ed19-4b22-95c1-57c6af8ebe2c','stage','Stage','940d6c97-8ff2-4b1f-8f32-74f32d04271f', 'b49f214e-f69f-43da-9ce3-ad96042268d0', 'f777f2e2-5e32-424e-a1ca-19d16cd8abce'),
('1536134a-41d1-4f5e-a8bd-e92e827ab74d','voltage','Voltage','940d6c97-8ff2-4b1f-8f32-74f32d04271f', '430e5edb-e2b5-4f86-b19f-cda26a27e151', '6b5bd788-8c78-43bb-b5a3-ad544b858a64');
