INSERT INTO project (id, office_id, slug, name, image) VALUES
    ('57fc22a2-b536-45a3-afbb-e5d0e3a422c6', '11b5fe49-fe36-4a06-a0da-d55b1b62b1fb', 'albuquerque-district-streamgages', 'Albuquerque District Streamgages', 'albuquerque-district-streamgages.jpg');

--INSERT INSTRUMENTS--COUNT:161
INSERT INTO public.instrument(id, deleted, slug, name, formula, geometry, station, station_offset, create_date, update_date, type_id, project_id, creator, updater)
 VALUES 
('033116f2-46f9-4e90-b0b0-3b8beada63eb', False, 'big-bend-np', 'Big Bend NP', null, ST_GeomFromText('POINT(-102.975 29.1833)',4326), null, null, '2021-02-26T16:10:23.843627Z', null, '98a61f29-18a8-430a-9d02-0f53486e0984', 'f124c61e-f5c2-441f-adb1-9acb1484f8c0', '00000000-0000-0000-0000-000000000000', null),
('9407ee00-4c79-4c51-90fa-a4d24a63632f', False, 'aadn5', 'AADN5', null, ST_GeomFromText('POINT(-106.5731 35.1511)',4326), null, null, '2021-02-26T16:10:23.845082Z', null, '98a61f29-18a8-430a-9d02-0f53486e0984', 'f124c61e-f5c2-441f-adb1-9acb1484f8c0', '00000000-0000-0000-0000-000000000000', null),
('c69dec30-1744-4c38-aa21-4af2e3662dda', False, 'redford', 'Redford', null, ST_GeomFromText('POINT(-104.2161 29.4856)',4326), null, null, '2021-02-26T16:10:23.845621Z', null, '98a61f29-18a8-430a-9d02-0f53486e0984', 'f124c61e-f5c2-441f-adb1-9acb1484f8c0', '00000000-0000-0000-0000-000000000000', null),
('97b57cbe-e409-4b29-a2a5-ef6eb73ccc1c', False, 'rawsacon5', 'RawsACON5', null, ST_GeomFromText('POINT(-107.8483 34.7197)',4326), null, null, '2021-02-26T16:10:23.845923Z', null, '98a61f29-18a8-430a-9d02-0f53486e0984', 'f124c61e-f5c2-441f-adb1-9acb1484f8c0', '00000000-0000-0000-0000-000000000000', null),
('32a14f67-9146-4477-abf5-0a3b7311fda8', False, 'rawsbatn5', 'RawsBATN5', null, ST_GeomFromText('POINT(-104.4406 32.1786)',4326), null, null, '2021-02-26T16:10:23.848175Z', null, '98a61f29-18a8-430a-9d02-0f53486e0984', 'f124c61e-f5c2-441f-adb1-9acb1484f8c0', '00000000-0000-0000-0000-000000000000', null),
('6dec1bf1-4779-4150-91aa-8f37094c392d', False, 'rawsbbrc2', 'RawsBBRC2', null, ST_GeomFromText('POINT(-107.7294 37.4961)',4326), null, null, '2021-02-26T16:10:23.850358Z', null, '98a61f29-18a8-430a-9d02-0f53486e0984', 'f124c61e-f5c2-441f-adb1-9acb1484f8c0', '00000000-0000-0000-0000-000000000000', null),
('5f71beec-2011-4016-9bd1-1ff0ef8f0969', False, 'rawsbchn5', 'RawsBCHN5', null, ST_GeomFromText('POINT(-106.0986 33.7731)',4326), null, null, '2021-02-26T16:10:23.852640Z', null, '98a61f29-18a8-430a-9d02-0f53486e0984', 'f124c61e-f5c2-441f-adb1-9acb1484f8c0', '00000000-0000-0000-0000-000000000000', null),
('6c3b2080-14c5-48fc-abe4-45e9de48dd8a', False, 'rawsbdan5', 'RawsBDAN5', null, ST_GeomFromText('POINT(-106.8819 33.8211)',4326), null, null, '2021-02-26T16:10:23.854553Z', null, '98a61f29-18a8-430a-9d02-0f53486e0984', 'f124c61e-f5c2-441f-adb1-9acb1484f8c0', '00000000-0000-0000-0000-000000000000', null),
('9dcc10ce-3005-4447-9381-c7bbdcb0d061', False, 'rawsbhrc2', 'RawsBHRC2', null, ST_GeomFromText('POINT(-106.2011 37.0208)',4326), null, null, '2021-02-26T16:10:23.856071Z', null, '98a61f29-18a8-430a-9d02-0f53486e0984', 'f124c61e-f5c2-441f-adb1-9acb1484f8c0', '00000000-0000-0000-0000-000000000000', null),
('9b883e8a-dce0-4ec1-9b09-9fb613d3adb7', False, 'rawsblpc2', 'RawsBLPC2', null, ST_GeomFromText('POINT(-106.7786 37.7931)',4326), null, null, '2021-02-26T16:10:23.857501Z', null, '98a61f29-18a8-430a-9d02-0f53486e0984', 'f124c61e-f5c2-441f-adb1-9acb1484f8c0', '00000000-0000-0000-0000-000000000000', null),
('e25a685a-7e8a-4b1e-a6ae-862e36c09813', False, 'rawsblwn5', 'RawsBLWN5', null, ST_GeomFromText('POINT(-108.1631 35.1942)',4326), null, null, '2021-02-26T16:10:23.858950Z', null, '98a61f29-18a8-430a-9d02-0f53486e0984', 'f124c61e-f5c2-441f-adb1-9acb1484f8c0', '00000000-0000-0000-0000-000000000000', null),
('bae64cb4-c361-4550-b087-70e2a99544b9', False, 'rawsbmoc2', 'RawsBMOC2', null, ST_GeomFromText('POINT(-105.2842 37.8614)',4326), null, null, '2021-02-26T16:10:23.860074Z', null, '98a61f29-18a8-430a-9d02-0f53486e0984', 'f124c61e-f5c2-441f-adb1-9acb1484f8c0', '00000000-0000-0000-0000-000000000000', null),
('47508269-eda9-4cfa-8cf8-280446e0a134', False, 'rawsbnht2', 'RawsBNHT2', null, ST_GeomFromText('POINT(-101.1578 30.9856)',4326), null, null, '2021-02-26T16:10:23.861223Z', null, '98a61f29-18a8-430a-9d02-0f53486e0984', 'f124c61e-f5c2-441f-adb1-9acb1484f8c0', '00000000-0000-0000-0000-000000000000', null),
('915cd852-8f1a-43c3-ac0c-c540b2a9dcbd', False, 'rawsbvrn5', 'RawsBVRN5', null, ST_GeomFromText('POINT(-108.11 33.4236)',4326), null, null, '2021-02-26T16:10:23.862311Z', null, '98a61f29-18a8-430a-9d02-0f53486e0984', 'f124c61e-f5c2-441f-adb1-9acb1484f8c0', '00000000-0000-0000-0000-000000000000', null),
('47ffe9f9-2d03-407b-ac13-cfa284611734', False, 'rawscbbn5', 'RawsCBBN5', null, ST_GeomFromText('POINT(-107.0772 35.9419)',4326), null, null, '2021-02-26T16:10:23.863443Z', null, '98a61f29-18a8-430a-9d02-0f53486e0984', 'f124c61e-f5c2-441f-adb1-9acb1484f8c0', '00000000-0000-0000-0000-000000000000', null),
('03fded95-f4a2-4a51-b11b-94513eea290e', False, 'rawsccec2', 'RawsCCEC2', null, ST_GeomFromText('POINT(-104.0319 37.5425)',4326), null, null, '2021-02-26T16:10:23.864416Z', null, '98a61f29-18a8-430a-9d02-0f53486e0984', 'f124c61e-f5c2-441f-adb1-9acb1484f8c0', '00000000-0000-0000-0000-000000000000', null),
('8952475a-263c-48b2-95f1-e92af9c514c7', False, 'rawsccyc2', 'RawsCCYC2', null, ST_GeomFromText('POINT(-104.8692 37.9478)',4326), null, null, '2021-02-26T16:10:23.865295Z', null, '98a61f29-18a8-430a-9d02-0f53486e0984', 'f124c61e-f5c2-441f-adb1-9acb1484f8c0', '00000000-0000-0000-0000-000000000000', null),
('13ebf361-835f-4fe9-9821-7fe88f320a3c', False, 'rawscglk1', 'RawsCGLK1', null, ST_GeomFromText('POINT(-101.9014 37.1408)',4326), null, null, '2021-02-26T16:10:23.866169Z', null, '98a61f29-18a8-430a-9d02-0f53486e0984', 'f124c61e-f5c2-441f-adb1-9acb1484f8c0', '00000000-0000-0000-0000-000000000000', null),
('24eb8d2a-9a8c-4ccb-b005-ef59c047c8a2', False, 'rawscgrc2', 'RawsCGRC2', null, ST_GeomFromText('POINT(-105.4519 38.3456)',4326), null, null, '2021-02-26T16:10:23.867018Z', null, '98a61f29-18a8-430a-9d02-0f53486e0984', 'f124c61e-f5c2-441f-adb1-9acb1484f8c0', '00000000-0000-0000-0000-000000000000', null),
('47b07bdf-d4df-4d7f-8dfb-770869332487', False, 'rawschac2', 'RawsCHAC2', null, ST_GeomFromText('POINT(-108.4892 37.1994)',4326), null, null, '2021-02-26T16:10:23.867902Z', null, '98a61f29-18a8-430a-9d02-0f53486e0984', 'f124c61e-f5c2-441f-adb1-9acb1484f8c0', '00000000-0000-0000-0000-000000000000', null),
('bb55d1e0-ab65-4f34-9ce2-caf1063f80ca', False, 'rawscimn5', 'RawsCIMN5', null, ST_GeomFromText('POINT(-105.1203 36.6061)',4326), null, null, '2021-02-26T16:10:23.868873Z', null, '98a61f29-18a8-430a-9d02-0f53486e0984', 'f124c61e-f5c2-441f-adb1-9acb1484f8c0', '00000000-0000-0000-0000-000000000000', null),
('7f75909f-5d17-4b09-8582-93da51af67dd', False, 'rawscopn5', 'RawsCOPN5', null, ST_GeomFromText('POINT(-105.6861 33.3503)',4326), null, null, '2021-02-26T16:10:23.869633Z', null, '98a61f29-18a8-430a-9d02-0f53486e0984', 'f124c61e-f5c2-441f-adb1-9acb1484f8c0', '00000000-0000-0000-0000-000000000000', null),
('d2a50624-5778-4e8a-b7ff-8dac4c8cceba', False, 'rawscoyn5', 'RawsCOYN5', null, ST_GeomFromText('POINT(-106.6572 36.0731)',4326), null, null, '2021-02-26T16:10:23.870387Z', null, '98a61f29-18a8-430a-9d02-0f53486e0984', 'f124c61e-f5c2-441f-adb1-9acb1484f8c0', '00000000-0000-0000-0000-000000000000', null),
('d3900c0a-8429-44c0-be7f-c4e7c844817e', False, 'rawscppc2', 'RawsCPPC2', null, ST_GeomFromText('POINT(-105.2675 38.7422)',4326), null, null, '2021-02-26T16:10:23.871145Z', null, '98a61f29-18a8-430a-9d02-0f53486e0984', 'f124c61e-f5c2-441f-adb1-9acb1484f8c0', '00000000-0000-0000-0000-000000000000', null),
('c068cbb8-5e77-4376-b3c1-65e1b77a29da', False, 'rawscppn5', 'RawsCPPN5', null, ST_GeomFromText('POINT(-103.8567 32.9278)',4326), null, null, '2021-02-26T16:10:23.871859Z', null, '98a61f29-18a8-430a-9d02-0f53486e0984', 'f124c61e-f5c2-441f-adb1-9acb1484f8c0', '00000000-0000-0000-0000-000000000000', null),
('03094ff4-7549-42cb-b357-9b1d992c190d', False, 'rawscsmn5', 'RawsCSMN5', null, ST_GeomFromText('POINT(-105.82 32.7792)',4326), null, null, '2021-02-26T16:10:23.872618Z', null, '98a61f29-18a8-430a-9d02-0f53486e0984', 'f124c61e-f5c2-441f-adb1-9acb1484f8c0', '00000000-0000-0000-0000-000000000000', null),
('1d66b04f-643a-4381-ac12-b5c3ac9ec85e', False, 'rawscuhc2', 'RawsCUHC2', null, ST_GeomFromText('POINT(-104.9194 37.0919)',4326), null, null, '2021-02-26T16:10:23.873402Z', null, '98a61f29-18a8-430a-9d02-0f53486e0984', 'f124c61e-f5c2-441f-adb1-9acb1484f8c0', '00000000-0000-0000-0000-000000000000', null),
('cee51269-8dd2-4df7-bdbe-6d3ddb91b2d4', False, 'rawscwrn5', 'RawsCWRN5', null, ST_GeomFromText('POINT(-107.6289 36.9767)',4326), null, null, '2021-02-26T16:10:23.874174Z', null, '98a61f29-18a8-430a-9d02-0f53486e0984', 'f124c61e-f5c2-441f-adb1-9acb1484f8c0', '00000000-0000-0000-0000-000000000000', null),
('1d54a9d6-0393-4f89-9530-01b5c8802b04', False, 'rawscync2', 'RawsCYNC2', null, ST_GeomFromText('POINT(-105.1181 38.0167)',4326), null, null, '2021-02-26T16:10:23.874796Z', null, '98a61f29-18a8-430a-9d02-0f53486e0984', 'f124c61e-f5c2-441f-adb1-9acb1484f8c0', '00000000-0000-0000-0000-000000000000', null),
('343eb98c-fda8-4f55-8214-e52c1f077499', False, 'rawsdgct2', 'RawsDGCT2', null, ST_GeomFromText('POINT(-104.8339 31.9961)',4326), null, null, '2021-02-26T16:10:23.875443Z', null, '98a61f29-18a8-430a-9d02-0f53486e0984', 'f124c61e-f5c2-441f-adb1-9acb1484f8c0', '00000000-0000-0000-0000-000000000000', null),
('8dc9f91b-13e0-4151-93d4-9a74907e8091', False, 'rawsdlcn5', 'RawsDLCN5', null, ST_GeomFromText('POINT(-107.0 36.9353)',4326), null, null, '2021-02-26T16:10:23.876060Z', null, '98a61f29-18a8-430a-9d02-0f53486e0984', 'f124c61e-f5c2-441f-adb1-9acb1484f8c0', '00000000-0000-0000-0000-000000000000', null),
('3c652fef-33c7-4b35-b909-724272438cc7', False, 'rawsdpkn5', 'RawsDPKN5', null, ST_GeomFromText('POINT(-106.7719 36.4228)',4326), null, null, '2021-02-26T16:10:23.876693Z', null, '98a61f29-18a8-430a-9d02-0f53486e0984', 'f124c61e-f5c2-441f-adb1-9acb1484f8c0', '00000000-0000-0000-0000-000000000000', null),
('2c2b9dcb-6df5-4b3f-bafb-fd7c9e0f101d', False, 'rawsdprn5', 'RawsDPRN5', null, ST_GeomFromText('POINT(-108.0617 33.6939)',4326), null, null, '2021-02-26T16:10:23.877321Z', null, '98a61f29-18a8-430a-9d02-0f53486e0984', 'f124c61e-f5c2-441f-adb1-9acb1484f8c0', '00000000-0000-0000-0000-000000000000', null),
('679ff3b3-c0ca-4ded-85b9-ed518e26fdf2', False, 'rawsdtln5', 'RawsDTLN5', null, ST_GeomFromText('POINT(-107.7681 34.2925)',4326), null, null, '2021-02-26T16:10:23.877938Z', null, '98a61f29-18a8-430a-9d02-0f53486e0984', 'f124c61e-f5c2-441f-adb1-9acb1484f8c0', '00000000-0000-0000-0000-000000000000', null),
('722c37d3-4aca-4be9-99bc-562bfa67d98b', False, 'rawsdufc2', 'RawsDUFC2', null, ST_GeomFromText('POINT(-108.3267 37.4942)',4326), null, null, '2021-02-26T16:10:23.878575Z', null, '98a61f29-18a8-430a-9d02-0f53486e0984', 'f124c61e-f5c2-441f-adb1-9acb1484f8c0', '00000000-0000-0000-0000-000000000000', null),
('5f157a3d-e609-48ef-b1cc-6dc0e8c5b01e', False, 'rawsdunn5', 'RawsDUNN5', null, ST_GeomFromText('POINT(-105.1825 32.8247)',4326), null, null, '2021-02-26T16:10:23.879149Z', null, '98a61f29-18a8-430a-9d02-0f53486e0984', 'f124c61e-f5c2-441f-adb1-9acb1484f8c0', '00000000-0000-0000-0000-000000000000', null),
('bf0aaebc-0f49-4fdc-afa3-b040f5d96838', False, 'rawsdykc2', 'RawsDYKC2', null, ST_GeomFromText('POINT(-107.3053 37.2269)',4326), null, null, '2021-02-26T16:10:23.879707Z', null, '98a61f29-18a8-430a-9d02-0f53486e0984', 'f124c61e-f5c2-441f-adb1-9acb1484f8c0', '00000000-0000-0000-0000-000000000000', null),
('7c842908-b99b-42ca-9fe8-848842e296b8', False, 'rawsfcrc2', 'RawsFCRC2', null, ST_GeomFromText('POINT(-104.8539 38.6589)',4326), null, null, '2021-02-26T16:10:23.880250Z', null, '98a61f29-18a8-430a-9d02-0f53486e0984', 'f124c61e-f5c2-441f-adb1-9acb1484f8c0', '00000000-0000-0000-0000-000000000000', null),
('5bbe8bb1-7b40-4974-8acf-6c2369eff762', False, 'rawsfdst2', 'RawsFDST2', null, ST_GeomFromText('POINT(-103.8867 30.6006)',4326), null, null, '2021-02-26T16:10:23.880795Z', null, '98a61f29-18a8-430a-9d02-0f53486e0984', 'f124c61e-f5c2-441f-adb1-9acb1484f8c0', '00000000-0000-0000-0000-000000000000', null),
('239d04b0-f430-4306-92e8-35970eb6c04b', False, 'rawsgdbt2', 'RawsGDBT2', null, ST_GeomFromText('POINT(-104.8253 31.925)',4326), null, null, '2021-02-26T16:10:23.881370Z', null, '98a61f29-18a8-430a-9d02-0f53486e0984', 'f124c61e-f5c2-441f-adb1-9acb1484f8c0', '00000000-0000-0000-0000-000000000000', null),
('e4fdc814-1c6c-4304-94f0-028535776dfd', False, 'rawsgmln5', 'RawsGMLN5', null, ST_GeomFromText('POINT(-108.1744 34.8519)',4326), null, null, '2021-02-26T16:10:23.881919Z', null, '98a61f29-18a8-430a-9d02-0f53486e0984', 'f124c61e-f5c2-441f-adb1-9acb1484f8c0', '00000000-0000-0000-0000-000000000000', null),
('44b525aa-a63e-4626-a547-b8b6e3ddd5fc', False, 'rawsgnmn5', 'RawsGNMN5', null, ST_GeomFromText('POINT(-108.2403 33.2236)',4326), null, null, '2021-02-26T16:10:23.882462Z', null, '98a61f29-18a8-430a-9d02-0f53486e0984', 'f124c61e-f5c2-441f-adb1-9acb1484f8c0', '00000000-0000-0000-0000-000000000000', null),
('3ff2716b-54b0-4ace-b86a-c01335fb66f2', False, 'rawsgrsn5', 'RawsGRSN5', null, ST_GeomFromText('POINT(-107.6653 35.2428)',4326), null, null, '2021-02-26T16:10:23.883009Z', null, '98a61f29-18a8-430a-9d02-0f53486e0984', 'f124c61e-f5c2-441f-adb1-9acb1484f8c0', '00000000-0000-0000-0000-000000000000', null),
('39f424ac-9b9d-49c0-8300-cd980b2c3ba4', False, 'rawsgscn5', 'RawsGSCN5', null, ST_GeomFromText('POINT(-105.4619 35.8939)',4326), null, null, '2021-02-26T16:10:23.883598Z', null, '98a61f29-18a8-430a-9d02-0f53486e0984', 'f124c61e-f5c2-441f-adb1-9acb1484f8c0', '00000000-0000-0000-0000-000000000000', null),
('3539cb95-143e-4da8-a9ea-5b0dbaefd186', False, 'rawshhrn5', 'RawsHHRN5', null, ST_GeomFromText('POINT(-108.3417 31.7019)',4326), null, null, '2021-02-26T16:10:23.884130Z', null, '98a61f29-18a8-430a-9d02-0f53486e0984', 'f124c61e-f5c2-441f-adb1-9acb1484f8c0', '00000000-0000-0000-0000-000000000000', null),
('76034eaf-5603-4a02-9201-563ed12348c9', False, 'rawsjarn5', 'RawsJARN5', null, ST_GeomFromText('POINT(-106.1031 36.5558)',4326), null, null, '2021-02-26T16:10:23.884607Z', null, '98a61f29-18a8-430a-9d02-0f53486e0984', 'f124c61e-f5c2-441f-adb1-9acb1484f8c0', '00000000-0000-0000-0000-000000000000', null),
('fe6dc6b1-ecc8-47c9-a956-cb08dcfa8a62', False, 'rawsjesn5', 'RawsJESN5', null, ST_GeomFromText('POINT(-106.6197 35.8406)',4326), null, null, '2021-02-26T16:10:23.885125Z', null, '98a61f29-18a8-430a-9d02-0f53486e0984', 'f124c61e-f5c2-441f-adb1-9acb1484f8c0', '00000000-0000-0000-0000-000000000000', null),
('ffae1d38-e38e-4063-88e4-7d84439870de', False, 'rawslomn5', 'RawsLOMN5', null, ST_GeomFromText('POINT(-106.5867 32.3222)',4326), null, null, '2021-02-26T16:10:23.885611Z', null, '98a61f29-18a8-430a-9d02-0f53486e0984', 'f124c61e-f5c2-441f-adb1-9acb1484f8c0', '00000000-0000-0000-0000-000000000000', null),
('8ca3ac96-00e7-4bf2-bd52-1e7625cdafd3', False, 'rawslpfc2', 'RawsLPFC2', null, ST_GeomFromText('POINT(-106.3497 39.1536)',4326), null, null, '2021-02-26T16:10:23.886112Z', null, '98a61f29-18a8-430a-9d02-0f53486e0984', 'f124c61e-f5c2-441f-adb1-9acb1484f8c0', '00000000-0000-0000-0000-000000000000', null),
('c2459f0b-ca4c-4a47-a962-3b8a27f5ba38', False, 'rawslujc2', 'RawsLUJC2', null, ST_GeomFromText('POINT(-106.5678 38.2547)',4326), null, null, '2021-02-26T16:10:23.886606Z', null, '98a61f29-18a8-430a-9d02-0f53486e0984', 'f124c61e-f5c2-441f-adb1-9acb1484f8c0', '00000000-0000-0000-0000-000000000000', null),
('a9e0d235-fb6b-4dd8-9efa-7a9816de8a5a', False, 'rawslvpn5', 'RawsLVPN5', null, ST_GeomFromText('POINT(-105.4942 35.5458)',4326), null, null, '2021-02-26T16:10:23.887110Z', null, '98a61f29-18a8-430a-9d02-0f53486e0984', 'f124c61e-f5c2-441f-adb1-9acb1484f8c0', '00000000-0000-0000-0000-000000000000', null),
('97df2503-a5ae-4948-a4ae-955c22e81bd6', False, 'rawsmayn5', 'RawsMAYN5', null, ST_GeomFromText('POINT(-105.4697 32.9097)',4326), null, null, '2021-02-26T16:10:23.887591Z', null, '98a61f29-18a8-430a-9d02-0f53486e0984', 'f124c61e-f5c2-441f-adb1-9acb1484f8c0', '00000000-0000-0000-0000-000000000000', null),
('0d3b35e4-4c6e-400f-b690-4c8e036322ef', False, 'rawsmcrn5', 'RawsMCRN5', null, ST_GeomFromText('POINT(-105.6217 32.4314)',4326), null, null, '2021-02-26T16:10:23.888070Z', null, '98a61f29-18a8-430a-9d02-0f53486e0984', 'f124c61e-f5c2-441f-adb1-9acb1484f8c0', '00000000-0000-0000-0000-000000000000', null),
('a1331fb9-da3a-4030-8f63-dcab01c406f0', False, 'rawsmgln5', 'RawsMGLN5', null, ST_GeomFromText('POINT(-107.5392 33.8511)',4326), null, null, '2021-02-26T16:10:23.888569Z', null, '98a61f29-18a8-430a-9d02-0f53486e0984', 'f124c61e-f5c2-441f-adb1-9acb1484f8c0', '00000000-0000-0000-0000-000000000000', null),
('037f6ce0-9255-4251-b874-26585cee8d5b', False, 'rawsmgnn5', 'RawsMGNN5', null, ST_GeomFromText('POINT(-108.8067 33.3906)',4326), null, null, '2021-02-26T16:10:23.889110Z', null, '98a61f29-18a8-430a-9d02-0f53486e0984', 'f124c61e-f5c2-441f-adb1-9acb1484f8c0', '00000000-0000-0000-0000-000000000000', null),
('aab2f870-ca33-42b4-8b4c-3e402c837a65', False, 'rawsmlcn5', 'RawsMLCN5', null, ST_GeomFromText('POINT(-104.3244 36.055)',4326), null, null, '2021-02-26T16:10:23.889565Z', null, '98a61f29-18a8-430a-9d02-0f53486e0984', 'f124c61e-f5c2-441f-adb1-9acb1484f8c0', '00000000-0000-0000-0000-000000000000', null),
('3045fbba-5da2-4e59-96b4-a3903c654c7a', False, 'rawsmmrc2', 'RawsMMRC2', null, ST_GeomFromText('POINT(-107.7086 37.0564)',4326), null, null, '2021-02-26T16:10:23.890011Z', null, '98a61f29-18a8-430a-9d02-0f53486e0984', 'f124c61e-f5c2-441f-adb1-9acb1484f8c0', '00000000-0000-0000-0000-000000000000', null),
('d9b5aa25-07cf-46f3-8962-3ca1110b92ab', False, 'rawsmndt2', 'RawsMNDT2', null, ST_GeomFromText('POINT(-102.1897 31.9431)',4326), null, null, '2021-02-26T16:10:23.890495Z', null, '98a61f29-18a8-430a-9d02-0f53486e0984', 'f124c61e-f5c2-441f-adb1-9acb1484f8c0', '00000000-0000-0000-0000-000000000000', null),
('48621e95-8ce8-4cd9-a409-3718f403500a', False, 'rawsmpan5', 'RawsMPAN5', null, ST_GeomFromText('POINT(-103.7217 32.1797)',4326), null, null, '2021-02-26T16:10:23.890996Z', null, '98a61f29-18a8-430a-9d02-0f53486e0984', 'f124c61e-f5c2-441f-adb1-9acb1484f8c0', '00000000-0000-0000-0000-000000000000', null),
('c5341d42-db35-41e6-b55c-0547373e99e6', False, 'rawsmrfc2', 'RawsMRFC2', null, ST_GeomFromText('POINT(-108.4128 37.2972)',4326), null, null, '2021-02-26T16:10:23.891509Z', null, '98a61f29-18a8-430a-9d02-0f53486e0984', 'f124c61e-f5c2-441f-adb1-9acb1484f8c0', '00000000-0000-0000-0000-000000000000', null),
('500e135f-dbbc-40a6-917e-f78d7a87b813', False, 'rawsmrrn5', 'RawsMRRN5', null, ST_GeomFromText('POINT(-103.8 34.3)',4326), null, null, '2021-02-26T16:10:23.892022Z', null, '98a61f29-18a8-430a-9d02-0f53486e0984', 'f124c61e-f5c2-441f-adb1-9acb1484f8c0', '00000000-0000-0000-0000-000000000000', null),
('51f2819e-ab44-4020-88a0-27b778c4270d', False, 'rawsmscn5', 'RawsMSCN5', null, ST_GeomFromText('POINT(-105.7689 33.1581)',4326), null, null, '2021-02-26T16:10:23.892517Z', null, '98a61f29-18a8-430a-9d02-0f53486e0984', 'f124c61e-f5c2-441f-adb1-9acb1484f8c0', '00000000-0000-0000-0000-000000000000', null),
('e8e9ff17-a5f5-4939-a132-d89e3109e81b', False, 'rawsmtnn5', 'RawsMTNN5', null, ST_GeomFromText('POINT(-106.2617 34.5206)',4326), null, null, '2021-02-26T16:10:23.893040Z', null, '98a61f29-18a8-430a-9d02-0f53486e0984', 'f124c61e-f5c2-441f-adb1-9acb1484f8c0', '00000000-0000-0000-0000-000000000000', null),
('cd088896-ae42-46be-ade4-37573e5a88dd', False, 'rawspsgt2', 'RawsPSGT2', null, ST_GeomFromText('POINT(-104.7978 31.8944)',4326), null, null, '2021-02-26T16:10:23.893540Z', null, '98a61f29-18a8-430a-9d02-0f53486e0984', 'f124c61e-f5c2-441f-adb1-9acb1484f8c0', '00000000-0000-0000-0000-000000000000', null),
('4acc0b86-4caf-4543-b457-7df03f701fb0', False, 'rawspxwt2', 'RawsPXWT2', null, ST_GeomFromText('POINT(-104.9478 31.9722)',4326), null, null, '2021-02-26T16:10:23.893944Z', null, '98a61f29-18a8-430a-9d02-0f53486e0984', 'f124c61e-f5c2-441f-adb1-9acb1484f8c0', '00000000-0000-0000-0000-000000000000', null),
('7a6ac411-62eb-4880-b326-0632406a8bf7', False, 'rawsqenn5', 'RawsQENN5', null, ST_GeomFromText('POINT(-104.6903 32.2036)',4326), null, null, '2021-02-26T16:10:23.894400Z', null, '98a61f29-18a8-430a-9d02-0f53486e0984', 'f124c61e-f5c2-441f-adb1-9acb1484f8c0', '00000000-0000-0000-0000-000000000000', null),
('aee442db-51d9-45d2-8463-f67e5e602e2d', False, 'rawsrddc2', 'RawsRDDC2', null, ST_GeomFromText('POINT(-104.9978 38.2072)',4326), null, null, '2021-02-26T16:10:23.894911Z', null, '98a61f29-18a8-430a-9d02-0f53486e0984', 'f124c61e-f5c2-441f-adb1-9acb1484f8c0', '00000000-0000-0000-0000-000000000000', null),
('03f08872-0487-4224-86e7-870e225497ed', False, 'rawsrdkc2', 'RawsRDKC2', null, ST_GeomFromText('POINT(-106.2117 38.8272)',4326), null, null, '2021-02-26T16:10:23.895416Z', null, '98a61f29-18a8-430a-9d02-0f53486e0984', 'f124c61e-f5c2-441f-adb1-9acb1484f8c0', '00000000-0000-0000-0000-000000000000', null),
('7daa3e8b-aeff-4d2f-9745-2113d3962ae1', False, 'rawsremn5', 'RawsREMN5', null, ST_GeomFromText('POINT(-104.3211 33.6506)',4326), null, null, '2021-02-26T16:10:23.895930Z', null, '98a61f29-18a8-430a-9d02-0f53486e0984', 'f124c61e-f5c2-441f-adb1-9acb1484f8c0', '00000000-0000-0000-0000-000000000000', null),
('94c5988d-1e94-49ac-b543-94d6ae93f501', False, 'rawsrgmn5', 'RawsRGMN5', null, ST_GeomFromText('POINT(-106.6808 35.1458)',4326), null, null, '2021-02-26T16:10:23.896439Z', null, '98a61f29-18a8-430a-9d02-0f53486e0984', 'f124c61e-f5c2-441f-adb1-9acb1484f8c0', '00000000-0000-0000-0000-000000000000', null),
('515acaee-c8dd-464f-9f58-847dde8aac4c', False, 'rawsrrac2', 'RawsRRAC2', null, ST_GeomFromText('POINT(-104.9528 38.9586)',4326), null, null, '2021-02-26T16:10:23.896861Z', null, '98a61f29-18a8-430a-9d02-0f53486e0984', 'f124c61e-f5c2-441f-adb1-9acb1484f8c0', '00000000-0000-0000-0000-000000000000', null),
('1a4d2870-9d66-420f-8ed4-fe08df2e29a0', False, 'rawssdnc2', 'RawsSDNC2', null, ST_GeomFromText('POINT(-105.5108 37.7267)',4326), null, null, '2021-02-26T16:10:23.897396Z', null, '98a61f29-18a8-430a-9d02-0f53486e0984', 'f124c61e-f5c2-441f-adb1-9acb1484f8c0', '00000000-0000-0000-0000-000000000000', null),
('ec2db83b-7531-4e58-a4a9-0e2ba273c380', False, 'rawssdvc2', 'RawsSDVC2', null, ST_GeomFromText('POINT(-107.3028 37.0994)',4326), null, null, '2021-02-26T16:10:23.897963Z', null, '98a61f29-18a8-430a-9d02-0f53486e0984', 'f124c61e-f5c2-441f-adb1-9acb1484f8c0', '00000000-0000-0000-0000-000000000000', null),
('d52fc94f-c766-483e-ab2f-1c86b1453fc2', False, 'rawssevn5', 'RawsSEVN5', null, ST_GeomFromText('POINT(-106.7981 34.3769)',4326), null, null, '2021-02-26T16:10:23.898352Z', null, '98a61f29-18a8-430a-9d02-0f53486e0984', 'f124c61e-f5c2-441f-adb1-9acb1484f8c0', '00000000-0000-0000-0000-000000000000', null),
('8f8e3473-5417-4844-991d-eb87881b844f', False, 'rawssfwn5', 'RawsSFWN5', null, ST_GeomFromText('POINT(-105.8603 35.6869)',4326), null, null, '2021-02-26T16:10:23.898724Z', null, '98a61f29-18a8-430a-9d02-0f53486e0984', 'f124c61e-f5c2-441f-adb1-9acb1484f8c0', '00000000-0000-0000-0000-000000000000', null),
('ac751e57-591d-4f0f-87cd-0b245ea7a149', False, 'rawssidc2', 'RawsSIDC2', null, ST_GeomFromText('POINT(-106.17 38.5933)',4326), null, null, '2021-02-26T16:10:23.899112Z', null, '98a61f29-18a8-430a-9d02-0f53486e0984', 'f124c61e-f5c2-441f-adb1-9acb1484f8c0', '00000000-0000-0000-0000-000000000000', null),
('4a9b44bf-798d-419a-b04d-17a473866f5e', False, 'rawsslmn5', 'RawsSLMN5', null, ST_GeomFromText('POINT(-108.4447 34.0606)',4326), null, null, '2021-02-26T16:10:23.899424Z', null, '98a61f29-18a8-430a-9d02-0f53486e0984', 'f124c61e-f5c2-441f-adb1-9acb1484f8c0', '00000000-0000-0000-0000-000000000000', null),
('afb04644-c805-4a0e-98a5-b14d241e8a73', False, 'rawssndn5', 'RawsSNDN5', null, ST_GeomFromText('POINT(-106.525 32.58)',4326), null, null, '2021-02-26T16:10:23.899765Z', null, '98a61f29-18a8-430a-9d02-0f53486e0984', 'f124c61e-f5c2-441f-adb1-9acb1484f8c0', '00000000-0000-0000-0000-000000000000', null),
('74a67046-5da7-4a3b-8c49-fbdf0c9437ae', False, 'rawssnln5', 'RawsSNLN5', null, ST_GeomFromText('POINT(-106.5906 35.2297)',4326), null, null, '2021-02-26T16:10:23.900136Z', null, '98a61f29-18a8-430a-9d02-0f53486e0984', 'f124c61e-f5c2-441f-adb1-9acb1484f8c0', '00000000-0000-0000-0000-000000000000', null),
('d2513d03-e0e0-4adb-b478-9ab9d1ea0153', False, 'rawsstln5', 'RawsSTLN5', null, ST_GeomFromText('POINT(-106.8658 36.7317)',4326), null, null, '2021-02-26T16:10:23.900574Z', null, '98a61f29-18a8-430a-9d02-0f53486e0984', 'f124c61e-f5c2-441f-adb1-9acb1484f8c0', '00000000-0000-0000-0000-000000000000', null),
('43faa6f9-cb1e-42d5-be48-ab41c0f74cfe', False, 'rawstjrn5', 'RawsTJRN5', null, ST_GeomFromText('POINT(-106.3158 35.0061)',4326), null, null, '2021-02-26T16:10:23.901171Z', null, '98a61f29-18a8-430a-9d02-0f53486e0984', 'f124c61e-f5c2-441f-adb1-9acb1484f8c0', '00000000-0000-0000-0000-000000000000', null),
('a9594270-fe84-4c49-b870-0487f848a6d3', False, 'rawstrun5', 'RawsTRUN5', null, ST_GeomFromText('POINT(-105.7694 36.0589)',4326), null, null, '2021-02-26T16:10:23.901714Z', null, '98a61f29-18a8-430a-9d02-0f53486e0984', 'f124c61e-f5c2-441f-adb1-9acb1484f8c0', '00000000-0000-0000-0000-000000000000', null),
('ac474eae-cb43-4611-9f33-859dce110f83', False, 'rawstwrn5', 'RawsTWRN5', null, ST_GeomFromText('POINT(-106.2661 35.7789)',4326), null, null, '2021-02-26T16:10:23.902254Z', null, '98a61f29-18a8-430a-9d02-0f53486e0984', 'f124c61e-f5c2-441f-adb1-9acb1484f8c0', '00000000-0000-0000-0000-000000000000', null),
('867bb882-4df5-4607-a27e-1e826e532dfd', False, 'rawsucnc2', 'RawsUCNC2', null, ST_GeomFromText('POINT(-102.6303 37.0608)',4326), null, null, '2021-02-26T16:10:23.902788Z', null, '98a61f29-18a8-430a-9d02-0f53486e0984', 'f124c61e-f5c2-441f-adb1-9acb1484f8c0', '00000000-0000-0000-0000-000000000000', null),
('1dc56af3-1c69-4e6c-bea8-0642cee0702c', False, 'rawswlcc2', 'RawsWLCC2', null, ST_GeomFromText('POINT(-105.0561 38.0028)',4326), null, null, '2021-02-26T16:10:23.903336Z', null, '98a61f29-18a8-430a-9d02-0f53486e0984', 'f124c61e-f5c2-441f-adb1-9acb1484f8c0', '00000000-0000-0000-0000-000000000000', null),
('17af7c01-e513-4611-8e21-c143489db3cc', False, 'rawswpsn5', 'RawsWPSN5', null, ST_GeomFromText('POINT(-108.8608 36.0767)',4326), null, null, '2021-02-26T16:10:23.903851Z', null, '98a61f29-18a8-430a-9d02-0f53486e0984', 'f124c61e-f5c2-441f-adb1-9acb1484f8c0', '00000000-0000-0000-0000-000000000000', null),
('96a764bd-af38-46a2-af43-feb8202f59fb', False, 'rawsznrn5', 'RawsZNRN5', null, ST_GeomFromText('POINT(-108.9414 35.1392)',4326), null, null, '2021-02-26T16:10:23.904390Z', null, '98a61f29-18a8-430a-9d02-0f53486e0984', 'f124c61e-f5c2-441f-adb1-9acb1484f8c0', '00000000-0000-0000-0000-000000000000', null),
('18e3331b-a6d5-431a-b782-291d462d8161', False, 'wightman-fork', 'Wightman Fork', null, ST_GeomFromText('POINT(-106.5217 37.4039)',4326), null, null, '2021-02-26T16:10:23.904942Z', null, '98a61f29-18a8-430a-9d02-0f53486e0984', 'f124c61e-f5c2-441f-adb1-9acb1484f8c0', '00000000-0000-0000-0000-000000000000', null),
('229c7a73-3bc7-4e30-8ad8-d001218c5c3f', False, 'ft-garland-s-d-c', 'FT Garland S D C', null, ST_GeomFromText('POINT(-105.415 37.425)',4326), null, null, '2021-02-26T16:10:23.905053Z', null, '98a61f29-18a8-430a-9d02-0f53486e0984', 'f124c61e-f5c2-441f-adb1-9acb1484f8c0', '00000000-0000-0000-0000-000000000000', null),
('7b38d10c-b05a-4ce5-853c-9f06ea305ebd', False, 'costilla-us', 'Costilla US', null, ST_GeomFromText('POINT(-105.2547 36.8984)',4326), null, null, '2021-02-26T16:10:23.905132Z', null, '98a61f29-18a8-430a-9d02-0f53486e0984', 'f124c61e-f5c2-441f-adb1-9acb1484f8c0', '00000000-0000-0000-0000-000000000000', null),
('45a828bc-94b9-47f1-a7b3-4c8426be71d8', False, 'costilla-santvan', 'Costilla Santvan', null, ST_GeomFromText('POINT(-105.2811 36.8842)',4326), null, null, '2021-02-26T16:10:23.905204Z', null, '98a61f29-18a8-430a-9d02-0f53486e0984', 'f124c61e-f5c2-441f-adb1-9acb1484f8c0', '00000000-0000-0000-0000-000000000000', null),
('380c9388-8bd6-44e5-a9eb-ff421261b536', False, 'cundiyo', 'Cundiyo', null, ST_GeomFromText('POINT(-105.9047 35.9647)',4326), null, null, '2021-02-26T16:10:23.905278Z', null, '98a61f29-18a8-430a-9d02-0f53486e0984', 'f124c61e-f5c2-441f-adb1-9acb1484f8c0', '00000000-0000-0000-0000-000000000000', null),
('b407b5c6-59a0-4842-a04b-350245bd20bb', False, 'narrows', 'Narrows', null, ST_GeomFromText('POINT(-107.1625 33.3861)',4326), null, null, '2021-02-26T16:10:23.905338Z', null, '98a61f29-18a8-430a-9d02-0f53486e0984', 'f124c61e-f5c2-441f-adb1-9acb1484f8c0', '00000000-0000-0000-0000-000000000000', null),
('4b0e2210-1e02-4813-bdd9-20ca8013f6e5', False, 'santa-fe', 'Santa Fe', null, ST_GeomFromText('POINT(-105.8436 35.6864)',4326), null, null, '2021-02-26T16:10:23.905397Z', null, '98a61f29-18a8-430a-9d02-0f53486e0984', 'f124c61e-f5c2-441f-adb1-9acb1484f8c0', '00000000-0000-0000-0000-000000000000', null),
('89c63920-5c97-4ce3-97e5-baf1ff41ccf8', False, 'nichols', 'Nichols', null, ST_GeomFromText('POINT(-105.88 35.6894)',4326), null, null, '2021-02-26T16:10:23.905454Z', null, '98a61f29-18a8-430a-9d02-0f53486e0984', 'f124c61e-f5c2-441f-adb1-9acb1484f8c0', '00000000-0000-0000-0000-000000000000', null),
('ffcef79c-0cdb-415b-880c-16b8fc36590b', False, 'prairie-dtch', 'Prairie Dtch', null, ST_GeomFromText('POINT(-106.2315 37.6455)',4326), null, null, '2021-02-26T16:10:23.905513Z', null, '98a61f29-18a8-430a-9d02-0f53486e0984', 'f124c61e-f5c2-441f-adb1-9acb1484f8c0', '00000000-0000-0000-0000-000000000000', null),
('50d1f853-289f-4d77-8d5f-6593b9418382', False, 'dryden', 'Dryden', null, ST_GeomFromText('POINT(-102.1667 29.8236)',4326), null, null, '2021-02-26T16:10:23.905568Z', null, '98a61f29-18a8-430a-9d02-0f53486e0984', 'f124c61e-f5c2-441f-adb1-9acb1484f8c0', '00000000-0000-0000-0000-000000000000', null),
('e97fcdd0-5d01-483b-a659-1d5f4ce7336c', False, 'foster-ranch', 'Foster Ranch', null, ST_GeomFromText('POINT(-101.7556 29.7806)',4326), null, null, '2021-02-26T16:10:23.905663Z', null, '98a61f29-18a8-430a-9d02-0f53486e0984', 'f124c61e-f5c2-441f-adb1-9acb1484f8c0', '00000000-0000-0000-0000-000000000000', null),
('5083b7ff-b4bb-414b-a253-a3373a337ffc', False, 'summitville', 'Summitville', null, ST_GeomFromText('POINT(-106.5842 37.4292)',4326), null, null, '2021-02-26T16:10:23.905762Z', null, '98a61f29-18a8-430a-9d02-0f53486e0984', 'f124c61e-f5c2-441f-adb1-9acb1484f8c0', '00000000-0000-0000-0000-000000000000', null),
('a06b195f-41e8-4bfc-bcde-68bd3baa3c3a', False, 'terlingua', 'Terlingua', null, ST_GeomFromText('POINT(-103.6194 29.2028)',4326), null, null, '2021-02-26T16:10:23.905819Z', null, '98a61f29-18a8-430a-9d02-0f53486e0984', 'f124c61e-f5c2-441f-adb1-9acb1484f8c0', '00000000-0000-0000-0000-000000000000', null),
('879edf69-c5b5-488a-b0b0-47330185b0db', False, 'ft-garland-ute', 'Ft Garland Ute', null, ST_GeomFromText('POINT(-105.4258 37.4471)',4326), null, null, '2021-02-26T16:10:23.905910Z', null, '98a61f29-18a8-430a-9d02-0f53486e0984', 'f124c61e-f5c2-441f-adb1-9acb1484f8c0', '00000000-0000-0000-0000-000000000000', null),
('f22e0e53-e013-46c8-ae48-21921291d196', False, 'el-paso', 'El Paso', null, ST_GeomFromText('POINT(-106.5403 31.8028)',4326), null, null, '2021-02-26T16:10:23.906001Z', null, '98a61f29-18a8-430a-9d02-0f53486e0984', 'f124c61e-f5c2-441f-adb1-9acb1484f8c0', '00000000-0000-0000-0000-000000000000', null),
('7854d3cb-abaa-413f-a1c7-17e310eb1810', False, 'castolon', 'Castolon', null, ST_GeomFromText('POINT(-103.5244 29.1378)',4326), null, null, '2021-02-26T16:10:23.906092Z', null, '98a61f29-18a8-430a-9d02-0f53486e0984', 'f124c61e-f5c2-441f-adb1-9acb1484f8c0', '00000000-0000-0000-0000-000000000000', null),
('b8321e23-8a20-40e9-a798-856b31f4d6cc', False, 'talpa', 'Talpa', null, ST_GeomFromText('POINT(-105.5811 36.3031)',4326), null, null, '2021-02-26T16:10:23.906152Z', null, '98a61f29-18a8-430a-9d02-0f53486e0984', 'f124c61e-f5c2-441f-adb1-9acb1484f8c0', '00000000-0000-0000-0000-000000000000', null),
('e84b419b-a934-4fe7-9bbe-d7165db56a29', False, 'cochiti-santa-fe', 'Cochiti Santa Fe', null, ST_GeomFromText('POINT(-106.2289 35.5472)',4326), null, null, '2021-02-26T16:10:23.906210Z', null, '98a61f29-18a8-430a-9d02-0f53486e0984', 'f124c61e-f5c2-441f-adb1-9acb1484f8c0', '00000000-0000-0000-0000-000000000000', null),
('8fc80680-6174-4183-b045-ba8ea7052ca8', False, 'fishtail-rd', 'Fishtail rd', null, ST_GeomFromText('POINT(-106.4708 36.7381)',4326), null, null, '2021-02-26T16:10:23.906268Z', null, '98a61f29-18a8-430a-9d02-0f53486e0984', 'f124c61e-f5c2-441f-adb1-9acb1484f8c0', '00000000-0000-0000-0000-000000000000', null),
('cab6167f-3ef4-456f-adbe-257d44431caf', False, 'romero-dtch', 'Romero Dtch', null, ST_GeomFromText('POINT(-106.0384 37.0869)',4326), null, null, '2021-02-26T16:10:23.906345Z', null, '98a61f29-18a8-430a-9d02-0f53486e0984', 'f124c61e-f5c2-441f-adb1-9acb1484f8c0', '00000000-0000-0000-0000-000000000000', null),
('594cdbdc-e71a-4245-ae02-8425b49a71e4', False, 'manassa-dtch', 'Manassa Dtch', null, ST_GeomFromText('POINT(-106.0054 37.1054)',4326), null, null, '2021-02-26T16:10:23.906468Z', null, '98a61f29-18a8-430a-9d02-0f53486e0984', 'f124c61e-f5c2-441f-adb1-9acb1484f8c0', '00000000-0000-0000-0000-000000000000', null),
('21b2a17e-0ec6-456d-8cd6-a0435db5ce90', False, 'san-luis-val-cn', 'San Luis Val Cn', null, ST_GeomFromText('POINT(-106.0513 37.5767)',4326), null, null, '2021-02-26T16:10:23.906550Z', null, '98a61f29-18a8-430a-9d02-0f53486e0984', 'f124c61e-f5c2-441f-adb1-9acb1484f8c0', '00000000-0000-0000-0000-000000000000', null),
('71364d14-fa9d-431a-a52f-eee897779a4b', False, 'prwp-dtch', 'PRWP Dtch', null, ST_GeomFromText('POINT(-107.3214 37.6669)',4326), null, null, '2021-02-26T16:10:23.906610Z', null, '98a61f29-18a8-430a-9d02-0f53486e0984', 'f124c61e-f5c2-441f-adb1-9acb1484f8c0', '00000000-0000-0000-0000-000000000000', null),
('e54652f0-1d32-4247-b16b-692bf1c4ab34', False, 'south-fork-bear', 'South Fork Bear', null, ST_GeomFromText('POINT(-106.6082 37.6798)',4326), null, null, '2021-02-26T16:10:23.906667Z', null, '98a61f29-18a8-430a-9d02-0f53486e0984', 'f124c61e-f5c2-441f-adb1-9acb1484f8c0', '00000000-0000-0000-0000-000000000000', null),
('523cd63f-7a09-4a74-b344-3dfe8ad092ea', False, 'bluewater', 'Bluewater', null, ST_GeomFromText('POINT(-108.1114 35.2925)',4326), null, null, '2021-02-26T16:10:23.906730Z', null, '98a61f29-18a8-430a-9d02-0f53486e0984', 'f124c61e-f5c2-441f-adb1-9acb1484f8c0', '00000000-0000-0000-0000-000000000000', null),
('fb4eb5b3-1d1e-4364-9c33-6e9b3a006871', False, 'conejos', 'Conejos', null, ST_GeomFromText('POINT(-106.0069 37.1015)',4326), null, null, '2021-02-26T16:10:23.906787Z', null, '98a61f29-18a8-430a-9d02-0f53486e0984', 'f124c61e-f5c2-441f-adb1-9acb1484f8c0', '00000000-0000-0000-0000-000000000000', null),
('dc654200-97b8-435b-b153-3f51c188ecd5', False, 'monte-vista-cn', 'Monte Vista Cn', null, ST_GeomFromText('POINT(-106.222 37.616)',4326), null, null, '2021-02-26T16:10:23.906844Z', null, '98a61f29-18a8-430a-9d02-0f53486e0984', 'f124c61e-f5c2-441f-adb1-9acb1484f8c0', '00000000-0000-0000-0000-000000000000', null),
('3245510c-2a7d-4fe1-82f2-d2b264c99b74', False, 'mountain-home', 'Mountain Home', null, ST_GeomFromText('POINT(-105.3936 37.3931)',4326), null, null, '2021-02-26T16:10:23.906904Z', null, '98a61f29-18a8-430a-9d02-0f53486e0984', 'f124c61e-f5c2-441f-adb1-9acb1484f8c0', '00000000-0000-0000-0000-000000000000', null),
('4fd2c160-0b2f-4cb6-9f4c-7c70010d4bcf', False, 'mountain-home-ds', 'Mountain Home DS', null, ST_GeomFromText('POINT(-105.395 37.394)',4326), null, null, '2021-02-26T16:10:23.906904Z', null, '98a61f29-18a8-430a-9d02-0f53486e0984', 'f124c61e-f5c2-441f-adb1-9acb1484f8c0', '00000000-0000-0000-0000-000000000000', null),
('7b3e6470-50a7-4913-8b3a-288cb0eb4927', False, 'jasper-ds', 'Jasper DS', null, ST_GeomFromText('POINT(-106.3773 37.3889)',4326), null, null, '2021-02-26T16:10:23.907067Z', null, '98a61f29-18a8-430a-9d02-0f53486e0984', 'f124c61e-f5c2-441f-adb1-9acb1484f8c0', '00000000-0000-0000-0000-000000000000', null),
('6a50046f-75fe-4796-ac5e-90fee0fd9f37', False, 'jasper-us', 'Jasper US', null, ST_GeomFromText('POINT(-106.522 37.4025)',4326), null, null, '2021-02-26T16:10:23.907135Z', null, '98a61f29-18a8-430a-9d02-0f53486e0984', 'f124c61e-f5c2-441f-adb1-9acb1484f8c0', '00000000-0000-0000-0000-000000000000', null),
('d6e36bd2-065c-4290-bf6e-3fad29e861b6', False, 'marshall-park-cg', 'Marshall Park CG', null, ST_GeomFromText('POINT(-106.9819 37.7932)',4326), null, null, '2021-02-26T16:10:23.907195Z', null, '98a61f29-18a8-430a-9d02-0f53486e0984', 'f124c61e-f5c2-441f-adb1-9acb1484f8c0', '00000000-0000-0000-0000-000000000000', null),
('bd625259-34ff-45be-9664-777eb90485e6', False, 'humphreys-us', 'Humphreys US', null, ST_GeomFromText('POINT(-106.8593 37.6764)',4326), null, null, '2021-02-26T16:10:23.907257Z', null, '98a61f29-18a8-430a-9d02-0f53486e0984', 'f124c61e-f5c2-441f-adb1-9acb1484f8c0', '00000000-0000-0000-0000-000000000000', null),
('db39b03c-bc65-4d66-8d4b-5c5e3894136b', False, 'terrace', 'Terrace', null, ST_GeomFromText('POINT(-106.285 37.3572)',4326), null, null, '2021-02-26T16:10:23.907350Z', null, '98a61f29-18a8-430a-9d02-0f53486e0984', 'f124c61e-f5c2-441f-adb1-9acb1484f8c0', '00000000-0000-0000-0000-000000000000', null),
('cf35daf8-b53e-4f51-b12c-61c2f30a6e14', False, 'conejos-n-b', 'Conejos N B', null, ST_GeomFromText('POINT(-106.0091 37.1018)',4326), null, null, '2021-02-26T16:10:23.907423Z', null, '98a61f29-18a8-430a-9d02-0f53486e0984', 'f124c61e-f5c2-441f-adb1-9acb1484f8c0', '00000000-0000-0000-0000-000000000000', null),
('8e4a1f6f-14bd-490e-bad9-9c1a528f3d04', False, 'tabor-dtch', 'Tabor Dtch', null, ST_GeomFromText('POINT(-107.1587 37.8728)',4326), null, null, '2021-02-26T16:10:23.907484Z', null, '98a61f29-18a8-430a-9d02-0f53486e0984', 'f124c61e-f5c2-441f-adb1-9acb1484f8c0', '00000000-0000-0000-0000-000000000000', null),
('44c1e611-8c32-4494-9a44-e58563283721', False, 'beaver-creek-ds', 'Beaver Creek DS', null, ST_GeomFromText('POINT(-106.6675 37.5989)',4326), null, null, '2021-02-26T16:10:23.907542Z', null, '98a61f29-18a8-430a-9d02-0f53486e0984', 'f124c61e-f5c2-441f-adb1-9acb1484f8c0', '00000000-0000-0000-0000-000000000000', null),
('dd4ce057-ad11-4de7-83b4-34006efa1748', False, 'wagon-wg-goose', 'Wagon WG Goose', null, ST_GeomFromText('POINT(-106.83 37.7519)',4326), null, null, '2021-02-26T16:10:23.907599Z', null, '98a61f29-18a8-430a-9d02-0f53486e0984', 'f124c61e-f5c2-441f-adb1-9acb1484f8c0', '00000000-0000-0000-0000-000000000000', null),
('2c5af532-40ad-4ed5-835f-517364cd3c26', False, 'del-norte-san-fr', 'Del Norte San Fr', null, ST_GeomFromText('POINT(-106.3702 37.5793)',4326), null, null, '2021-02-26T16:10:23.907661Z', null, '98a61f29-18a8-430a-9d02-0f53486e0984', 'f124c61e-f5c2-441f-adb1-9acb1484f8c0', '00000000-0000-0000-0000-000000000000', null),
('48ec40cb-4ae9-4a58-bc7b-b5f880694415', False, 'hayner-bridge', 'Hayner Bridge', null, ST_GeomFromText('POINT(-107.0194 32.6133)',4326), null, null, '2021-02-26T16:10:23.907723Z', null, '98a61f29-18a8-430a-9d02-0f53486e0984', 'f124c61e-f5c2-441f-adb1-9acb1484f8c0', '00000000-0000-0000-0000-000000000000', null),
('2b3170ae-4295-478f-bd93-19911460ee2b', False, 'anthony', 'Anthony', null, ST_GeomFromText('POINT(-106.6014 31.915)',4326), null, null, '2021-02-26T16:10:23.907822Z', null, '98a61f29-18a8-430a-9d02-0f53486e0984', 'f124c61e-f5c2-441f-adb1-9acb1484f8c0', '00000000-0000-0000-0000-000000000000', null),
('624a1967-bb9a-4c77-ac69-ee45fde6cc03', False, 'american-cn', 'American Cn', null, ST_GeomFromText('POINT(-106.5264 31.7778)',4326), null, null, '2021-02-26T16:10:23.907914Z', null, '98a61f29-18a8-430a-9d02-0f53486e0984', 'f124c61e-f5c2-441f-adb1-9acb1484f8c0', '00000000-0000-0000-0000-000000000000', null),
('56142c71-ab95-4abf-afcb-6dead26124a3', False, 'ft-quitman', 'Ft Quitman', null, ST_GeomFromText('POINT(-105.6083 31.0861)',4326), null, null, '2021-02-26T16:10:23.907985Z', null, '98a61f29-18a8-430a-9d02-0f53486e0984', 'f124c61e-f5c2-441f-adb1-9acb1484f8c0', '00000000-0000-0000-0000-000000000000', null),
('6600e65d-953f-46e0-b607-220b895c9464', False, 'candelaria', 'Candelaria', null, ST_GeomFromText('POINT(-104.6861 30.175)',4326), null, null, '2021-02-26T16:10:23.908091Z', null, '98a61f29-18a8-430a-9d02-0f53486e0984', 'f124c61e-f5c2-441f-adb1-9acb1484f8c0', '00000000-0000-0000-0000-000000000000', null),
('e27eb234-6c85-4bd1-9b26-0d81b25aa815', False, 'presidio-us', 'Presidio US', null, ST_GeomFromText('POINT(-104.4514 29.6042)',4326), null, null, '2021-02-26T16:10:23.908183Z', null, '98a61f29-18a8-430a-9d02-0f53486e0984', 'f124c61e-f5c2-441f-adb1-9acb1484f8c0', '00000000-0000-0000-0000-000000000000', null),
('0691a484-5148-4f24-a593-2996a98c2579', False, 'presidio', 'Presidio', null, ST_GeomFromText('POINT(-104.3936 29.5578)',4326), null, null, '2021-02-26T16:10:23.908276Z', null, '98a61f29-18a8-430a-9d02-0f53486e0984', 'f124c61e-f5c2-441f-adb1-9acb1484f8c0', '00000000-0000-0000-0000-000000000000', null),
('c7e86fb5-dc50-4bf2-804e-3fe4187e9b96', False, 'american-ds', 'American DS', null, ST_GeomFromText('POINT(-106.5222 31.7761)',4326), null, null, '2021-02-26T16:10:23.908368Z', null, '98a61f29-18a8-430a-9d02-0f53486e0984', 'f124c61e-f5c2-441f-adb1-9acb1484f8c0', '00000000-0000-0000-0000-000000000000', null),
('827b5078-6ff1-4966-a62b-4aeda33141cb', False, 'mesilla-ds', 'Mesilla DS', null, ST_GeomFromText('POINT(-106.7717 32.2103)',4326), null, null, '2021-02-26T16:10:23.908429Z', null, '98a61f29-18a8-430a-9d02-0f53486e0984', 'f124c61e-f5c2-441f-adb1-9acb1484f8c0', '00000000-0000-0000-0000-000000000000', null),
('aa313d28-3b3b-46f7-aa68-ce3d4133349d', False, 'rio-conchos', 'Rio Conchos', null, ST_GeomFromText('POINT(-104.43 29.5833)',4326), null, null, '2021-02-26T16:10:23.908502Z', null, '98a61f29-18a8-430a-9d02-0f53486e0984', 'f124c61e-f5c2-441f-adb1-9acb1484f8c0', '00000000-0000-0000-0000-000000000000', null),
('3e803787-ff1e-4cdf-ad80-05a2d08b7780', False, 'leasburg-ds', 'Leasburg DS', null, ST_GeomFromText('POINT(-106.9194 32.4764)',4326), null, null, '2021-02-26T16:10:23.908629Z', null, '98a61f29-18a8-430a-9d02-0f53486e0984', 'f124c61e-f5c2-441f-adb1-9acb1484f8c0', '00000000-0000-0000-0000-000000000000', null),
('7d12003d-6795-4791-8f03-472e024a221a', False, 'presidio-alamito', 'Presidio Alamito', null, ST_GeomFromText('POINT(-104.2875 29.5236)',4326), null, null, '2021-02-26T16:10:23.908721Z', null, '98a61f29-18a8-430a-9d02-0f53486e0984', 'f124c61e-f5c2-441f-adb1-9acb1484f8c0', '00000000-0000-0000-0000-000000000000', null),
('78f79c3b-3e82-4afa-b559-580310559b2c', False, 'sanchez-res', 'Sanchez Res', null, ST_GeomFromText('POINT(-105.4125 37.1136)',4326), null, null, '2021-02-26T16:10:23.908780Z', null, '98a61f29-18a8-430a-9d02-0f53486e0984', 'f124c61e-f5c2-441f-adb1-9acb1484f8c0', '00000000-0000-0000-0000-000000000000', null),
('de4544d7-9de2-44d6-8b55-9788d0e325f9', False, 'sanchez-res-ds', 'Sanchez Res DS', null, ST_GeomFromText('POINT(-105.4092 37.1143)',4326), null, null, '2021-02-26T16:10:23.908780Z', null, '98a61f29-18a8-430a-9d02-0f53486e0984', 'f124c61e-f5c2-441f-adb1-9acb1484f8c0', '00000000-0000-0000-0000-000000000000', null),
('0eb0c4a7-7367-4c65-8536-0f1bc9a1ce3e', False, 'rio-grande-res', 'Rio Grande Res', null, ST_GeomFromText('POINT(-107.2676 37.7219)',4326), null, null, '2021-02-26T16:10:23.908953Z', null, '98a61f29-18a8-430a-9d02-0f53486e0984', 'f124c61e-f5c2-441f-adb1-9acb1484f8c0', '00000000-0000-0000-0000-000000000000', null),
('cd4d17b2-e82a-4e61-acfd-cdb802f6b630', False, 'johnson-ranch', 'Johnson Ranch', null, ST_GeomFromText('POINT(-103.3903 29.0347)',4326), null, null, '2021-02-26T16:10:23.909021Z', null, '98a61f29-18a8-430a-9d02-0f53486e0984', 'f124c61e-f5c2-441f-adb1-9acb1484f8c0', '00000000-0000-0000-0000-000000000000', null),
('7469c3ea-59aa-4e3a-b042-ee941f9d336e', False, 'presidio-ds', 'Presidio DS', null, ST_GeomFromText('POINT(-104.2864 29.5192)',4326), null, null, '2021-02-26T16:10:23.909114Z', null, '98a61f29-18a8-430a-9d02-0f53486e0984', 'f124c61e-f5c2-441f-adb1-9acb1484f8c0', '00000000-0000-0000-0000-000000000000', null),
('297b5296-eb60-48b0-a331-27a1906a03a2', False, 'mcclure-us', 'McClure US', null, ST_GeomFromText('POINT(-105.8228 35.6889)',4326), null, null, '2021-02-26T16:10:23.909210Z', null, '98a61f29-18a8-430a-9d02-0f53486e0984', 'f124c61e-f5c2-441f-adb1-9acb1484f8c0', '00000000-0000-0000-0000-000000000000', null),
('7f6dc2f9-6539-46d8-b229-29bcfb9560f4', False, 'tijeras-arroyo', 'Tijeras Arroyo', null, ST_GeomFromText('POINT(-106.6575 35.0019)',4326), null, null, '2021-02-26T16:10:23.909275Z', null, '98a61f29-18a8-430a-9d02-0f53486e0984', 'f124c61e-f5c2-441f-adb1-9acb1484f8c0', '00000000-0000-0000-0000-000000000000', null),
('fe7fb9cb-20e7-433a-924e-276f66040b48', False, 'santa-fe-tesq', 'Santa Fe Tesq', null, ST_GeomFromText('POINT(-105.905 35.7394)',4326), null, null, '2021-02-26T16:10:23.909335Z', null, '98a61f29-18a8-430a-9d02-0f53486e0984', 'f124c61e-f5c2-441f-adb1-9acb1484f8c0', '00000000-0000-0000-0000-000000000000', null),
('e7e9fa45-385b-4b91-91e2-fd29f6644c91', False, 'costilla-ds', 'Costilla DS', null, ST_GeomFromText('POINT(-105.2837 36.8728)',4326), null, null, '2021-02-26T16:10:23.909396Z', null, '98a61f29-18a8-430a-9d02-0f53486e0984', 'f124c61e-f5c2-441f-adb1-9acb1484f8c0', '00000000-0000-0000-0000-000000000000', null),
('d49933f7-5b04-454c-a3ae-17533d3421fc', False, 'south-fork-us', 'South Fork US', null, ST_GeomFromText('POINT(-106.7534 37.5744)',4326), null, null, '2021-02-26T16:10:23.909454Z', null, '98a61f29-18a8-430a-9d02-0f53486e0984', 'f124c61e-f5c2-441f-adb1-9acb1484f8c0', '00000000-0000-0000-0000-000000000000', null),
('e2a7e288-f7e7-4f3b-8fdf-08e2e4664625', False, 'box-canyon', 'Box Canyon', null, ST_GeomFromText('POINT(-107.1413 37.7746)',4326), null, null, '2021-02-26T16:10:23.909562Z', null, '98a61f29-18a8-430a-9d02-0f53486e0984', 'f124c61e-f5c2-441f-adb1-9acb1484f8c0', '00000000-0000-0000-0000-000000000000', null),
('7f42bd21-236c-415b-af0d-e74899c57178', False, 'farmers-union-cn', 'Farmers Union Cn', null, ST_GeomFromText('POINT(-106.2639 37.6659)',4326), null, null, '2021-02-26T16:10:23.909658Z', null, '98a61f29-18a8-430a-9d02-0f53486e0984', 'f124c61e-f5c2-441f-adb1-9acb1484f8c0', '00000000-0000-0000-0000-000000000000', null),
('d1744034-b41a-4c7b-9322-99e431a98143', False, 'empire-cn', 'Empire Cn', null, ST_GeomFromText('POINT(-106.1055 37.5808)',4326), null, null, '2021-02-26T16:10:23.909717Z', null, '98a61f29-18a8-430a-9d02-0f53486e0984', 'f124c61e-f5c2-441f-adb1-9acb1484f8c0', '00000000-0000-0000-0000-000000000000', null),
('7a8bd512-5a7e-4661-933e-936414be7c11', False, 'garcia', 'Garcia', null, ST_GeomFromText('POINT(-105.5325 36.989)',4326), null, null, '2021-02-26T16:10:23.909775Z', null, '98a61f29-18a8-430a-9d02-0f53486e0984', 'f124c61e-f5c2-441f-adb1-9acb1484f8c0', '00000000-0000-0000-0000-000000000000', null),
('1320d031-d405-4ca3-837b-436b57226100', False, 'chama', 'Chama', null, ST_GeomFromText('POINT(-106.5547 36.935)',4326), null, null, '2021-02-26T16:10:23.909832Z', null, '98a61f29-18a8-430a-9d02-0f53486e0984', 'f124c61e-f5c2-441f-adb1-9acb1484f8c0', '00000000-0000-0000-0000-000000000000', null),
('cf5304ac-2ce7-465c-8726-a6ca5204c10d', False, 'norton-drain', 'Norton Drain', null, ST_GeomFromText('POINT(-105.7715 37.3346)',4326), null, null, '2021-02-26T16:10:23.909900Z', null, '98a61f29-18a8-430a-9d02-0f53486e0984', 'f124c61e-f5c2-441f-adb1-9acb1484f8c0', '00000000-0000-0000-0000-000000000000', null),
('5920e4a7-0e44-413a-bfcd-e024fb8d81a5', False, 'norton-drain-s', 'Norton Drain S', null, ST_GeomFromText('POINT(-105.8547 37.2986)',4326), null, null, '2021-02-26T16:10:23.909958Z', null, '98a61f29-18a8-430a-9d02-0f53486e0984', 'f124c61e-f5c2-441f-adb1-9acb1484f8c0', '00000000-0000-0000-0000-000000000000', null),
('33398d2b-74c8-494c-b7a1-d8807a7472c9', False, 'mountain-home-us', 'Mountain Home US', null, ST_GeomFromText('POINT(-105.3689 37.3947)',4326), null, null, '2021-02-26T16:10:23.910082Z', null, '98a61f29-18a8-430a-9d02-0f53486e0984', 'f124c61e-f5c2-441f-adb1-9acb1484f8c0', '00000000-0000-0000-0000-000000000000', null),
('02e5faa1-1196-4429-a4f9-5ac3796c4faa', False, 'costilla-dtch-al', 'Costilla Dtch Al', null, ST_GeomFromText('POINT(-105.9488 37.5527)',4326), null, null, '2021-02-26T16:10:23.910166Z', null, '98a61f29-18a8-430a-9d02-0f53486e0984', 'f124c61e-f5c2-441f-adb1-9acb1484f8c0', '00000000-0000-0000-0000-000000000000', null),
('3f2413ea-315b-4c9f-88d2-2faf20c1bb64', False, 'centennial-cn', 'Centennial Cn', null, ST_GeomFromText('POINT(-106.0704 37.5719)',4326), null, null, '2021-02-26T16:10:23.910248Z', null, '98a61f29-18a8-430a-9d02-0f53486e0984', 'f124c61e-f5c2-441f-adb1-9acb1484f8c0', '00000000-0000-0000-0000-000000000000', null),
('5573917c-dbff-407f-a50b-b766f68ed8ee', False, 'rawsrget2', 'RawsRGET2', null, ST_GeomFromText('POINT(-102.9631 29.1858)',4326), null, null, '2021-02-26T16:10:23.910306Z', null, '98a61f29-18a8-430a-9d02-0f53486e0984', 'f124c61e-f5c2-441f-adb1-9acb1484f8c0', '00000000-0000-0000-0000-000000000000', null),
('33566a82-03bc-437b-b554-bf468ccd969f', False, 'langtry', 'Langtry', null, ST_GeomFromText('POINT(-101.4458 29.8028)',4326), null, null, '2021-02-26T16:10:23.910877Z', null, '98a61f29-18a8-430a-9d02-0f53486e0984', 'f124c61e-f5c2-441f-adb1-9acb1484f8c0', '00000000-0000-0000-0000-000000000000', null),
('a0769ae7-2954-4793-874e-ab5b28212013', False, 'rawswdrn5', 'RawsWDRN5', null, ST_GeomFromText('POINT(-105.6689 36.695)',4326), null, null, '2021-02-26T16:10:23.911002Z', null, '98a61f29-18a8-430a-9d02-0f53486e0984', 'f124c61e-f5c2-441f-adb1-9acb1484f8c0', '00000000-0000-0000-0000-000000000000', null);

--INSERT INSTRUMENT STATUS--
INSERT INTO public.instrument_status(id, instrument_id, status_id, "time")
 VALUES 
('f27611ae-e392-40bf-94af-ab1036b5550c', '033116f2-46f9-4e90-b0b0-3b8beada63eb', 'e26ba2ef-9b52-4c71-97df-9e4b6cf4174d', '2021-02-26T16:10:23.843627Z'),
('0cca7eb3-86d0-4659-9ad1-c3c3b8b193b5', '9407ee00-4c79-4c51-90fa-a4d24a63632f', 'e26ba2ef-9b52-4c71-97df-9e4b6cf4174d', '2021-02-26T16:10:23.845082Z'),
('563c4fd3-d91b-49d4-a694-ce5fc6d3bfb6', 'c69dec30-1744-4c38-aa21-4af2e3662dda', 'e26ba2ef-9b52-4c71-97df-9e4b6cf4174d', '2021-02-26T16:10:23.845621Z'),
('cfe9cc90-476d-4e7a-ba4d-7a4f015b26b1', '97b57cbe-e409-4b29-a2a5-ef6eb73ccc1c', 'e26ba2ef-9b52-4c71-97df-9e4b6cf4174d', '2021-02-26T16:10:23.845923Z'),
('0c631c36-a5d2-4126-9f8d-db5873fd6799', '32a14f67-9146-4477-abf5-0a3b7311fda8', 'e26ba2ef-9b52-4c71-97df-9e4b6cf4174d', '2021-02-26T16:10:23.848175Z'),
('48996a74-6286-4518-abfa-ee4dc7874405', '6dec1bf1-4779-4150-91aa-8f37094c392d', 'e26ba2ef-9b52-4c71-97df-9e4b6cf4174d', '2021-02-26T16:10:23.850358Z'),
('e594bbfa-a5ba-4767-bdb2-12381bed77bf', '5f71beec-2011-4016-9bd1-1ff0ef8f0969', 'e26ba2ef-9b52-4c71-97df-9e4b6cf4174d', '2021-02-26T16:10:23.852640Z'),
('037abc2c-8332-4aa2-a5f9-c383b9dfb3cc', '6c3b2080-14c5-48fc-abe4-45e9de48dd8a', 'e26ba2ef-9b52-4c71-97df-9e4b6cf4174d', '2021-02-26T16:10:23.854553Z'),
('02b9043b-c7a5-4bb8-a071-60ec44aa3e9b', '9dcc10ce-3005-4447-9381-c7bbdcb0d061', 'e26ba2ef-9b52-4c71-97df-9e4b6cf4174d', '2021-02-26T16:10:23.856071Z'),
('5bf7999f-8872-4437-a6db-02e46b314ac8', '9b883e8a-dce0-4ec1-9b09-9fb613d3adb7', 'e26ba2ef-9b52-4c71-97df-9e4b6cf4174d', '2021-02-26T16:10:23.857501Z'),
('41e8e4c8-9ebb-430e-92c7-45a567676079', 'e25a685a-7e8a-4b1e-a6ae-862e36c09813', 'e26ba2ef-9b52-4c71-97df-9e4b6cf4174d', '2021-02-26T16:10:23.858950Z'),
('3e740480-5e0f-4a12-9eb5-ad942a48cf3d', 'bae64cb4-c361-4550-b087-70e2a99544b9', 'e26ba2ef-9b52-4c71-97df-9e4b6cf4174d', '2021-02-26T16:10:23.860074Z'),
('21e5bddf-4b5e-4d9a-b029-fdab8197a555', '47508269-eda9-4cfa-8cf8-280446e0a134', 'e26ba2ef-9b52-4c71-97df-9e4b6cf4174d', '2021-02-26T16:10:23.861223Z'),
('a91e813e-c07d-49d9-be3c-58eb8aeccc99', '915cd852-8f1a-43c3-ac0c-c540b2a9dcbd', 'e26ba2ef-9b52-4c71-97df-9e4b6cf4174d', '2021-02-26T16:10:23.862311Z'),
('b9eec123-f414-4661-8611-cf8cdc1b0b69', '47ffe9f9-2d03-407b-ac13-cfa284611734', 'e26ba2ef-9b52-4c71-97df-9e4b6cf4174d', '2021-02-26T16:10:23.863443Z'),
('2bf86a8d-ebf0-49ac-9ac5-3974a305ec91', '03fded95-f4a2-4a51-b11b-94513eea290e', 'e26ba2ef-9b52-4c71-97df-9e4b6cf4174d', '2021-02-26T16:10:23.864416Z'),
('3888548a-f4f4-44af-9733-a69b5360cce3', '8952475a-263c-48b2-95f1-e92af9c514c7', 'e26ba2ef-9b52-4c71-97df-9e4b6cf4174d', '2021-02-26T16:10:23.865295Z'),
('de6c534d-da6f-450c-b18e-243072e76d09', '13ebf361-835f-4fe9-9821-7fe88f320a3c', 'e26ba2ef-9b52-4c71-97df-9e4b6cf4174d', '2021-02-26T16:10:23.866169Z'),
('6c882bfa-6149-4db9-a261-6c708314fc5a', '24eb8d2a-9a8c-4ccb-b005-ef59c047c8a2', 'e26ba2ef-9b52-4c71-97df-9e4b6cf4174d', '2021-02-26T16:10:23.867018Z'),
('43b4d108-0ccb-48f8-800f-e539cd67285b', '47b07bdf-d4df-4d7f-8dfb-770869332487', 'e26ba2ef-9b52-4c71-97df-9e4b6cf4174d', '2021-02-26T16:10:23.867902Z'),
('bf5ba725-bcf2-40fc-a3b0-2a5108a71310', 'bb55d1e0-ab65-4f34-9ce2-caf1063f80ca', 'e26ba2ef-9b52-4c71-97df-9e4b6cf4174d', '2021-02-26T16:10:23.868873Z'),
('c31ee234-a104-44b5-be05-7135fa90ad0c', '7f75909f-5d17-4b09-8582-93da51af67dd', 'e26ba2ef-9b52-4c71-97df-9e4b6cf4174d', '2021-02-26T16:10:23.869633Z'),
('2e16f304-c6b7-47cb-a013-f788887956c5', 'd2a50624-5778-4e8a-b7ff-8dac4c8cceba', 'e26ba2ef-9b52-4c71-97df-9e4b6cf4174d', '2021-02-26T16:10:23.870387Z'),
('56dc3869-799a-4df8-875c-499915514500', 'd3900c0a-8429-44c0-be7f-c4e7c844817e', 'e26ba2ef-9b52-4c71-97df-9e4b6cf4174d', '2021-02-26T16:10:23.871145Z'),
('f2f0826c-4c7e-4f28-82fa-329b6e48cedf', 'c068cbb8-5e77-4376-b3c1-65e1b77a29da', 'e26ba2ef-9b52-4c71-97df-9e4b6cf4174d', '2021-02-26T16:10:23.871859Z'),
('c79fc824-6839-44e2-9f73-4204ae17076f', '03094ff4-7549-42cb-b357-9b1d992c190d', 'e26ba2ef-9b52-4c71-97df-9e4b6cf4174d', '2021-02-26T16:10:23.872618Z'),
('8de718b8-5643-4c27-ad96-64ca8f092c4b', '1d66b04f-643a-4381-ac12-b5c3ac9ec85e', 'e26ba2ef-9b52-4c71-97df-9e4b6cf4174d', '2021-02-26T16:10:23.873402Z'),
('6543064b-9f74-4ec0-a20d-ebf630976220', 'cee51269-8dd2-4df7-bdbe-6d3ddb91b2d4', 'e26ba2ef-9b52-4c71-97df-9e4b6cf4174d', '2021-02-26T16:10:23.874174Z'),
('4bae9dce-9119-458d-90e5-1c84c75b74bb', '1d54a9d6-0393-4f89-9530-01b5c8802b04', 'e26ba2ef-9b52-4c71-97df-9e4b6cf4174d', '2021-02-26T16:10:23.874796Z'),
('f9548dad-55b7-46ac-bafe-e2ac0bbebfb8', '343eb98c-fda8-4f55-8214-e52c1f077499', 'e26ba2ef-9b52-4c71-97df-9e4b6cf4174d', '2021-02-26T16:10:23.875443Z'),
('cb0ba69e-1d5f-426d-bf2f-31079b8b8266', '8dc9f91b-13e0-4151-93d4-9a74907e8091', 'e26ba2ef-9b52-4c71-97df-9e4b6cf4174d', '2021-02-26T16:10:23.876060Z'),
('dc9866be-a9db-4b51-92b6-756b212e1d58', '3c652fef-33c7-4b35-b909-724272438cc7', 'e26ba2ef-9b52-4c71-97df-9e4b6cf4174d', '2021-02-26T16:10:23.876693Z'),
('51f3e85b-07ef-4848-adb7-3b569a534d2e', '2c2b9dcb-6df5-4b3f-bafb-fd7c9e0f101d', 'e26ba2ef-9b52-4c71-97df-9e4b6cf4174d', '2021-02-26T16:10:23.877321Z'),
('139914db-ea45-47c4-9c6d-48876cd80323', '679ff3b3-c0ca-4ded-85b9-ed518e26fdf2', 'e26ba2ef-9b52-4c71-97df-9e4b6cf4174d', '2021-02-26T16:10:23.877938Z'),
('4900fee7-d904-4610-8e2e-277ac2599a60', '722c37d3-4aca-4be9-99bc-562bfa67d98b', 'e26ba2ef-9b52-4c71-97df-9e4b6cf4174d', '2021-02-26T16:10:23.878575Z'),
('e6125151-aaaa-416d-8030-ddaad5421f73', '5f157a3d-e609-48ef-b1cc-6dc0e8c5b01e', 'e26ba2ef-9b52-4c71-97df-9e4b6cf4174d', '2021-02-26T16:10:23.879149Z'),
('d308893b-3330-4188-9399-03c2bf87bb11', 'bf0aaebc-0f49-4fdc-afa3-b040f5d96838', 'e26ba2ef-9b52-4c71-97df-9e4b6cf4174d', '2021-02-26T16:10:23.879707Z'),
('5771469f-aa76-43fd-ba44-8ea6a013f458', '7c842908-b99b-42ca-9fe8-848842e296b8', 'e26ba2ef-9b52-4c71-97df-9e4b6cf4174d', '2021-02-26T16:10:23.880250Z'),
('89ff34b2-b0fa-4335-a8c4-24297ad4eeba', '5bbe8bb1-7b40-4974-8acf-6c2369eff762', 'e26ba2ef-9b52-4c71-97df-9e4b6cf4174d', '2021-02-26T16:10:23.880795Z'),
('bdc4d999-9555-4b80-984b-4a4d581f72cb', '239d04b0-f430-4306-92e8-35970eb6c04b', 'e26ba2ef-9b52-4c71-97df-9e4b6cf4174d', '2021-02-26T16:10:23.881370Z'),
('c8f05298-c08a-4249-abbe-d8d295d8e957', 'e4fdc814-1c6c-4304-94f0-028535776dfd', 'e26ba2ef-9b52-4c71-97df-9e4b6cf4174d', '2021-02-26T16:10:23.881919Z'),
('6fb40b4b-d63f-4221-9be6-5051ffbab0d1', '44b525aa-a63e-4626-a547-b8b6e3ddd5fc', 'e26ba2ef-9b52-4c71-97df-9e4b6cf4174d', '2021-02-26T16:10:23.882462Z'),
('37f77659-4617-4441-80fe-5a2393ebca1f', '3ff2716b-54b0-4ace-b86a-c01335fb66f2', 'e26ba2ef-9b52-4c71-97df-9e4b6cf4174d', '2021-02-26T16:10:23.883009Z'),
('322c675c-18cd-4ee7-942a-62696e15964c', '39f424ac-9b9d-49c0-8300-cd980b2c3ba4', 'e26ba2ef-9b52-4c71-97df-9e4b6cf4174d', '2021-02-26T16:10:23.883598Z'),
('c3bf089b-dc5b-4db1-b9ad-4408cab1a487', '3539cb95-143e-4da8-a9ea-5b0dbaefd186', 'e26ba2ef-9b52-4c71-97df-9e4b6cf4174d', '2021-02-26T16:10:23.884130Z'),
('9beb7e80-dffd-49a6-8ddb-7f57f14d9a08', '76034eaf-5603-4a02-9201-563ed12348c9', 'e26ba2ef-9b52-4c71-97df-9e4b6cf4174d', '2021-02-26T16:10:23.884607Z'),
('5bc28b20-fdce-4fd4-974f-42718b1be032', 'fe6dc6b1-ecc8-47c9-a956-cb08dcfa8a62', 'e26ba2ef-9b52-4c71-97df-9e4b6cf4174d', '2021-02-26T16:10:23.885125Z'),
('f7c58285-e997-4554-877c-4a321b1515d1', 'ffae1d38-e38e-4063-88e4-7d84439870de', 'e26ba2ef-9b52-4c71-97df-9e4b6cf4174d', '2021-02-26T16:10:23.885611Z'),
('ad8c45c0-7baf-4451-9119-d47ba59ccf6d', '8ca3ac96-00e7-4bf2-bd52-1e7625cdafd3', 'e26ba2ef-9b52-4c71-97df-9e4b6cf4174d', '2021-02-26T16:10:23.886112Z'),
('f81e6eb7-24d5-412b-9971-3422b657ad93', 'c2459f0b-ca4c-4a47-a962-3b8a27f5ba38', 'e26ba2ef-9b52-4c71-97df-9e4b6cf4174d', '2021-02-26T16:10:23.886606Z'),
('60ec61ce-35d7-4920-a9e4-9230eea2603d', 'a9e0d235-fb6b-4dd8-9efa-7a9816de8a5a', 'e26ba2ef-9b52-4c71-97df-9e4b6cf4174d', '2021-02-26T16:10:23.887110Z'),
('05d3f575-2035-4432-b871-8c42e53fe824', '97df2503-a5ae-4948-a4ae-955c22e81bd6', 'e26ba2ef-9b52-4c71-97df-9e4b6cf4174d', '2021-02-26T16:10:23.887591Z'),
('f29de01e-a7ba-46c9-a1df-ab045d5d3c02', '0d3b35e4-4c6e-400f-b690-4c8e036322ef', 'e26ba2ef-9b52-4c71-97df-9e4b6cf4174d', '2021-02-26T16:10:23.888070Z'),
('34a8bd7d-d3b4-4ba7-8394-015615969abb', 'a1331fb9-da3a-4030-8f63-dcab01c406f0', 'e26ba2ef-9b52-4c71-97df-9e4b6cf4174d', '2021-02-26T16:10:23.888569Z'),
('52978ddc-d510-45c4-9350-5e719d18e683', '037f6ce0-9255-4251-b874-26585cee8d5b', 'e26ba2ef-9b52-4c71-97df-9e4b6cf4174d', '2021-02-26T16:10:23.889110Z'),
('01e8ac79-868b-4374-b3f3-bfd1699660a9', 'aab2f870-ca33-42b4-8b4c-3e402c837a65', 'e26ba2ef-9b52-4c71-97df-9e4b6cf4174d', '2021-02-26T16:10:23.889565Z'),
('898e8092-c9be-4998-a62e-69fda85f9e91', '3045fbba-5da2-4e59-96b4-a3903c654c7a', 'e26ba2ef-9b52-4c71-97df-9e4b6cf4174d', '2021-02-26T16:10:23.890011Z'),
('e0eb655e-95c0-435f-840d-5cd96ae9883e', 'd9b5aa25-07cf-46f3-8962-3ca1110b92ab', 'e26ba2ef-9b52-4c71-97df-9e4b6cf4174d', '2021-02-26T16:10:23.890495Z'),
('2704b633-650e-4467-87e1-46edb504e872', '48621e95-8ce8-4cd9-a409-3718f403500a', 'e26ba2ef-9b52-4c71-97df-9e4b6cf4174d', '2021-02-26T16:10:23.890996Z'),
('f1407d6a-16cf-4e5d-938d-afa78968ab2b', 'c5341d42-db35-41e6-b55c-0547373e99e6', 'e26ba2ef-9b52-4c71-97df-9e4b6cf4174d', '2021-02-26T16:10:23.891509Z'),
('ae899645-93cc-42e3-9b12-264602ab074d', '500e135f-dbbc-40a6-917e-f78d7a87b813', 'e26ba2ef-9b52-4c71-97df-9e4b6cf4174d', '2021-02-26T16:10:23.892022Z'),
('337d1f63-1e6a-49f4-8be4-2ba1dc642a76', '51f2819e-ab44-4020-88a0-27b778c4270d', 'e26ba2ef-9b52-4c71-97df-9e4b6cf4174d', '2021-02-26T16:10:23.892517Z'),
('59b10edc-d4dc-40e8-8737-9742d9afab45', 'e8e9ff17-a5f5-4939-a132-d89e3109e81b', 'e26ba2ef-9b52-4c71-97df-9e4b6cf4174d', '2021-02-26T16:10:23.893040Z'),
('c0a2ff53-0fd5-4c29-a22f-1c9a02f6fc9b', 'cd088896-ae42-46be-ade4-37573e5a88dd', 'e26ba2ef-9b52-4c71-97df-9e4b6cf4174d', '2021-02-26T16:10:23.893540Z'),
('6a1b45f4-28d0-46d3-8eae-36cc4efa2a03', '4acc0b86-4caf-4543-b457-7df03f701fb0', 'e26ba2ef-9b52-4c71-97df-9e4b6cf4174d', '2021-02-26T16:10:23.893944Z'),
('1979b067-b54a-4726-b486-9fffb84940d1', '7a6ac411-62eb-4880-b326-0632406a8bf7', 'e26ba2ef-9b52-4c71-97df-9e4b6cf4174d', '2021-02-26T16:10:23.894400Z'),
('a59eaf8d-3eed-43c9-b0bd-98408ea4787e', 'aee442db-51d9-45d2-8463-f67e5e602e2d', 'e26ba2ef-9b52-4c71-97df-9e4b6cf4174d', '2021-02-26T16:10:23.894911Z'),
('910be078-e652-469e-aba2-ea8a303aa6c6', '03f08872-0487-4224-86e7-870e225497ed', 'e26ba2ef-9b52-4c71-97df-9e4b6cf4174d', '2021-02-26T16:10:23.895416Z'),
('28ce2bb7-2c0e-4530-ad3c-6d4280870dfe', '7daa3e8b-aeff-4d2f-9745-2113d3962ae1', 'e26ba2ef-9b52-4c71-97df-9e4b6cf4174d', '2021-02-26T16:10:23.895930Z'),
('edff3559-44a4-4b70-b1d2-d9a508888dec', '94c5988d-1e94-49ac-b543-94d6ae93f501', 'e26ba2ef-9b52-4c71-97df-9e4b6cf4174d', '2021-02-26T16:10:23.896439Z'),
('520f9670-ee87-4c9e-ab9b-31d66a86fdde', '515acaee-c8dd-464f-9f58-847dde8aac4c', 'e26ba2ef-9b52-4c71-97df-9e4b6cf4174d', '2021-02-26T16:10:23.896861Z'),
('232b28e5-ad25-419d-9f6f-f39babfadf83', '1a4d2870-9d66-420f-8ed4-fe08df2e29a0', 'e26ba2ef-9b52-4c71-97df-9e4b6cf4174d', '2021-02-26T16:10:23.897396Z'),
('b6bb5dff-36c5-47a1-a2dc-cce87e6b017e', 'ec2db83b-7531-4e58-a4a9-0e2ba273c380', 'e26ba2ef-9b52-4c71-97df-9e4b6cf4174d', '2021-02-26T16:10:23.897963Z'),
('da10ae9b-9ef4-43ae-a9d5-218c0ba24b48', 'd52fc94f-c766-483e-ab2f-1c86b1453fc2', 'e26ba2ef-9b52-4c71-97df-9e4b6cf4174d', '2021-02-26T16:10:23.898352Z'),
('0a5cfb9f-5330-4628-95e5-65f2d3fc2d74', '8f8e3473-5417-4844-991d-eb87881b844f', 'e26ba2ef-9b52-4c71-97df-9e4b6cf4174d', '2021-02-26T16:10:23.898724Z'),
('8c332599-b980-4740-a3c7-3e9e07ca81b3', 'ac751e57-591d-4f0f-87cd-0b245ea7a149', 'e26ba2ef-9b52-4c71-97df-9e4b6cf4174d', '2021-02-26T16:10:23.899112Z'),
('8fdd48de-9385-442b-b14f-b0847b839d31', '4a9b44bf-798d-419a-b04d-17a473866f5e', 'e26ba2ef-9b52-4c71-97df-9e4b6cf4174d', '2021-02-26T16:10:23.899424Z'),
('da260b15-06de-49a7-9502-ab41621ee8c3', 'afb04644-c805-4a0e-98a5-b14d241e8a73', 'e26ba2ef-9b52-4c71-97df-9e4b6cf4174d', '2021-02-26T16:10:23.899765Z'),
('4c155da8-600b-47d4-9322-74a27fa85a3d', '74a67046-5da7-4a3b-8c49-fbdf0c9437ae', 'e26ba2ef-9b52-4c71-97df-9e4b6cf4174d', '2021-02-26T16:10:23.900136Z'),
('e14603d1-0d19-4a95-82b9-ead9e837a580', 'd2513d03-e0e0-4adb-b478-9ab9d1ea0153', 'e26ba2ef-9b52-4c71-97df-9e4b6cf4174d', '2021-02-26T16:10:23.900574Z'),
('e45d8a09-b37f-497b-9725-236637faff09', '43faa6f9-cb1e-42d5-be48-ab41c0f74cfe', 'e26ba2ef-9b52-4c71-97df-9e4b6cf4174d', '2021-02-26T16:10:23.901171Z'),
('437a7fe1-dbe0-4ed2-b778-f6d8b34be033', 'a9594270-fe84-4c49-b870-0487f848a6d3', 'e26ba2ef-9b52-4c71-97df-9e4b6cf4174d', '2021-02-26T16:10:23.901714Z'),
('928e2bff-d1fd-4de0-af44-de7f306cb541', 'ac474eae-cb43-4611-9f33-859dce110f83', 'e26ba2ef-9b52-4c71-97df-9e4b6cf4174d', '2021-02-26T16:10:23.902254Z'),
('18122b18-90da-43eb-8e0d-0bbf70e1c2f5', '867bb882-4df5-4607-a27e-1e826e532dfd', 'e26ba2ef-9b52-4c71-97df-9e4b6cf4174d', '2021-02-26T16:10:23.902788Z'),
('ae2d152b-ff50-4a11-a5dc-3f547de73073', '1dc56af3-1c69-4e6c-bea8-0642cee0702c', 'e26ba2ef-9b52-4c71-97df-9e4b6cf4174d', '2021-02-26T16:10:23.903336Z'),
('b579c482-62a4-4d6f-9204-00802b93473e', '17af7c01-e513-4611-8e21-c143489db3cc', 'e26ba2ef-9b52-4c71-97df-9e4b6cf4174d', '2021-02-26T16:10:23.903851Z'),
('0444cea0-2955-4397-84f2-cd8a2c129ddd', '96a764bd-af38-46a2-af43-feb8202f59fb', 'e26ba2ef-9b52-4c71-97df-9e4b6cf4174d', '2021-02-26T16:10:23.904390Z'),
('0c312f79-9d37-4ed4-a0f1-f08b63ba1269', '18e3331b-a6d5-431a-b782-291d462d8161', 'e26ba2ef-9b52-4c71-97df-9e4b6cf4174d', '2021-02-26T16:10:23.904942Z'),
('b4e68b8d-e7f1-403e-9e29-995d713dd160', '229c7a73-3bc7-4e30-8ad8-d001218c5c3f', 'e26ba2ef-9b52-4c71-97df-9e4b6cf4174d', '2021-02-26T16:10:23.905053Z'),
('b23fcf8e-a6be-4708-80f9-e8b5235ea462', '7b38d10c-b05a-4ce5-853c-9f06ea305ebd', 'e26ba2ef-9b52-4c71-97df-9e4b6cf4174d', '2021-02-26T16:10:23.905132Z'),
('96c8423d-99c4-4a8f-b46f-0fb953445e20', '45a828bc-94b9-47f1-a7b3-4c8426be71d8', 'e26ba2ef-9b52-4c71-97df-9e4b6cf4174d', '2021-02-26T16:10:23.905204Z'),
('19bdabff-f9fe-4b76-b010-1f6fcf328b70', '380c9388-8bd6-44e5-a9eb-ff421261b536', 'e26ba2ef-9b52-4c71-97df-9e4b6cf4174d', '2021-02-26T16:10:23.905278Z'),
('80a54874-d482-4d52-8982-131da873746e', 'b407b5c6-59a0-4842-a04b-350245bd20bb', 'e26ba2ef-9b52-4c71-97df-9e4b6cf4174d', '2021-02-26T16:10:23.905338Z'),
('d26ed2a8-1290-4c2f-ac55-d775f95e0654', '4b0e2210-1e02-4813-bdd9-20ca8013f6e5', 'e26ba2ef-9b52-4c71-97df-9e4b6cf4174d', '2021-02-26T16:10:23.905397Z'),
('5f7658a6-20f9-4ff7-9a03-0849fd77e2d1', '89c63920-5c97-4ce3-97e5-baf1ff41ccf8', 'e26ba2ef-9b52-4c71-97df-9e4b6cf4174d', '2021-02-26T16:10:23.905454Z'),
('661a28f9-8389-4f93-9b4a-4f85da6d4a36', 'ffcef79c-0cdb-415b-880c-16b8fc36590b', 'e26ba2ef-9b52-4c71-97df-9e4b6cf4174d', '2021-02-26T16:10:23.905513Z'),
('80a069a2-004b-4d6f-89bc-ad65d35596ae', '50d1f853-289f-4d77-8d5f-6593b9418382', 'e26ba2ef-9b52-4c71-97df-9e4b6cf4174d', '2021-02-26T16:10:23.905568Z'),
('eb3245a1-eca7-4437-8515-8ecdfab4b3e4', 'e97fcdd0-5d01-483b-a659-1d5f4ce7336c', 'e26ba2ef-9b52-4c71-97df-9e4b6cf4174d', '2021-02-26T16:10:23.905663Z'),
('0a0419bb-93ab-4e01-a378-a2bf3f5a5ebf', '5083b7ff-b4bb-414b-a253-a3373a337ffc', 'e26ba2ef-9b52-4c71-97df-9e4b6cf4174d', '2021-02-26T16:10:23.905762Z'),
('8bc5f572-3076-42b7-acf1-85e0c8cda02e', 'a06b195f-41e8-4bfc-bcde-68bd3baa3c3a', 'e26ba2ef-9b52-4c71-97df-9e4b6cf4174d', '2021-02-26T16:10:23.905819Z'),
('d395fcd9-0e0b-4c36-844d-49186d168939', '879edf69-c5b5-488a-b0b0-47330185b0db', 'e26ba2ef-9b52-4c71-97df-9e4b6cf4174d', '2021-02-26T16:10:23.905910Z'),
('05523e46-2707-444b-88a5-b63bc28de67e', 'f22e0e53-e013-46c8-ae48-21921291d196', 'e26ba2ef-9b52-4c71-97df-9e4b6cf4174d', '2021-02-26T16:10:23.906001Z'),
('bb9b106d-e8a8-4742-b5de-a937909d370f', '7854d3cb-abaa-413f-a1c7-17e310eb1810', 'e26ba2ef-9b52-4c71-97df-9e4b6cf4174d', '2021-02-26T16:10:23.906092Z'),
('b2d3665a-b70f-4d29-857d-6b81a616dfc9', 'b8321e23-8a20-40e9-a798-856b31f4d6cc', 'e26ba2ef-9b52-4c71-97df-9e4b6cf4174d', '2021-02-26T16:10:23.906152Z'),
('935a9595-d6e2-46df-b50a-3e7acfdf6748', 'e84b419b-a934-4fe7-9bbe-d7165db56a29', 'e26ba2ef-9b52-4c71-97df-9e4b6cf4174d', '2021-02-26T16:10:23.906210Z'),
('07997acf-d5d8-429f-9c69-52709eae39ed', '8fc80680-6174-4183-b045-ba8ea7052ca8', 'e26ba2ef-9b52-4c71-97df-9e4b6cf4174d', '2021-02-26T16:10:23.906268Z'),
('8a952ba3-3826-4faa-8d89-a32e8dbc1b95', 'cab6167f-3ef4-456f-adbe-257d44431caf', 'e26ba2ef-9b52-4c71-97df-9e4b6cf4174d', '2021-02-26T16:10:23.906345Z'),
('5e9a657d-2d46-49e8-ba2d-d9c2c9a049f9', '594cdbdc-e71a-4245-ae02-8425b49a71e4', 'e26ba2ef-9b52-4c71-97df-9e4b6cf4174d', '2021-02-26T16:10:23.906468Z'),
('acc93ecd-b30d-42f5-b07b-8df8ea1291cd', '21b2a17e-0ec6-456d-8cd6-a0435db5ce90', 'e26ba2ef-9b52-4c71-97df-9e4b6cf4174d', '2021-02-26T16:10:23.906550Z'),
('81a4e58a-581d-4d59-872e-6f274ffcc1bd', '71364d14-fa9d-431a-a52f-eee897779a4b', 'e26ba2ef-9b52-4c71-97df-9e4b6cf4174d', '2021-02-26T16:10:23.906610Z'),
('ff3ddd39-9462-45b9-952d-01acf743fd51', 'e54652f0-1d32-4247-b16b-692bf1c4ab34', 'e26ba2ef-9b52-4c71-97df-9e4b6cf4174d', '2021-02-26T16:10:23.906667Z'),
('ba3cea17-1d06-488b-b23c-9bc10350a806', '523cd63f-7a09-4a74-b344-3dfe8ad092ea', 'e26ba2ef-9b52-4c71-97df-9e4b6cf4174d', '2021-02-26T16:10:23.906730Z'),
('46716678-291f-4382-85f9-678346c8464f', 'fb4eb5b3-1d1e-4364-9c33-6e9b3a006871', 'e26ba2ef-9b52-4c71-97df-9e4b6cf4174d', '2021-02-26T16:10:23.906787Z'),
('417770fa-8508-492f-80f4-76189cac388a', 'dc654200-97b8-435b-b153-3f51c188ecd5', 'e26ba2ef-9b52-4c71-97df-9e4b6cf4174d', '2021-02-26T16:10:23.906844Z'),
('47f27391-2a1f-4349-b154-8b9ffb933cae', '3245510c-2a7d-4fe1-82f2-d2b264c99b74', 'e26ba2ef-9b52-4c71-97df-9e4b6cf4174d', '2021-02-26T16:10:23.906904Z'),
('d21a2214-ff99-4820-bf54-b026512a123d', '4fd2c160-0b2f-4cb6-9f4c-7c70010d4bcf', 'e26ba2ef-9b52-4c71-97df-9e4b6cf4174d', '2021-02-26T16:10:23.906904Z'),
('e6a7be5a-c5b6-4664-8240-cf40d2aa6425', '7b3e6470-50a7-4913-8b3a-288cb0eb4927', 'e26ba2ef-9b52-4c71-97df-9e4b6cf4174d', '2021-02-26T16:10:23.907067Z'),
('1c129b72-0217-4ee8-b404-efacace51adc', '6a50046f-75fe-4796-ac5e-90fee0fd9f37', 'e26ba2ef-9b52-4c71-97df-9e4b6cf4174d', '2021-02-26T16:10:23.907135Z'),
('8ff44190-6886-406e-b855-760342e3d6b0', 'd6e36bd2-065c-4290-bf6e-3fad29e861b6', 'e26ba2ef-9b52-4c71-97df-9e4b6cf4174d', '2021-02-26T16:10:23.907195Z'),
('2c7789b8-07d0-463f-b025-214bf597d818', 'bd625259-34ff-45be-9664-777eb90485e6', 'e26ba2ef-9b52-4c71-97df-9e4b6cf4174d', '2021-02-26T16:10:23.907257Z'),
('d01e8184-dcff-4a57-92e6-f75653ac9bb8', 'db39b03c-bc65-4d66-8d4b-5c5e3894136b', 'e26ba2ef-9b52-4c71-97df-9e4b6cf4174d', '2021-02-26T16:10:23.907350Z'),
('b2264fb8-1513-42a1-a59f-ea38007ea792', 'cf35daf8-b53e-4f51-b12c-61c2f30a6e14', 'e26ba2ef-9b52-4c71-97df-9e4b6cf4174d', '2021-02-26T16:10:23.907423Z'),
('3745adf9-af4a-447a-9cf9-1cc08efa0304', '8e4a1f6f-14bd-490e-bad9-9c1a528f3d04', 'e26ba2ef-9b52-4c71-97df-9e4b6cf4174d', '2021-02-26T16:10:23.907484Z'),
('7310dc97-0092-40ff-a566-883ec53e5bcd', '44c1e611-8c32-4494-9a44-e58563283721', 'e26ba2ef-9b52-4c71-97df-9e4b6cf4174d', '2021-02-26T16:10:23.907542Z'),
('0f436f4a-d62f-485f-b234-0238a2bb313e', 'dd4ce057-ad11-4de7-83b4-34006efa1748', 'e26ba2ef-9b52-4c71-97df-9e4b6cf4174d', '2021-02-26T16:10:23.907599Z'),
('0f0e7e2b-19bc-4435-a416-deef274ee63a', '2c5af532-40ad-4ed5-835f-517364cd3c26', 'e26ba2ef-9b52-4c71-97df-9e4b6cf4174d', '2021-02-26T16:10:23.907661Z'),
('325f9509-5051-4845-a89d-24bcadf2b119', '48ec40cb-4ae9-4a58-bc7b-b5f880694415', 'e26ba2ef-9b52-4c71-97df-9e4b6cf4174d', '2021-02-26T16:10:23.907723Z'),
('cd8f490c-669d-427e-b272-4241eaa96a6b', '2b3170ae-4295-478f-bd93-19911460ee2b', 'e26ba2ef-9b52-4c71-97df-9e4b6cf4174d', '2021-02-26T16:10:23.907822Z'),
('42c24ebf-555b-48f8-bafb-c08e7de93021', '624a1967-bb9a-4c77-ac69-ee45fde6cc03', 'e26ba2ef-9b52-4c71-97df-9e4b6cf4174d', '2021-02-26T16:10:23.907914Z'),
('64efa25f-d0d6-4ccc-82de-f38e27f78a6b', '56142c71-ab95-4abf-afcb-6dead26124a3', 'e26ba2ef-9b52-4c71-97df-9e4b6cf4174d', '2021-02-26T16:10:23.907985Z'),
('58846e36-4450-419f-945a-4da772b1f787', '6600e65d-953f-46e0-b607-220b895c9464', 'e26ba2ef-9b52-4c71-97df-9e4b6cf4174d', '2021-02-26T16:10:23.908091Z'),
('be8bff01-1868-434e-9c9c-8c8a359450fa', 'e27eb234-6c85-4bd1-9b26-0d81b25aa815', 'e26ba2ef-9b52-4c71-97df-9e4b6cf4174d', '2021-02-26T16:10:23.908183Z'),
('bda45865-6239-4c1e-9733-0417ac1883f7', '0691a484-5148-4f24-a593-2996a98c2579', 'e26ba2ef-9b52-4c71-97df-9e4b6cf4174d', '2021-02-26T16:10:23.908276Z'),
('1daeec89-6d45-43c2-8d0a-e5e161c043c7', 'c7e86fb5-dc50-4bf2-804e-3fe4187e9b96', 'e26ba2ef-9b52-4c71-97df-9e4b6cf4174d', '2021-02-26T16:10:23.908368Z'),
('f46ffe29-753a-4ae7-94ac-07e2f1d85d4c', '827b5078-6ff1-4966-a62b-4aeda33141cb', 'e26ba2ef-9b52-4c71-97df-9e4b6cf4174d', '2021-02-26T16:10:23.908429Z'),
('de5f7bf4-196c-49c2-a631-52e178906ab8', 'aa313d28-3b3b-46f7-aa68-ce3d4133349d', 'e26ba2ef-9b52-4c71-97df-9e4b6cf4174d', '2021-02-26T16:10:23.908502Z'),
('a4e8fa08-8cb9-4656-aa2d-a1214ad1e87c', '3e803787-ff1e-4cdf-ad80-05a2d08b7780', 'e26ba2ef-9b52-4c71-97df-9e4b6cf4174d', '2021-02-26T16:10:23.908629Z'),
('17da2081-8796-408f-ba4f-07dedc595ee2', '7d12003d-6795-4791-8f03-472e024a221a', 'e26ba2ef-9b52-4c71-97df-9e4b6cf4174d', '2021-02-26T16:10:23.908721Z'),
('5f089408-ae24-462b-8d87-f8669c58e891', '78f79c3b-3e82-4afa-b559-580310559b2c', 'e26ba2ef-9b52-4c71-97df-9e4b6cf4174d', '2021-02-26T16:10:23.908780Z'),
('adbca08e-9d29-4b8c-b9b8-fa2bb258b24a', 'de4544d7-9de2-44d6-8b55-9788d0e325f9', 'e26ba2ef-9b52-4c71-97df-9e4b6cf4174d', '2021-02-26T16:10:23.908780Z'),
('ea6a03c0-ad80-4afa-8b50-249df060f95b', '0eb0c4a7-7367-4c65-8536-0f1bc9a1ce3e', 'e26ba2ef-9b52-4c71-97df-9e4b6cf4174d', '2021-02-26T16:10:23.908953Z'),
('0093948e-14d6-4753-bea1-15886b62da0a', 'cd4d17b2-e82a-4e61-acfd-cdb802f6b630', 'e26ba2ef-9b52-4c71-97df-9e4b6cf4174d', '2021-02-26T16:10:23.909021Z'),
('9ca0a7f2-0a37-4167-b08d-f5b1186984e9', '7469c3ea-59aa-4e3a-b042-ee941f9d336e', 'e26ba2ef-9b52-4c71-97df-9e4b6cf4174d', '2021-02-26T16:10:23.909114Z'),
('946aa599-f8e7-43c2-b5bc-50827a2c9ced', '297b5296-eb60-48b0-a331-27a1906a03a2', 'e26ba2ef-9b52-4c71-97df-9e4b6cf4174d', '2021-02-26T16:10:23.909210Z'),
('ac4dfe4d-528d-4bdb-9263-5829e96cd48c', '7f6dc2f9-6539-46d8-b229-29bcfb9560f4', 'e26ba2ef-9b52-4c71-97df-9e4b6cf4174d', '2021-02-26T16:10:23.909275Z'),
('33c2eddb-8f9e-4f43-9917-389c894a09f2', 'fe7fb9cb-20e7-433a-924e-276f66040b48', 'e26ba2ef-9b52-4c71-97df-9e4b6cf4174d', '2021-02-26T16:10:23.909335Z'),
('a83e4b08-7d59-4727-8178-95e82ba0ba52', 'e7e9fa45-385b-4b91-91e2-fd29f6644c91', 'e26ba2ef-9b52-4c71-97df-9e4b6cf4174d', '2021-02-26T16:10:23.909396Z'),
('e2eeab3d-09e8-4d2a-9ee9-88082a46260e', 'd49933f7-5b04-454c-a3ae-17533d3421fc', 'e26ba2ef-9b52-4c71-97df-9e4b6cf4174d', '2021-02-26T16:10:23.909454Z'),
('1de05019-9376-4db9-83a0-2a5ee32d7f73', 'e2a7e288-f7e7-4f3b-8fdf-08e2e4664625', 'e26ba2ef-9b52-4c71-97df-9e4b6cf4174d', '2021-02-26T16:10:23.909562Z'),
('209d20f6-0cd0-427b-a9cd-d4ac69bcd614', '7f42bd21-236c-415b-af0d-e74899c57178', 'e26ba2ef-9b52-4c71-97df-9e4b6cf4174d', '2021-02-26T16:10:23.909658Z'),
('f354b547-149a-40d8-b158-b79988ec0863', 'd1744034-b41a-4c7b-9322-99e431a98143', 'e26ba2ef-9b52-4c71-97df-9e4b6cf4174d', '2021-02-26T16:10:23.909717Z'),
('1bc7b35f-3c8f-4132-82be-8c4d11ea96be', '7a8bd512-5a7e-4661-933e-936414be7c11', 'e26ba2ef-9b52-4c71-97df-9e4b6cf4174d', '2021-02-26T16:10:23.909775Z'),
('8ffe0f04-0f5f-46fe-bae2-63ce3ba1cc9f', '1320d031-d405-4ca3-837b-436b57226100', 'e26ba2ef-9b52-4c71-97df-9e4b6cf4174d', '2021-02-26T16:10:23.909832Z'),
('5c1843aa-f8bb-4a7b-aadb-194bb4f0814c', 'cf5304ac-2ce7-465c-8726-a6ca5204c10d', 'e26ba2ef-9b52-4c71-97df-9e4b6cf4174d', '2021-02-26T16:10:23.909900Z'),
('b3645b74-ff0c-49b1-ab7a-90f9c0b6e195', '5920e4a7-0e44-413a-bfcd-e024fb8d81a5', 'e26ba2ef-9b52-4c71-97df-9e4b6cf4174d', '2021-02-26T16:10:23.909958Z'),
('f91962ea-aa9e-4fe2-9ab8-c39f7a184a67', '33398d2b-74c8-494c-b7a1-d8807a7472c9', 'e26ba2ef-9b52-4c71-97df-9e4b6cf4174d', '2021-02-26T16:10:23.910082Z'),
('1f30acda-79bf-4d61-8224-623d58635931', '02e5faa1-1196-4429-a4f9-5ac3796c4faa', 'e26ba2ef-9b52-4c71-97df-9e4b6cf4174d', '2021-02-26T16:10:23.910166Z'),
('af1464a1-4327-4b61-8cc8-2d8ef2bbec85', '3f2413ea-315b-4c9f-88d2-2faf20c1bb64', 'e26ba2ef-9b52-4c71-97df-9e4b6cf4174d', '2021-02-26T16:10:23.910248Z'),
('5c43efe7-6d21-4112-9cb7-c929e107455d', '5573917c-dbff-407f-a50b-b766f68ed8ee', 'e26ba2ef-9b52-4c71-97df-9e4b6cf4174d', '2021-02-26T16:10:23.910306Z'),
('bfa5cbf6-93cd-4f15-8aa7-d943e732c60e', '33566a82-03bc-437b-b554-bf468ccd969f', 'e26ba2ef-9b52-4c71-97df-9e4b6cf4174d', '2021-02-26T16:10:23.910877Z'),
('60a511df-3d50-48b5-a8cd-e8535ecd2020', 'a0769ae7-2954-4793-874e-ab5b28212013', 'e26ba2ef-9b52-4c71-97df-9e4b6cf4174d', '2021-02-26T16:10:23.911002Z');

--INSERT TELEMETRY_GOES--COUNT:159
INSERT INTO public.telemetry_goes (id, nesdis_id) 
VALUES
('96f5fa31-57a4-4894-8ead-15951de4a7eb', 'D10346FE'),
('f54c4ee1-666e-4993-84ff-fde33af6b4a3', '16F6E360'),
('544845e1-4d0a-41c1-a326-5d384139d298', '0093F7AC'),
('4b05a180-7352-4abe-bf5e-f88d65d65082', '5210D682'),
('b83886e1-caa4-44f5-b6eb-9e76c083db67', 'FA623058'),
('56a4bcb5-ac68-4c26-bec0-bece92f6813a', '3276A080'),
('a5a6b321-f0b9-4608-b8fb-076f45239548', '325B376A'),
('6c3deaac-3b78-43e9-8e0a-e79e34bb8120', '837141D2'),
('9c02354a-6b4c-43b3-b7df-61f902d21a37', '32302586'),
('4bc85cd5-5d82-489b-8bbc-a9d6c13f08b7', '3234F6D4'),
('c1be4f08-3da5-4143-9b78-bd85e9605a53', '3333B648'),
('4004e71a-9d54-4d65-bfa3-f870b76fffef', '3230101C'),
('66a0e8db-a455-4339-95d5-57c1b551dcc7', '8841731C'),
('d45888f0-7a32-45a5-858c-99b597a539dc', '3276130E'),
('3cdddf9b-3635-4b33-ad66-7204c8fc96c3', '325B84E4'),
('bdcd5d8a-77a2-4bf0-80e5-e64ee8264b11', '3241E7CE'),
('f6a05506-bc6e-42f6-8cf4-be27e77dff62', '6200012A'),
('103c1ac0-359d-412d-ab1f-bb782291234d', '33337356'),
('c9563a0e-24c5-4beb-b37a-34134337416a', '32599266'),
('314494f7-3299-4bd3-988b-ede80f1d21af', 'FA62F546'),
('d806f060-5ffb-41c4-a911-308534b6d3e2', '3333A53E'),
('8356d34e-13ae-4830-8779-8520c76c3796', '32340650'),
('28bfd3e4-db60-4d33-8da1-4f24e1727cd5', '3232D0F6'),
('4c0d258e-b3f4-442f-a47b-2c89b0401046', '32644118'),
('89b4727d-5feb-4239-adac-b8023be01456', '325B241C'),
('87dc6b22-ad9f-4305-adda-8c8524e75a85', '326FF13E'),
('4a114cf1-5296-477a-978f-552a1c945ea0', '325D1148'),
('26348ba3-1303-487b-b79c-8bf8d7fc9007', '324BF5EA'),
('c2f1a236-baa5-472a-82e9-50f3274d849a', '327260A4'),
('2a9b1cbd-a5f9-4ff8-bdbd-e9decbcc1cf8', '326C06B4'),
('13b36584-ac5f-4e3e-9f7f-8c5aa4100638', '52146036'),
('b6299a7c-1d53-4faa-b420-46aef31d8e0b', '326EB0CE'),
('54ce70e3-84ce-4bf3-8f26-cd4f3d33c198', '324BE69C'),
('79bb4e4d-813b-4142-96cd-4968dda7dfb5', '3283F528'),
('2fe5c7f1-a413-4a9c-8685-8f4c8e2a538c', '328097C0'),
('b3c164b2-ef0e-4e30-9a23-63b82fc4e562', '325B41FA'),
('522bbd2f-61cf-49b8-9fd1-8c0356a6f920', '323A37A2'),
('26ca016e-b883-4fdc-87bd-a5054ba0deca', '32673086'),
('09a7f5a9-80a4-4e76-a781-c98983ab09bd', '8841B602'),
('f227a35d-862f-4869-97bb-336c53492c03', 'FA61E13E'),
('12b85f84-ee23-4970-9f30-bcf9ad7cd74f', '324B837A'),
('d1f2e3f7-3060-4813-9653-ef02e13946a4', '3232F61A'),
('45ca6a08-e9a2-4296-8639-ae28b28f066a', '3283B622'),
('f29de09c-998b-46f3-8c49-8550e7e00eb3', '32881572'),
('81a2b17f-feb5-409b-a0d4-230f36dcdbcf', '3243D7A0'),
('9e72b35c-75ad-457c-a50f-411cffb0156e', '32814352'),
('40b6e1ef-18cf-4c2c-bb14-66b648a9d7b5', '328390CE'),
('ce007272-3a82-44f6-9357-da6409573273', '324B900C'),
('1739084f-1629-4aee-a2b9-d4dab58f4145', '328F9152'),
('48ae538a-d202-448d-ad56-38ed8cbb4a10', '3240D0AE'),
('5a17fa87-ad28-4b53-8fd2-5ff85bdf63e2', '3246E5FA'),
('39db3036-83e7-4ef4-91e4-8e5d020a26e8', '3283C0B2'),
('47864cc1-6f2f-4351-ada3-43876ab2537c', '326335BC'),
('77e78291-a13b-43bf-b2a6-b5bf05bd27ff', '32336182'),
('30489f36-1c68-4cbb-9954-307aa51f7b1c', '326C15C2'),
('0182e0c9-d45c-4f8e-9243-c6d6c5eed2ce', '328904FE'),
('0eed9584-a684-404c-9a01-09a2d94c8cf1', '5210A012'),
('e0513ad9-c21b-4abe-b611-3695351dfdec', '8841C092'),
('cd3b6c40-3c5c-4e35-ada1-2f15206607e4', '325B6716'),
('667ac7c6-c996-44de-b928-099da33aaa32', 'FA630738'),
('675faf6c-f474-4e9c-a473-fd579d8fb4a6', 'AF100680'),
('da0faf56-ee10-45ab-870c-dafe7c06871e', '5212B690'),
('80996b6e-0bcb-4f13-8531-cacfe912fac3', '3283A554'),
('c40dfa5b-07bd-446f-afa4-04515e912f74', 'FA40D7B0'),
('54bb8e08-9aee-4337-af7f-455bf21fcefa', '3241A4C4'),
('ff4349f6-fced-4407-8524-ce8951dff148', '3287C588'),
('47f57241-6b8a-4449-9189-dc0a67c82f72', '328D345E'),
('90a25ef4-551e-4e80-b12c-43e5a444e80a', '3241C122'),
('24965100-8442-4d74-af84-1bd2f1ed8d7e', '327CA1D2'),
('0b30612f-3139-4789-b81a-c60ac2e4b99b', '333221D0'),
('bb333d4b-90b1-4ca9-b150-b1b62e39dd6f', '329295AA'),
('dfaf7389-5764-487f-9484-631a6845d7e0', '8378E776'),
('c4a95e84-5aff-475b-a18d-70a9bddab1fc', '32661490'),
('6cc08974-3e56-4a7f-8561-315bf525a2f1', '837933E4'),
('1754f9a5-251f-430c-9063-7f3c015fbf45', '324172AC'),
('058eb69c-ebdd-439a-b33c-612201a6bca7', '323EF786'),
('fc6e86c1-19e6-4816-85cf-286263952281', '3233D20C'),
('2564b7c1-0713-4c87-9f06-3800417a92c6', '83709540'),
('11ff95e4-3b03-46a6-b508-159496b71391', '327AE216'),
('755c68a8-da80-4918-9aa9-e7c8bf79d811', '52139286'),
('4ffa26a2-4cc1-4900-8ffd-061ac3b2d03e', '323372F4'),
('e9d04cce-1e03-44b7-be5d-91f8abd62c21', '328383B8'),
('be0655bc-e7f9-4a79-9c26-e276318d6be7', 'FA6362DE'),
('4106d4b1-eeda-440c-a4c4-3f7fe8860063', '3236F320'),
('97df9bb6-d14b-4866-9540-2a0edd2f2c3e', '3240B548'),
('dd18758e-506d-46e9-b523-3a6680ae1f48', '3279F66E'),
('3a237939-9dd9-4ffc-bbb2-d59a61c655ec', '327B25F2'),
('4e8f8015-d68c-48b0-9f38-e9334f708115', '5144D51C'),
('885610a3-9696-4e55-994e-5842c0d71f7e', '5164F21E'),
('92a4ee39-425f-49d0-9cf9-5e806ae983f1', 'DD647628'),
('fcc52857-126f-4744-9508-4b3323d45e23', 'DD7B12C2'),
('769a17fc-92ca-458f-b563-ea082444f880', 'F0004188'),
('b5875e5d-e746-4a2e-8813-cb2ed96f613f', 'DE60446E'),
('c71e186d-aecc-40cb-8d86-bbc9bb64194d', 'F0006764'),
('68e8edc5-e43c-4d58-96ec-6f20d91ca5fd', 'F0007412'),
('7b0e4dc8-dc2c-43ab-8b43-e06814b28bc7', '51412258'),
('8ad83a71-aaed-4ec7-8e7b-f57b94e4e96c', '00900026'),
('8e933346-880d-4bb0-bd31-dbe2ad4ea9e7', '00901350'),
('dff964b1-281a-4781-a797-0f44692880c4', '515C8658'),
('90ba306b-38c6-418f-ba73-4db94ee11d0e', '009102DC'),
('144530b8-eba4-45b3-99ed-a132608429b1', '515AB30C'),
('a9f1da4b-7ce0-4793-9a83-84456d189859', '00900EF4'),
('bb75f7fd-4bd2-4798-8a56-bd90db28133b', '1684D6A2'),
('5fd3d017-d762-4c28-b272-812d48eb2352', '17494560'),
('0332b0a0-faa9-4970-b471-665c768ce3fb', '1749B5E4'),
('72aa943b-bab7-466b-98f0-8abc2cd416b3', '16DB748A'),
('9a3d5493-7a71-4911-aec9-6dc8d5103c94', '5140805A'),
('72777600-dadf-4ffd-a4e0-99acf02551e1', '5140B5C0'),
('bd2b423b-73fe-4c87-9223-912192310c00', '514104B4'),
('5ded490e-d75f-4f78-bfbe-098a707ede18', '5141C1AA'),
('580ec4f5-0aaf-4699-b656-1010de700e41', '514F653A'),
('c5b218c3-ffe7-418b-b3b7-72901a851558', '17CEC6F8'),
('5f1f432f-de41-4d27-ba27-d6f96f14d206', '5140932C'),
('ec2f9342-6810-420c-965f-7b0edb907d62', '514147BE'),
('3b2e29ab-aa8b-4e47-aeeb-1ebd8fe00d13', '5141D2DC'),
('479afe17-fb04-4e85-9487-1d883c621542', '514475E4'),
('d13bfc4a-e7ba-481f-a2d0-085151dac961', '5144C66A'),
('f6f5a33c-4535-4e40-9816-424f5d98d6ef', '514C07D2'),
('057853b6-c604-4d73-b78a-6119e4803405', '514BF562'),
('613cce0e-1ee0-482e-86a9-bbc59f292c17', '5163B320'),
('8833f5a6-3bdb-4043-8c1a-2e508c1f88c7', '5143C45E'),
('0902fd34-8788-474e-b739-3d8b6a38db11', '5164C784'),
('196b1f3e-6826-480d-8db0-3bf6e924c9c1', '5164D4F2'),
('a793350b-de32-42f5-a723-5aa1a75c60bf', '5145E27C'),
('a513472e-19b8-4eec-aec0-7f80972fa2a7', '5163D6C6'),
('5060b238-98e4-468a-b15e-8731ce3cb951', '0090432C'),
('c858ecdf-6ecc-477f-b7ff-d9197f54139d', '009065C0'),
('e607ee8e-85a7-4885-8fcd-84f29b462655', '00909544'),
('d70d25e1-531f-43ca-81f6-a458623adab6', '0090A0DE'),
('372dd2b4-86f4-40c4-a74c-c45ef17baecb', '0090B3A8'),
('c875a47f-6193-44a2-82cf-e4091f1cc9e1', '0090C538'),
('8749aeef-e7c5-473d-bf1f-37c7f774a407', '0090D64E'),
('05490b59-29eb-4c20-8c0e-b036b944c1a0', '0094D374'),
('767986e2-30df-4c66-818f-b24bbb19cd9c', '0093C236'),
('5d271c24-b935-42eb-9ef4-91e240046567', '00945560'),
('45a87c19-99a8-471c-a2f6-44566c74fe4a', '009088E0'),
('bd1ae06b-0a11-4ac0-b6bf-a25108a391c9', '0090E3D4'),
('06f7be23-892c-4d85-bb0e-380c7cd2f5ee', '51650060'),
('b644191f-fae4-4fc6-bc25-c11a3ccddb98', '516A1584'),
('ea6b6042-d84f-45b0-83bb-c9ca301ef48c', '009111AA'),
('7ac2627b-d64a-48f7-9601-9bf64fa78c32', '0090F0A2'),
('adf988eb-5036-4ed9-b5c8-375a77578e9c', '17895272'),
('5a818596-ac87-4323-8e1c-e6687022b0cd', 'DE51B060'),
('8c0d621a-f160-48be-8bbe-007438b734c6', '178C6028'),
('79f7957e-ade6-4348-80e7-7e2575b3b8b3', '179233A2'),
('40269a24-5601-4d20-a444-eaece3d45845', '514C213E'),
('3da82548-7e54-4f50-b691-d131e4e42a2d', '514C14A4'),
('e200c0a6-ba60-4a7b-ab5a-c2ff24ca8517', '5141312E'),
('e72a20bd-f2b2-4ed3-8633-30361f4fa6f8', '5157367E'),
('b277f816-c2da-42ed-8092-0cb5b025fdb7', 'D106C72A'),
('357bdd8d-9a35-4b75-b6ef-7773254ebbfe', '168226E8'),
('a1def40e-5f1a-4f1d-9d1e-d67846f50964', '5145771E'),
('16a35038-13e1-442e-a31b-492f9369dcd2', '5151853E'),
('64bfedfc-95ac-4cb0-b29d-ab215567bde3', '51651316'),
('bef56d58-05a9-456f-8bda-e15260bff578', '5165268C'),
('c97cf059-c1c4-4744-ad7b-b0c59ac338fc', '516576F0'),
('589a8c28-344f-4b78-b556-8ba40b7778a3', '3237015E'),
('1fad3ca9-194e-4ea6-98c1-92d50a4f8807', '009035BC'),
('41c2a655-c3ac-43fb-867a-42aec0095f82', '3291212A');

--INSERT INSTRUMENT_TELEMETRY--COUNT:159
INSERT INTO public.instrument_telemetry (instrument_id, telemetry_type_id, telemetry_id) 
VALUES
('033116f2-46f9-4e90-b0b0-3b8beada63eb', '10a32652-af43-4451-bd52-4980c5690cc9', '96f5fa31-57a4-4894-8ead-15951de4a7eb'),
('9407ee00-4c79-4c51-90fa-a4d24a63632f', '10a32652-af43-4451-bd52-4980c5690cc9', 'f54c4ee1-666e-4993-84ff-fde33af6b4a3'),
('c69dec30-1744-4c38-aa21-4af2e3662dda', '10a32652-af43-4451-bd52-4980c5690cc9', '544845e1-4d0a-41c1-a326-5d384139d298'),
('97b57cbe-e409-4b29-a2a5-ef6eb73ccc1c', '10a32652-af43-4451-bd52-4980c5690cc9', '4b05a180-7352-4abe-bf5e-f88d65d65082'),
('32a14f67-9146-4477-abf5-0a3b7311fda8', '10a32652-af43-4451-bd52-4980c5690cc9', 'b83886e1-caa4-44f5-b6eb-9e76c083db67'),
('6dec1bf1-4779-4150-91aa-8f37094c392d', '10a32652-af43-4451-bd52-4980c5690cc9', '56a4bcb5-ac68-4c26-bec0-bece92f6813a'),
('5f71beec-2011-4016-9bd1-1ff0ef8f0969', '10a32652-af43-4451-bd52-4980c5690cc9', 'a5a6b321-f0b9-4608-b8fb-076f45239548'),
('6c3b2080-14c5-48fc-abe4-45e9de48dd8a', '10a32652-af43-4451-bd52-4980c5690cc9', '6c3deaac-3b78-43e9-8e0a-e79e34bb8120'),
('9dcc10ce-3005-4447-9381-c7bbdcb0d061', '10a32652-af43-4451-bd52-4980c5690cc9', '9c02354a-6b4c-43b3-b7df-61f902d21a37'),
('9b883e8a-dce0-4ec1-9b09-9fb613d3adb7', '10a32652-af43-4451-bd52-4980c5690cc9', '4bc85cd5-5d82-489b-8bbc-a9d6c13f08b7'),
('e25a685a-7e8a-4b1e-a6ae-862e36c09813', '10a32652-af43-4451-bd52-4980c5690cc9', 'c1be4f08-3da5-4143-9b78-bd85e9605a53'),
('bae64cb4-c361-4550-b087-70e2a99544b9', '10a32652-af43-4451-bd52-4980c5690cc9', '4004e71a-9d54-4d65-bfa3-f870b76fffef'),
('47508269-eda9-4cfa-8cf8-280446e0a134', '10a32652-af43-4451-bd52-4980c5690cc9', '66a0e8db-a455-4339-95d5-57c1b551dcc7'),
('915cd852-8f1a-43c3-ac0c-c540b2a9dcbd', '10a32652-af43-4451-bd52-4980c5690cc9', 'd45888f0-7a32-45a5-858c-99b597a539dc'),
('47ffe9f9-2d03-407b-ac13-cfa284611734', '10a32652-af43-4451-bd52-4980c5690cc9', '3cdddf9b-3635-4b33-ad66-7204c8fc96c3'),
('03fded95-f4a2-4a51-b11b-94513eea290e', '10a32652-af43-4451-bd52-4980c5690cc9', 'bdcd5d8a-77a2-4bf0-80e5-e64ee8264b11'),
('8952475a-263c-48b2-95f1-e92af9c514c7', '10a32652-af43-4451-bd52-4980c5690cc9', 'f6a05506-bc6e-42f6-8cf4-be27e77dff62'),
('13ebf361-835f-4fe9-9821-7fe88f320a3c', '10a32652-af43-4451-bd52-4980c5690cc9', '103c1ac0-359d-412d-ab1f-bb782291234d'),
('24eb8d2a-9a8c-4ccb-b005-ef59c047c8a2', '10a32652-af43-4451-bd52-4980c5690cc9', 'c9563a0e-24c5-4beb-b37a-34134337416a'),
('47b07bdf-d4df-4d7f-8dfb-770869332487', '10a32652-af43-4451-bd52-4980c5690cc9', '314494f7-3299-4bd3-988b-ede80f1d21af'),
('bb55d1e0-ab65-4f34-9ce2-caf1063f80ca', '10a32652-af43-4451-bd52-4980c5690cc9', 'd806f060-5ffb-41c4-a911-308534b6d3e2'),
('7f75909f-5d17-4b09-8582-93da51af67dd', '10a32652-af43-4451-bd52-4980c5690cc9', '8356d34e-13ae-4830-8779-8520c76c3796'),
('d2a50624-5778-4e8a-b7ff-8dac4c8cceba', '10a32652-af43-4451-bd52-4980c5690cc9', '28bfd3e4-db60-4d33-8da1-4f24e1727cd5'),
('d3900c0a-8429-44c0-be7f-c4e7c844817e', '10a32652-af43-4451-bd52-4980c5690cc9', '4c0d258e-b3f4-442f-a47b-2c89b0401046'),
('c068cbb8-5e77-4376-b3c1-65e1b77a29da', '10a32652-af43-4451-bd52-4980c5690cc9', '89b4727d-5feb-4239-adac-b8023be01456'),
('03094ff4-7549-42cb-b357-9b1d992c190d', '10a32652-af43-4451-bd52-4980c5690cc9', '87dc6b22-ad9f-4305-adda-8c8524e75a85'),
('1d66b04f-643a-4381-ac12-b5c3ac9ec85e', '10a32652-af43-4451-bd52-4980c5690cc9', '4a114cf1-5296-477a-978f-552a1c945ea0'),
('cee51269-8dd2-4df7-bdbe-6d3ddb91b2d4', '10a32652-af43-4451-bd52-4980c5690cc9', '26348ba3-1303-487b-b79c-8bf8d7fc9007'),
('1d54a9d6-0393-4f89-9530-01b5c8802b04', '10a32652-af43-4451-bd52-4980c5690cc9', 'c2f1a236-baa5-472a-82e9-50f3274d849a'),
('343eb98c-fda8-4f55-8214-e52c1f077499', '10a32652-af43-4451-bd52-4980c5690cc9', '2a9b1cbd-a5f9-4ff8-bdbd-e9decbcc1cf8'),
('8dc9f91b-13e0-4151-93d4-9a74907e8091', '10a32652-af43-4451-bd52-4980c5690cc9', '13b36584-ac5f-4e3e-9f7f-8c5aa4100638'),
('3c652fef-33c7-4b35-b909-724272438cc7', '10a32652-af43-4451-bd52-4980c5690cc9', 'b6299a7c-1d53-4faa-b420-46aef31d8e0b'),
('2c2b9dcb-6df5-4b3f-bafb-fd7c9e0f101d', '10a32652-af43-4451-bd52-4980c5690cc9', '54ce70e3-84ce-4bf3-8f26-cd4f3d33c198'),
('679ff3b3-c0ca-4ded-85b9-ed518e26fdf2', '10a32652-af43-4451-bd52-4980c5690cc9', '79bb4e4d-813b-4142-96cd-4968dda7dfb5'),
('722c37d3-4aca-4be9-99bc-562bfa67d98b', '10a32652-af43-4451-bd52-4980c5690cc9', '2fe5c7f1-a413-4a9c-8685-8f4c8e2a538c'),
('5f157a3d-e609-48ef-b1cc-6dc0e8c5b01e', '10a32652-af43-4451-bd52-4980c5690cc9', 'b3c164b2-ef0e-4e30-9a23-63b82fc4e562'),
('bf0aaebc-0f49-4fdc-afa3-b040f5d96838', '10a32652-af43-4451-bd52-4980c5690cc9', '522bbd2f-61cf-49b8-9fd1-8c0356a6f920'),
('7c842908-b99b-42ca-9fe8-848842e296b8', '10a32652-af43-4451-bd52-4980c5690cc9', '26ca016e-b883-4fdc-87bd-a5054ba0deca'),
('5bbe8bb1-7b40-4974-8acf-6c2369eff762', '10a32652-af43-4451-bd52-4980c5690cc9', '09a7f5a9-80a4-4e76-a781-c98983ab09bd'),
('239d04b0-f430-4306-92e8-35970eb6c04b', '10a32652-af43-4451-bd52-4980c5690cc9', 'f227a35d-862f-4869-97bb-336c53492c03'),
('e4fdc814-1c6c-4304-94f0-028535776dfd', '10a32652-af43-4451-bd52-4980c5690cc9', '12b85f84-ee23-4970-9f30-bcf9ad7cd74f'),
('44b525aa-a63e-4626-a547-b8b6e3ddd5fc', '10a32652-af43-4451-bd52-4980c5690cc9', 'd1f2e3f7-3060-4813-9653-ef02e13946a4'),
('3ff2716b-54b0-4ace-b86a-c01335fb66f2', '10a32652-af43-4451-bd52-4980c5690cc9', '45ca6a08-e9a2-4296-8639-ae28b28f066a'),
('39f424ac-9b9d-49c0-8300-cd980b2c3ba4', '10a32652-af43-4451-bd52-4980c5690cc9', 'f29de09c-998b-46f3-8c49-8550e7e00eb3'),
('3539cb95-143e-4da8-a9ea-5b0dbaefd186', '10a32652-af43-4451-bd52-4980c5690cc9', '81a2b17f-feb5-409b-a0d4-230f36dcdbcf'),
('76034eaf-5603-4a02-9201-563ed12348c9', '10a32652-af43-4451-bd52-4980c5690cc9', '9e72b35c-75ad-457c-a50f-411cffb0156e'),
('fe6dc6b1-ecc8-47c9-a956-cb08dcfa8a62', '10a32652-af43-4451-bd52-4980c5690cc9', '40b6e1ef-18cf-4c2c-bb14-66b648a9d7b5'),
('ffae1d38-e38e-4063-88e4-7d84439870de', '10a32652-af43-4451-bd52-4980c5690cc9', 'ce007272-3a82-44f6-9357-da6409573273'),
('8ca3ac96-00e7-4bf2-bd52-1e7625cdafd3', '10a32652-af43-4451-bd52-4980c5690cc9', '1739084f-1629-4aee-a2b9-d4dab58f4145'),
('c2459f0b-ca4c-4a47-a962-3b8a27f5ba38', '10a32652-af43-4451-bd52-4980c5690cc9', '48ae538a-d202-448d-ad56-38ed8cbb4a10'),
('a9e0d235-fb6b-4dd8-9efa-7a9816de8a5a', '10a32652-af43-4451-bd52-4980c5690cc9', '5a17fa87-ad28-4b53-8fd2-5ff85bdf63e2'),
('97df2503-a5ae-4948-a4ae-955c22e81bd6', '10a32652-af43-4451-bd52-4980c5690cc9', '39db3036-83e7-4ef4-91e4-8e5d020a26e8'),
('0d3b35e4-4c6e-400f-b690-4c8e036322ef', '10a32652-af43-4451-bd52-4980c5690cc9', '47864cc1-6f2f-4351-ada3-43876ab2537c'),
('a1331fb9-da3a-4030-8f63-dcab01c406f0', '10a32652-af43-4451-bd52-4980c5690cc9', '77e78291-a13b-43bf-b2a6-b5bf05bd27ff'),
('037f6ce0-9255-4251-b874-26585cee8d5b', '10a32652-af43-4451-bd52-4980c5690cc9', '30489f36-1c68-4cbb-9954-307aa51f7b1c'),
('aab2f870-ca33-42b4-8b4c-3e402c837a65', '10a32652-af43-4451-bd52-4980c5690cc9', '0182e0c9-d45c-4f8e-9243-c6d6c5eed2ce'),
('3045fbba-5da2-4e59-96b4-a3903c654c7a', '10a32652-af43-4451-bd52-4980c5690cc9', '0eed9584-a684-404c-9a01-09a2d94c8cf1'),
('d9b5aa25-07cf-46f3-8962-3ca1110b92ab', '10a32652-af43-4451-bd52-4980c5690cc9', 'e0513ad9-c21b-4abe-b611-3695351dfdec'),
('48621e95-8ce8-4cd9-a409-3718f403500a', '10a32652-af43-4451-bd52-4980c5690cc9', 'cd3b6c40-3c5c-4e35-ada1-2f15206607e4'),
('c5341d42-db35-41e6-b55c-0547373e99e6', '10a32652-af43-4451-bd52-4980c5690cc9', '667ac7c6-c996-44de-b928-099da33aaa32'),
('500e135f-dbbc-40a6-917e-f78d7a87b813', '10a32652-af43-4451-bd52-4980c5690cc9', '675faf6c-f474-4e9c-a473-fd579d8fb4a6'),
('51f2819e-ab44-4020-88a0-27b778c4270d', '10a32652-af43-4451-bd52-4980c5690cc9', 'da0faf56-ee10-45ab-870c-dafe7c06871e'),
('e8e9ff17-a5f5-4939-a132-d89e3109e81b', '10a32652-af43-4451-bd52-4980c5690cc9', '80996b6e-0bcb-4f13-8531-cacfe912fac3'),
('cd088896-ae42-46be-ade4-37573e5a88dd', '10a32652-af43-4451-bd52-4980c5690cc9', 'c40dfa5b-07bd-446f-afa4-04515e912f74'),
('4acc0b86-4caf-4543-b457-7df03f701fb0', '10a32652-af43-4451-bd52-4980c5690cc9', '54bb8e08-9aee-4337-af7f-455bf21fcefa'),
('7a6ac411-62eb-4880-b326-0632406a8bf7', '10a32652-af43-4451-bd52-4980c5690cc9', 'ff4349f6-fced-4407-8524-ce8951dff148'),
('aee442db-51d9-45d2-8463-f67e5e602e2d', '10a32652-af43-4451-bd52-4980c5690cc9', '47f57241-6b8a-4449-9189-dc0a67c82f72'),
('03f08872-0487-4224-86e7-870e225497ed', '10a32652-af43-4451-bd52-4980c5690cc9', '90a25ef4-551e-4e80-b12c-43e5a444e80a'),
('7daa3e8b-aeff-4d2f-9745-2113d3962ae1', '10a32652-af43-4451-bd52-4980c5690cc9', '24965100-8442-4d74-af84-1bd2f1ed8d7e'),
('94c5988d-1e94-49ac-b543-94d6ae93f501', '10a32652-af43-4451-bd52-4980c5690cc9', '0b30612f-3139-4789-b81a-c60ac2e4b99b'),
('515acaee-c8dd-464f-9f58-847dde8aac4c', '10a32652-af43-4451-bd52-4980c5690cc9', 'bb333d4b-90b1-4ca9-b150-b1b62e39dd6f'),
('1a4d2870-9d66-420f-8ed4-fe08df2e29a0', '10a32652-af43-4451-bd52-4980c5690cc9', 'dfaf7389-5764-487f-9484-631a6845d7e0'),
('ec2db83b-7531-4e58-a4a9-0e2ba273c380', '10a32652-af43-4451-bd52-4980c5690cc9', 'c4a95e84-5aff-475b-a18d-70a9bddab1fc'),
('d52fc94f-c766-483e-ab2f-1c86b1453fc2', '10a32652-af43-4451-bd52-4980c5690cc9', '6cc08974-3e56-4a7f-8561-315bf525a2f1'),
('8f8e3473-5417-4844-991d-eb87881b844f', '10a32652-af43-4451-bd52-4980c5690cc9', '1754f9a5-251f-430c-9063-7f3c015fbf45'),
('ac751e57-591d-4f0f-87cd-0b245ea7a149', '10a32652-af43-4451-bd52-4980c5690cc9', '058eb69c-ebdd-439a-b33c-612201a6bca7'),
('4a9b44bf-798d-419a-b04d-17a473866f5e', '10a32652-af43-4451-bd52-4980c5690cc9', 'fc6e86c1-19e6-4816-85cf-286263952281'),
('afb04644-c805-4a0e-98a5-b14d241e8a73', '10a32652-af43-4451-bd52-4980c5690cc9', '2564b7c1-0713-4c87-9f06-3800417a92c6'),
('74a67046-5da7-4a3b-8c49-fbdf0c9437ae', '10a32652-af43-4451-bd52-4980c5690cc9', '11ff95e4-3b03-46a6-b508-159496b71391'),
('d2513d03-e0e0-4adb-b478-9ab9d1ea0153', '10a32652-af43-4451-bd52-4980c5690cc9', '755c68a8-da80-4918-9aa9-e7c8bf79d811'),
('43faa6f9-cb1e-42d5-be48-ab41c0f74cfe', '10a32652-af43-4451-bd52-4980c5690cc9', '4ffa26a2-4cc1-4900-8ffd-061ac3b2d03e'),
('a9594270-fe84-4c49-b870-0487f848a6d3', '10a32652-af43-4451-bd52-4980c5690cc9', 'e9d04cce-1e03-44b7-be5d-91f8abd62c21'),
('ac474eae-cb43-4611-9f33-859dce110f83', '10a32652-af43-4451-bd52-4980c5690cc9', 'be0655bc-e7f9-4a79-9c26-e276318d6be7'),
('867bb882-4df5-4607-a27e-1e826e532dfd', '10a32652-af43-4451-bd52-4980c5690cc9', '4106d4b1-eeda-440c-a4c4-3f7fe8860063'),
('1dc56af3-1c69-4e6c-bea8-0642cee0702c', '10a32652-af43-4451-bd52-4980c5690cc9', '97df9bb6-d14b-4866-9540-2a0edd2f2c3e'),
('17af7c01-e513-4611-8e21-c143489db3cc', '10a32652-af43-4451-bd52-4980c5690cc9', 'dd18758e-506d-46e9-b523-3a6680ae1f48'),
('96a764bd-af38-46a2-af43-feb8202f59fb', '10a32652-af43-4451-bd52-4980c5690cc9', '3a237939-9dd9-4ffc-bbb2-d59a61c655ec'),
('18e3331b-a6d5-431a-b782-291d462d8161', '10a32652-af43-4451-bd52-4980c5690cc9', '4e8f8015-d68c-48b0-9f38-e9334f708115'),
('229c7a73-3bc7-4e30-8ad8-d001218c5c3f', '10a32652-af43-4451-bd52-4980c5690cc9', '885610a3-9696-4e55-994e-5842c0d71f7e'),
('7b38d10c-b05a-4ce5-853c-9f06ea305ebd', '10a32652-af43-4451-bd52-4980c5690cc9', '92a4ee39-425f-49d0-9cf9-5e806ae983f1'),
('45a828bc-94b9-47f1-a7b3-4c8426be71d8', '10a32652-af43-4451-bd52-4980c5690cc9', 'fcc52857-126f-4744-9508-4b3323d45e23'),
('380c9388-8bd6-44e5-a9eb-ff421261b536', '10a32652-af43-4451-bd52-4980c5690cc9', '769a17fc-92ca-458f-b563-ea082444f880'),
('b407b5c6-59a0-4842-a04b-350245bd20bb', '10a32652-af43-4451-bd52-4980c5690cc9', 'b5875e5d-e746-4a2e-8813-cb2ed96f613f'),
('4b0e2210-1e02-4813-bdd9-20ca8013f6e5', '10a32652-af43-4451-bd52-4980c5690cc9', 'c71e186d-aecc-40cb-8d86-bbc9bb64194d'),
('89c63920-5c97-4ce3-97e5-baf1ff41ccf8', '10a32652-af43-4451-bd52-4980c5690cc9', '68e8edc5-e43c-4d58-96ec-6f20d91ca5fd'),
('ffcef79c-0cdb-415b-880c-16b8fc36590b', '10a32652-af43-4451-bd52-4980c5690cc9', '7b0e4dc8-dc2c-43ab-8b43-e06814b28bc7'),
('50d1f853-289f-4d77-8d5f-6593b9418382', '10a32652-af43-4451-bd52-4980c5690cc9', '8ad83a71-aaed-4ec7-8e7b-f57b94e4e96c'),
('e97fcdd0-5d01-483b-a659-1d5f4ce7336c', '10a32652-af43-4451-bd52-4980c5690cc9', '8e933346-880d-4bb0-bd31-dbe2ad4ea9e7'),
('5083b7ff-b4bb-414b-a253-a3373a337ffc', '10a32652-af43-4451-bd52-4980c5690cc9', 'dff964b1-281a-4781-a797-0f44692880c4'),
('a06b195f-41e8-4bfc-bcde-68bd3baa3c3a', '10a32652-af43-4451-bd52-4980c5690cc9', '90ba306b-38c6-418f-ba73-4db94ee11d0e'),
('879edf69-c5b5-488a-b0b0-47330185b0db', '10a32652-af43-4451-bd52-4980c5690cc9', '144530b8-eba4-45b3-99ed-a132608429b1'),
('f22e0e53-e013-46c8-ae48-21921291d196', '10a32652-af43-4451-bd52-4980c5690cc9', 'a9f1da4b-7ce0-4793-9a83-84456d189859'),
('7854d3cb-abaa-413f-a1c7-17e310eb1810', '10a32652-af43-4451-bd52-4980c5690cc9', 'bb75f7fd-4bd2-4798-8a56-bd90db28133b'),
('b8321e23-8a20-40e9-a798-856b31f4d6cc', '10a32652-af43-4451-bd52-4980c5690cc9', '5fd3d017-d762-4c28-b272-812d48eb2352'),
('e84b419b-a934-4fe7-9bbe-d7165db56a29', '10a32652-af43-4451-bd52-4980c5690cc9', '0332b0a0-faa9-4970-b471-665c768ce3fb'),
('8fc80680-6174-4183-b045-ba8ea7052ca8', '10a32652-af43-4451-bd52-4980c5690cc9', '72aa943b-bab7-466b-98f0-8abc2cd416b3'),
('cab6167f-3ef4-456f-adbe-257d44431caf', '10a32652-af43-4451-bd52-4980c5690cc9', '9a3d5493-7a71-4911-aec9-6dc8d5103c94'),
('594cdbdc-e71a-4245-ae02-8425b49a71e4', '10a32652-af43-4451-bd52-4980c5690cc9', '72777600-dadf-4ffd-a4e0-99acf02551e1'),
('21b2a17e-0ec6-456d-8cd6-a0435db5ce90', '10a32652-af43-4451-bd52-4980c5690cc9', 'bd2b423b-73fe-4c87-9223-912192310c00'),
('71364d14-fa9d-431a-a52f-eee897779a4b', '10a32652-af43-4451-bd52-4980c5690cc9', '5ded490e-d75f-4f78-bfbe-098a707ede18'),
('e54652f0-1d32-4247-b16b-692bf1c4ab34', '10a32652-af43-4451-bd52-4980c5690cc9', '580ec4f5-0aaf-4699-b656-1010de700e41'),
('523cd63f-7a09-4a74-b344-3dfe8ad092ea', '10a32652-af43-4451-bd52-4980c5690cc9', 'c5b218c3-ffe7-418b-b3b7-72901a851558'),
('fb4eb5b3-1d1e-4364-9c33-6e9b3a006871', '10a32652-af43-4451-bd52-4980c5690cc9', '5f1f432f-de41-4d27-ba27-d6f96f14d206'),
('dc654200-97b8-435b-b153-3f51c188ecd5', '10a32652-af43-4451-bd52-4980c5690cc9', 'ec2f9342-6810-420c-965f-7b0edb907d62'),
('3245510c-2a7d-4fe1-82f2-d2b264c99b74', '10a32652-af43-4451-bd52-4980c5690cc9', '3b2e29ab-aa8b-4e47-aeeb-1ebd8fe00d13'),
('7b3e6470-50a7-4913-8b3a-288cb0eb4927', '10a32652-af43-4451-bd52-4980c5690cc9', '479afe17-fb04-4e85-9487-1d883c621542'),
('6a50046f-75fe-4796-ac5e-90fee0fd9f37', '10a32652-af43-4451-bd52-4980c5690cc9', 'd13bfc4a-e7ba-481f-a2d0-085151dac961'),
('d6e36bd2-065c-4290-bf6e-3fad29e861b6', '10a32652-af43-4451-bd52-4980c5690cc9', 'f6f5a33c-4535-4e40-9816-424f5d98d6ef'),
('bd625259-34ff-45be-9664-777eb90485e6', '10a32652-af43-4451-bd52-4980c5690cc9', '057853b6-c604-4d73-b78a-6119e4803405'),
('db39b03c-bc65-4d66-8d4b-5c5e3894136b', '10a32652-af43-4451-bd52-4980c5690cc9', '613cce0e-1ee0-482e-86a9-bbc59f292c17'),
('cf35daf8-b53e-4f51-b12c-61c2f30a6e14', '10a32652-af43-4451-bd52-4980c5690cc9', '8833f5a6-3bdb-4043-8c1a-2e508c1f88c7'),
('8e4a1f6f-14bd-490e-bad9-9c1a528f3d04', '10a32652-af43-4451-bd52-4980c5690cc9', '0902fd34-8788-474e-b739-3d8b6a38db11'),
('44c1e611-8c32-4494-9a44-e58563283721', '10a32652-af43-4451-bd52-4980c5690cc9', '196b1f3e-6826-480d-8db0-3bf6e924c9c1'),
('dd4ce057-ad11-4de7-83b4-34006efa1748', '10a32652-af43-4451-bd52-4980c5690cc9', 'a793350b-de32-42f5-a723-5aa1a75c60bf'),
('2c5af532-40ad-4ed5-835f-517364cd3c26', '10a32652-af43-4451-bd52-4980c5690cc9', 'a513472e-19b8-4eec-aec0-7f80972fa2a7'),
('48ec40cb-4ae9-4a58-bc7b-b5f880694415', '10a32652-af43-4451-bd52-4980c5690cc9', '5060b238-98e4-468a-b15e-8731ce3cb951'),
('2b3170ae-4295-478f-bd93-19911460ee2b', '10a32652-af43-4451-bd52-4980c5690cc9', 'c858ecdf-6ecc-477f-b7ff-d9197f54139d'),
('624a1967-bb9a-4c77-ac69-ee45fde6cc03', '10a32652-af43-4451-bd52-4980c5690cc9', 'e607ee8e-85a7-4885-8fcd-84f29b462655'),
('56142c71-ab95-4abf-afcb-6dead26124a3', '10a32652-af43-4451-bd52-4980c5690cc9', 'd70d25e1-531f-43ca-81f6-a458623adab6'),
('6600e65d-953f-46e0-b607-220b895c9464', '10a32652-af43-4451-bd52-4980c5690cc9', '372dd2b4-86f4-40c4-a74c-c45ef17baecb'),
('e27eb234-6c85-4bd1-9b26-0d81b25aa815', '10a32652-af43-4451-bd52-4980c5690cc9', 'c875a47f-6193-44a2-82cf-e4091f1cc9e1'),
('0691a484-5148-4f24-a593-2996a98c2579', '10a32652-af43-4451-bd52-4980c5690cc9', '8749aeef-e7c5-473d-bf1f-37c7f774a407'),
('c7e86fb5-dc50-4bf2-804e-3fe4187e9b96', '10a32652-af43-4451-bd52-4980c5690cc9', '05490b59-29eb-4c20-8c0e-b036b944c1a0'),
('827b5078-6ff1-4966-a62b-4aeda33141cb', '10a32652-af43-4451-bd52-4980c5690cc9', '767986e2-30df-4c66-818f-b24bbb19cd9c'),
('aa313d28-3b3b-46f7-aa68-ce3d4133349d', '10a32652-af43-4451-bd52-4980c5690cc9', '5d271c24-b935-42eb-9ef4-91e240046567'),
('3e803787-ff1e-4cdf-ad80-05a2d08b7780', '10a32652-af43-4451-bd52-4980c5690cc9', '45a87c19-99a8-471c-a2f6-44566c74fe4a'),
('7d12003d-6795-4791-8f03-472e024a221a', '10a32652-af43-4451-bd52-4980c5690cc9', 'bd1ae06b-0a11-4ac0-b6bf-a25108a391c9'),
('78f79c3b-3e82-4afa-b559-580310559b2c', '10a32652-af43-4451-bd52-4980c5690cc9', '06f7be23-892c-4d85-bb0e-380c7cd2f5ee'),
('0eb0c4a7-7367-4c65-8536-0f1bc9a1ce3e', '10a32652-af43-4451-bd52-4980c5690cc9', 'b644191f-fae4-4fc6-bc25-c11a3ccddb98'),
('cd4d17b2-e82a-4e61-acfd-cdb802f6b630', '10a32652-af43-4451-bd52-4980c5690cc9', 'ea6b6042-d84f-45b0-83bb-c9ca301ef48c'),
('7469c3ea-59aa-4e3a-b042-ee941f9d336e', '10a32652-af43-4451-bd52-4980c5690cc9', '7ac2627b-d64a-48f7-9601-9bf64fa78c32'),
('297b5296-eb60-48b0-a331-27a1906a03a2', '10a32652-af43-4451-bd52-4980c5690cc9', 'adf988eb-5036-4ed9-b5c8-375a77578e9c'),
('7f6dc2f9-6539-46d8-b229-29bcfb9560f4', '10a32652-af43-4451-bd52-4980c5690cc9', '5a818596-ac87-4323-8e1c-e6687022b0cd'),
('fe7fb9cb-20e7-433a-924e-276f66040b48', '10a32652-af43-4451-bd52-4980c5690cc9', '8c0d621a-f160-48be-8bbe-007438b734c6'),
('e7e9fa45-385b-4b91-91e2-fd29f6644c91', '10a32652-af43-4451-bd52-4980c5690cc9', '79f7957e-ade6-4348-80e7-7e2575b3b8b3'),
('d49933f7-5b04-454c-a3ae-17533d3421fc', '10a32652-af43-4451-bd52-4980c5690cc9', '40269a24-5601-4d20-a444-eaece3d45845'),
('e2a7e288-f7e7-4f3b-8fdf-08e2e4664625', '10a32652-af43-4451-bd52-4980c5690cc9', '3da82548-7e54-4f50-b691-d131e4e42a2d'),
('7f42bd21-236c-415b-af0d-e74899c57178', '10a32652-af43-4451-bd52-4980c5690cc9', 'e200c0a6-ba60-4a7b-ab5a-c2ff24ca8517'),
('d1744034-b41a-4c7b-9322-99e431a98143', '10a32652-af43-4451-bd52-4980c5690cc9', 'e72a20bd-f2b2-4ed3-8633-30361f4fa6f8'),
('7a8bd512-5a7e-4661-933e-936414be7c11', '10a32652-af43-4451-bd52-4980c5690cc9', 'b277f816-c2da-42ed-8092-0cb5b025fdb7'),
('1320d031-d405-4ca3-837b-436b57226100', '10a32652-af43-4451-bd52-4980c5690cc9', '357bdd8d-9a35-4b75-b6ef-7773254ebbfe'),
('cf5304ac-2ce7-465c-8726-a6ca5204c10d', '10a32652-af43-4451-bd52-4980c5690cc9', 'a1def40e-5f1a-4f1d-9d1e-d67846f50964'),
('5920e4a7-0e44-413a-bfcd-e024fb8d81a5', '10a32652-af43-4451-bd52-4980c5690cc9', '16a35038-13e1-442e-a31b-492f9369dcd2'),
('33398d2b-74c8-494c-b7a1-d8807a7472c9', '10a32652-af43-4451-bd52-4980c5690cc9', '64bfedfc-95ac-4cb0-b29d-ab215567bde3'),
('02e5faa1-1196-4429-a4f9-5ac3796c4faa', '10a32652-af43-4451-bd52-4980c5690cc9', 'bef56d58-05a9-456f-8bda-e15260bff578'),
('3f2413ea-315b-4c9f-88d2-2faf20c1bb64', '10a32652-af43-4451-bd52-4980c5690cc9', 'c97cf059-c1c4-4744-ad7b-b0c59ac338fc'),
('5573917c-dbff-407f-a50b-b766f68ed8ee', '10a32652-af43-4451-bd52-4980c5690cc9', '589a8c28-344f-4b78-b556-8ba40b7778a3'),
('33566a82-03bc-437b-b554-bf468ccd969f', '10a32652-af43-4451-bd52-4980c5690cc9', '1fad3ca9-194e-4ea6-98c1-92d50a4f8807'),
('a0769ae7-2954-4793-874e-ab5b28212013', '10a32652-af43-4451-bd52-4980c5690cc9', '41c2a655-c3ac-43fb-867a-42aec0095f82');

--INSERT TIMESERIES--COUNT:159
INSERT INTO public.timeseries(id, slug, name, instrument_id, parameter_id, unit_id) 
VALUES
('ba51f16a-4d47-4664-8224-270982be8910','stage','Stage','033116f2-46f9-4e90-b0b0-3b8beada63eb', 'b49f214e-f69f-43da-9ce3-ad96042268d0', 'f777f2e2-5e32-424e-a1ca-19d16cd8abce'),
('f933c83e-7d3b-4efa-a332-6a943e497175','water-temperature','Water-Temperature','033116f2-46f9-4e90-b0b0-3b8beada63eb', 'de6112da-8489-4286-ae56-ec72aa09974d', '2d379b61-fef6-4531-9e58-cace51909e44'),
('6083b0fc-b1e6-4e74-957f-eb0c5cf4e365','conductivity','Conductivity','033116f2-46f9-4e90-b0b0-3b8beada63eb', '377ecec0-f785-46ab-b0e2-5fd8c682dfea', '64b913ae-90a9-45a9-96bc-6ef317e30c1a'),
('5ecdd0b0-870a-43ea-bd75-4d7302272c41','ph','ph','033116f2-46f9-4e90-b0b0-3b8beada63eb', '5d0b2c85-6a4c-4d82-aed3-193b066349f1', '5939c8bb-f924-45f0-9ec9-5673ae7f862c'),
('e9df4da7-154f-4fac-8f9d-ac13c2c323fe','dissolved-oxygen','Dissolved-Oxygen','033116f2-46f9-4e90-b0b0-3b8beada63eb', '98007857-d027-4524-9a63-d07ae93e5fa2', '67d75ccd-6bf7-4086-a970-5ed65a5c30f3'),
('d3c97d98-743b-4c51-96ab-d1a3b7674f14','precipitation','Precipitation','033116f2-46f9-4e90-b0b0-3b8beada63eb', '0ce77a5a-8283-47cd-9126-c440bcec4ef6', '4ee79a3d-a053-41b8-85b5-bb2eea3c9d1a'),
('738eac52-1335-4284-817e-8e22459cd49a','precipitation','Precipitation','9407ee00-4c79-4c51-90fa-a4d24a63632f', '0ce77a5a-8283-47cd-9126-c440bcec4ef6', '4ee79a3d-a053-41b8-85b5-bb2eea3c9d1a'),
('bcef380c-f908-49ea-993b-5f1038b2e0a6','stage','Stage','c69dec30-1744-4c38-aa21-4af2e3662dda', 'b49f214e-f69f-43da-9ce3-ad96042268d0', 'f777f2e2-5e32-424e-a1ca-19d16cd8abce'),
('c31b4358-2a45-4a42-a557-c2c8228d3362','precipitation','Precipitation','97b57cbe-e409-4b29-a2a5-ef6eb73ccc1c', '0ce77a5a-8283-47cd-9126-c440bcec4ef6', '4ee79a3d-a053-41b8-85b5-bb2eea3c9d1a'),
('e70e1bfb-346f-4f19-ac44-2d182a54fd11','air-temperature','Air-Temperature','97b57cbe-e409-4b29-a2a5-ef6eb73ccc1c', 'b4ea8385-48a3-4e95-82fb-d102dfcbcb54', '10e05b5c-7e96-434b-9182-a547333e1c52'),
('f525cfcd-28ab-4389-b7bd-d9f5413a6697','precipitation','Precipitation','32a14f67-9146-4477-abf5-0a3b7311fda8', '0ce77a5a-8283-47cd-9126-c440bcec4ef6', '4ee79a3d-a053-41b8-85b5-bb2eea3c9d1a'),
('0094d062-188d-422f-999f-ce2376561c5c','air-temperature','Air-Temperature','32a14f67-9146-4477-abf5-0a3b7311fda8', 'b4ea8385-48a3-4e95-82fb-d102dfcbcb54', '10e05b5c-7e96-434b-9182-a547333e1c52'),
('22455c6e-6288-461b-990e-c69a156c7f6f','precipitation','Precipitation','6dec1bf1-4779-4150-91aa-8f37094c392d', '0ce77a5a-8283-47cd-9126-c440bcec4ef6', '4ee79a3d-a053-41b8-85b5-bb2eea3c9d1a'),
('5244efe3-3d25-49f6-8068-3febcfe471e8','air-temperature','Air-Temperature','6dec1bf1-4779-4150-91aa-8f37094c392d', 'b4ea8385-48a3-4e95-82fb-d102dfcbcb54', '10e05b5c-7e96-434b-9182-a547333e1c52'),
('e42a8154-fa2f-42c1-ae30-8a2f84deebc6','precipitation','Precipitation','5f71beec-2011-4016-9bd1-1ff0ef8f0969', '0ce77a5a-8283-47cd-9126-c440bcec4ef6', '4ee79a3d-a053-41b8-85b5-bb2eea3c9d1a'),
('4299c894-7000-4856-9ad9-01e808ac1e40','air-temperature','Air-Temperature','5f71beec-2011-4016-9bd1-1ff0ef8f0969', 'b4ea8385-48a3-4e95-82fb-d102dfcbcb54', '10e05b5c-7e96-434b-9182-a547333e1c52'),
('3b37bf0b-cae7-4e54-8bf7-f7d2ee50da17','precipitation','Precipitation','6c3b2080-14c5-48fc-abe4-45e9de48dd8a', '0ce77a5a-8283-47cd-9126-c440bcec4ef6', '4ee79a3d-a053-41b8-85b5-bb2eea3c9d1a'),
('b53c12c8-4623-4f4a-b279-a0f4c8059ad4','air-temperature','Air-Temperature','6c3b2080-14c5-48fc-abe4-45e9de48dd8a', 'b4ea8385-48a3-4e95-82fb-d102dfcbcb54', '10e05b5c-7e96-434b-9182-a547333e1c52'),
('c8f33512-4d3a-43ec-8dac-2f5d6c7a79c7','precipitation','Precipitation','9dcc10ce-3005-4447-9381-c7bbdcb0d061', '0ce77a5a-8283-47cd-9126-c440bcec4ef6', '4ee79a3d-a053-41b8-85b5-bb2eea3c9d1a'),
('80c31b3c-0fbc-41f1-ba5e-dbb382eccb46','air-temperature','Air-Temperature','9dcc10ce-3005-4447-9381-c7bbdcb0d061', 'b4ea8385-48a3-4e95-82fb-d102dfcbcb54', '10e05b5c-7e96-434b-9182-a547333e1c52'),
('6fad2173-2fc1-41c9-b75d-72949ed0e139','precipitation','Precipitation','9b883e8a-dce0-4ec1-9b09-9fb613d3adb7', '0ce77a5a-8283-47cd-9126-c440bcec4ef6', '4ee79a3d-a053-41b8-85b5-bb2eea3c9d1a'),
('18017965-4322-4512-9e2b-b94ca5bc8de0','air-temperature','Air-Temperature','9b883e8a-dce0-4ec1-9b09-9fb613d3adb7', 'b4ea8385-48a3-4e95-82fb-d102dfcbcb54', '10e05b5c-7e96-434b-9182-a547333e1c52'),
('7af19cd9-9b7d-489b-9057-9efd204e2290','precipitation','Precipitation','e25a685a-7e8a-4b1e-a6ae-862e36c09813', '0ce77a5a-8283-47cd-9126-c440bcec4ef6', '4ee79a3d-a053-41b8-85b5-bb2eea3c9d1a'),
('a724a670-85e1-4720-a0b9-3a0d81e2e731','air-temperature','Air-Temperature','e25a685a-7e8a-4b1e-a6ae-862e36c09813', 'b4ea8385-48a3-4e95-82fb-d102dfcbcb54', '10e05b5c-7e96-434b-9182-a547333e1c52'),
('89d768f7-4762-4a54-8081-0e47a4733b0c','precipitation','Precipitation','bae64cb4-c361-4550-b087-70e2a99544b9', '0ce77a5a-8283-47cd-9126-c440bcec4ef6', '4ee79a3d-a053-41b8-85b5-bb2eea3c9d1a'),
('467732c3-3be4-408b-9576-fdfdbf16ff23','air-temperature','Air-Temperature','bae64cb4-c361-4550-b087-70e2a99544b9', 'b4ea8385-48a3-4e95-82fb-d102dfcbcb54', '10e05b5c-7e96-434b-9182-a547333e1c52'),
('543a6156-e50d-436b-baa6-e98f945871f7','precipitation','Precipitation','47508269-eda9-4cfa-8cf8-280446e0a134', '0ce77a5a-8283-47cd-9126-c440bcec4ef6', '4ee79a3d-a053-41b8-85b5-bb2eea3c9d1a'),
('329ba762-52fb-4196-960d-4b841471e5e0','air-temperature','Air-Temperature','47508269-eda9-4cfa-8cf8-280446e0a134', 'b4ea8385-48a3-4e95-82fb-d102dfcbcb54', '10e05b5c-7e96-434b-9182-a547333e1c52'),
('a2591531-b054-4c23-860b-f4ea83c2a680','precipitation','Precipitation','915cd852-8f1a-43c3-ac0c-c540b2a9dcbd', '0ce77a5a-8283-47cd-9126-c440bcec4ef6', '4ee79a3d-a053-41b8-85b5-bb2eea3c9d1a'),
('8cb51356-5e5e-4838-93d8-0437f66397e2','air-temperature','Air-Temperature','915cd852-8f1a-43c3-ac0c-c540b2a9dcbd', 'b4ea8385-48a3-4e95-82fb-d102dfcbcb54', '10e05b5c-7e96-434b-9182-a547333e1c52'),
('f924aead-fe3a-4ce9-bc2c-3707bd1d8ef4','precipitation','Precipitation','47ffe9f9-2d03-407b-ac13-cfa284611734', '0ce77a5a-8283-47cd-9126-c440bcec4ef6', '4ee79a3d-a053-41b8-85b5-bb2eea3c9d1a'),
('e4e61656-575c-46de-a326-57495df2b1cd','air-temperature','Air-Temperature','47ffe9f9-2d03-407b-ac13-cfa284611734', 'b4ea8385-48a3-4e95-82fb-d102dfcbcb54', '10e05b5c-7e96-434b-9182-a547333e1c52'),
('030cc107-c9c9-42be-b50c-f3f63bd74a7b','precipitation','Precipitation','03fded95-f4a2-4a51-b11b-94513eea290e', '0ce77a5a-8283-47cd-9126-c440bcec4ef6', '4ee79a3d-a053-41b8-85b5-bb2eea3c9d1a'),
('c63b7aaa-8aed-4ccb-9d7a-23ca8c0726de','air-temperature','Air-Temperature','03fded95-f4a2-4a51-b11b-94513eea290e', 'b4ea8385-48a3-4e95-82fb-d102dfcbcb54', '10e05b5c-7e96-434b-9182-a547333e1c52'),
('acd2bd03-97f1-4dd4-a4db-68419794b2c5','precipitation','Precipitation','8952475a-263c-48b2-95f1-e92af9c514c7', '0ce77a5a-8283-47cd-9126-c440bcec4ef6', '4ee79a3d-a053-41b8-85b5-bb2eea3c9d1a'),
('a0030b9d-1333-4b11-ab22-5011192477eb','air-temperature','Air-Temperature','8952475a-263c-48b2-95f1-e92af9c514c7', 'b4ea8385-48a3-4e95-82fb-d102dfcbcb54', '10e05b5c-7e96-434b-9182-a547333e1c52'),
('78bf4f52-6a4d-4a3a-b5a1-3fe6589ca21a','precipitation','Precipitation','13ebf361-835f-4fe9-9821-7fe88f320a3c', '0ce77a5a-8283-47cd-9126-c440bcec4ef6', '4ee79a3d-a053-41b8-85b5-bb2eea3c9d1a'),
('381f23ed-55da-4eef-a721-8efc7e6f9742','air-temperature','Air-Temperature','13ebf361-835f-4fe9-9821-7fe88f320a3c', 'b4ea8385-48a3-4e95-82fb-d102dfcbcb54', '10e05b5c-7e96-434b-9182-a547333e1c52'),
('6a4423ed-0edc-4a91-875e-7a97aaa95ac0','precipitation','Precipitation','24eb8d2a-9a8c-4ccb-b005-ef59c047c8a2', '0ce77a5a-8283-47cd-9126-c440bcec4ef6', '4ee79a3d-a053-41b8-85b5-bb2eea3c9d1a'),
('869934e7-35d9-40d6-9125-83c1a8e133b4','air-temperature','Air-Temperature','24eb8d2a-9a8c-4ccb-b005-ef59c047c8a2', 'b4ea8385-48a3-4e95-82fb-d102dfcbcb54', '10e05b5c-7e96-434b-9182-a547333e1c52'),
('5876bcdf-cfea-4f6e-bcd1-35105d709160','precipitation','Precipitation','47b07bdf-d4df-4d7f-8dfb-770869332487', '0ce77a5a-8283-47cd-9126-c440bcec4ef6', '4ee79a3d-a053-41b8-85b5-bb2eea3c9d1a'),
('e328582a-c1b8-474b-a0a3-123eed17748c','air-temperature','Air-Temperature','47b07bdf-d4df-4d7f-8dfb-770869332487', 'b4ea8385-48a3-4e95-82fb-d102dfcbcb54', '10e05b5c-7e96-434b-9182-a547333e1c52'),
('88e12a0d-b04c-4e68-af60-fce0ca0ea15a','precipitation','Precipitation','bb55d1e0-ab65-4f34-9ce2-caf1063f80ca', '0ce77a5a-8283-47cd-9126-c440bcec4ef6', '4ee79a3d-a053-41b8-85b5-bb2eea3c9d1a'),
('6a45ca57-f4a1-4b4f-b4e7-71596f281f0c','air-temperature','Air-Temperature','bb55d1e0-ab65-4f34-9ce2-caf1063f80ca', 'b4ea8385-48a3-4e95-82fb-d102dfcbcb54', '10e05b5c-7e96-434b-9182-a547333e1c52'),
('13d9c6ea-40c4-4a06-8ca4-cee6784f3216','precipitation','Precipitation','7f75909f-5d17-4b09-8582-93da51af67dd', '0ce77a5a-8283-47cd-9126-c440bcec4ef6', '4ee79a3d-a053-41b8-85b5-bb2eea3c9d1a'),
('fa7bddf1-0bd7-4dee-b684-2354e1cadd55','air-temperature','Air-Temperature','7f75909f-5d17-4b09-8582-93da51af67dd', 'b4ea8385-48a3-4e95-82fb-d102dfcbcb54', '10e05b5c-7e96-434b-9182-a547333e1c52'),
('70b716e3-8c5e-4bec-992a-c41b77018f8b','precipitation','Precipitation','d2a50624-5778-4e8a-b7ff-8dac4c8cceba', '0ce77a5a-8283-47cd-9126-c440bcec4ef6', '4ee79a3d-a053-41b8-85b5-bb2eea3c9d1a'),
('974f8276-9ee1-46de-aa52-436895963c53','air-temperature','Air-Temperature','d2a50624-5778-4e8a-b7ff-8dac4c8cceba', 'b4ea8385-48a3-4e95-82fb-d102dfcbcb54', '10e05b5c-7e96-434b-9182-a547333e1c52'),
('8e4a4b45-53a4-41f7-b23d-1b682a7301cb','precipitation','Precipitation','d3900c0a-8429-44c0-be7f-c4e7c844817e', '0ce77a5a-8283-47cd-9126-c440bcec4ef6', '4ee79a3d-a053-41b8-85b5-bb2eea3c9d1a'),
('e2adfecf-3588-458c-8e96-b550cf46db63','air-temperature','Air-Temperature','d3900c0a-8429-44c0-be7f-c4e7c844817e', 'b4ea8385-48a3-4e95-82fb-d102dfcbcb54', '10e05b5c-7e96-434b-9182-a547333e1c52'),
('8d915bcc-e41c-4484-abf5-835194d64787','precipitation','Precipitation','c068cbb8-5e77-4376-b3c1-65e1b77a29da', '0ce77a5a-8283-47cd-9126-c440bcec4ef6', '4ee79a3d-a053-41b8-85b5-bb2eea3c9d1a'),
('cb85e79d-b314-4102-ba6a-a1f32e672bb7','air-temperature','Air-Temperature','c068cbb8-5e77-4376-b3c1-65e1b77a29da', 'b4ea8385-48a3-4e95-82fb-d102dfcbcb54', '10e05b5c-7e96-434b-9182-a547333e1c52'),
('7ec9b0d5-9958-4aa3-8e17-40c97f2a4dc8','precipitation','Precipitation','03094ff4-7549-42cb-b357-9b1d992c190d', '0ce77a5a-8283-47cd-9126-c440bcec4ef6', '4ee79a3d-a053-41b8-85b5-bb2eea3c9d1a'),
('dd5f3c91-0466-4887-9988-eb90e777ca2c','air-temperature','Air-Temperature','03094ff4-7549-42cb-b357-9b1d992c190d', 'b4ea8385-48a3-4e95-82fb-d102dfcbcb54', '10e05b5c-7e96-434b-9182-a547333e1c52'),
('b25bb802-5156-423d-b283-2ab45463a574','precipitation','Precipitation','1d66b04f-643a-4381-ac12-b5c3ac9ec85e', '0ce77a5a-8283-47cd-9126-c440bcec4ef6', '4ee79a3d-a053-41b8-85b5-bb2eea3c9d1a'),
('ca2681db-1654-47cb-a8b6-baf28cc6d6ae','air-temperature','Air-Temperature','1d66b04f-643a-4381-ac12-b5c3ac9ec85e', 'b4ea8385-48a3-4e95-82fb-d102dfcbcb54', '10e05b5c-7e96-434b-9182-a547333e1c52'),
('71241c8d-f774-433d-a0d4-632415790746','precipitation','Precipitation','cee51269-8dd2-4df7-bdbe-6d3ddb91b2d4', '0ce77a5a-8283-47cd-9126-c440bcec4ef6', '4ee79a3d-a053-41b8-85b5-bb2eea3c9d1a'),
('e22d0771-cbcc-494f-8859-e5031fbc74e6','air-temperature','Air-Temperature','cee51269-8dd2-4df7-bdbe-6d3ddb91b2d4', 'b4ea8385-48a3-4e95-82fb-d102dfcbcb54', '10e05b5c-7e96-434b-9182-a547333e1c52'),
('d7cdaad6-e2fb-4c60-916f-2b254bcbc607','precipitation','Precipitation','1d54a9d6-0393-4f89-9530-01b5c8802b04', '0ce77a5a-8283-47cd-9126-c440bcec4ef6', '4ee79a3d-a053-41b8-85b5-bb2eea3c9d1a'),
('6e6bdc60-0c1d-4ede-ba17-aec9614b7fc2','air-temperature','Air-Temperature','1d54a9d6-0393-4f89-9530-01b5c8802b04', 'b4ea8385-48a3-4e95-82fb-d102dfcbcb54', '10e05b5c-7e96-434b-9182-a547333e1c52'),
('4202f7d8-4d27-4e35-836b-1121bb72bf7d','precipitation','Precipitation','343eb98c-fda8-4f55-8214-e52c1f077499', '0ce77a5a-8283-47cd-9126-c440bcec4ef6', '4ee79a3d-a053-41b8-85b5-bb2eea3c9d1a'),
('d6940aaa-b234-4512-b150-fc0ca8e367ce','air-temperature','Air-Temperature','343eb98c-fda8-4f55-8214-e52c1f077499', 'b4ea8385-48a3-4e95-82fb-d102dfcbcb54', '10e05b5c-7e96-434b-9182-a547333e1c52'),
('321efcab-5d39-4ac8-afbb-ef563b57073a','precipitation','Precipitation','8dc9f91b-13e0-4151-93d4-9a74907e8091', '0ce77a5a-8283-47cd-9126-c440bcec4ef6', '4ee79a3d-a053-41b8-85b5-bb2eea3c9d1a'),
('60eb4d06-d359-40c7-b6c7-f8f7218e6b31','air-temperature','Air-Temperature','8dc9f91b-13e0-4151-93d4-9a74907e8091', 'b4ea8385-48a3-4e95-82fb-d102dfcbcb54', '10e05b5c-7e96-434b-9182-a547333e1c52'),
('311d456f-fea3-4a69-8628-cfd2027ce9b4','precipitation','Precipitation','3c652fef-33c7-4b35-b909-724272438cc7', '0ce77a5a-8283-47cd-9126-c440bcec4ef6', '4ee79a3d-a053-41b8-85b5-bb2eea3c9d1a'),
('fe7d8c5a-8094-4ca5-8cbb-944a19c68b7b','air-temperature','Air-Temperature','3c652fef-33c7-4b35-b909-724272438cc7', 'b4ea8385-48a3-4e95-82fb-d102dfcbcb54', '10e05b5c-7e96-434b-9182-a547333e1c52'),
('5e2b2c44-8b18-459b-b263-743e2863241b','precipitation','Precipitation','2c2b9dcb-6df5-4b3f-bafb-fd7c9e0f101d', '0ce77a5a-8283-47cd-9126-c440bcec4ef6', '4ee79a3d-a053-41b8-85b5-bb2eea3c9d1a'),
('d34268e1-d211-4fde-91b9-da739440a82c','air-temperature','Air-Temperature','2c2b9dcb-6df5-4b3f-bafb-fd7c9e0f101d', 'b4ea8385-48a3-4e95-82fb-d102dfcbcb54', '10e05b5c-7e96-434b-9182-a547333e1c52'),
('3d00909e-f50a-4200-86ce-b720ec6d584e','precipitation','Precipitation','679ff3b3-c0ca-4ded-85b9-ed518e26fdf2', '0ce77a5a-8283-47cd-9126-c440bcec4ef6', '4ee79a3d-a053-41b8-85b5-bb2eea3c9d1a'),
('cfc91426-f5e8-47ad-bf4d-833f118aaaec','air-temperature','Air-Temperature','679ff3b3-c0ca-4ded-85b9-ed518e26fdf2', 'b4ea8385-48a3-4e95-82fb-d102dfcbcb54', '10e05b5c-7e96-434b-9182-a547333e1c52'),
('b3365a88-46e8-493f-8161-f2d218c43c02','precipitation','Precipitation','722c37d3-4aca-4be9-99bc-562bfa67d98b', '0ce77a5a-8283-47cd-9126-c440bcec4ef6', '4ee79a3d-a053-41b8-85b5-bb2eea3c9d1a'),
('5d3892ef-cef0-4c8b-b303-61a827888049','air-temperature','Air-Temperature','722c37d3-4aca-4be9-99bc-562bfa67d98b', 'b4ea8385-48a3-4e95-82fb-d102dfcbcb54', '10e05b5c-7e96-434b-9182-a547333e1c52'),
('30d9382d-96dc-439b-bbae-c569cf54d2c1','precipitation','Precipitation','5f157a3d-e609-48ef-b1cc-6dc0e8c5b01e', '0ce77a5a-8283-47cd-9126-c440bcec4ef6', '4ee79a3d-a053-41b8-85b5-bb2eea3c9d1a'),
('8948d77c-ab58-4d1b-a7d1-e4367347d888','air-temperature','Air-Temperature','5f157a3d-e609-48ef-b1cc-6dc0e8c5b01e', 'b4ea8385-48a3-4e95-82fb-d102dfcbcb54', '10e05b5c-7e96-434b-9182-a547333e1c52'),
('fea6d51c-2803-4793-9d86-1fa5adc0dee4','precipitation','Precipitation','bf0aaebc-0f49-4fdc-afa3-b040f5d96838', '0ce77a5a-8283-47cd-9126-c440bcec4ef6', '4ee79a3d-a053-41b8-85b5-bb2eea3c9d1a'),
('2224a951-f86d-438e-a740-af707faae912','air-temperature','Air-Temperature','bf0aaebc-0f49-4fdc-afa3-b040f5d96838', 'b4ea8385-48a3-4e95-82fb-d102dfcbcb54', '10e05b5c-7e96-434b-9182-a547333e1c52'),
('7f405441-69ce-431b-89aa-f9a8da00a81d','precipitation','Precipitation','7c842908-b99b-42ca-9fe8-848842e296b8', '0ce77a5a-8283-47cd-9126-c440bcec4ef6', '4ee79a3d-a053-41b8-85b5-bb2eea3c9d1a'),
('ccb87a1f-1775-4fc6-a873-e67acbe32f27','air-temperature','Air-Temperature','7c842908-b99b-42ca-9fe8-848842e296b8', 'b4ea8385-48a3-4e95-82fb-d102dfcbcb54', '10e05b5c-7e96-434b-9182-a547333e1c52'),
('447746ce-e067-4db4-88c0-ba97635d3bb8','precipitation','Precipitation','5bbe8bb1-7b40-4974-8acf-6c2369eff762', '0ce77a5a-8283-47cd-9126-c440bcec4ef6', '4ee79a3d-a053-41b8-85b5-bb2eea3c9d1a'),
('6a563efd-e891-449a-88ee-35a1b7072918','air-temperature','Air-Temperature','5bbe8bb1-7b40-4974-8acf-6c2369eff762', 'b4ea8385-48a3-4e95-82fb-d102dfcbcb54', '10e05b5c-7e96-434b-9182-a547333e1c52'),
('495b2d46-8eee-4181-80ad-a5772849863e','precipitation','Precipitation','239d04b0-f430-4306-92e8-35970eb6c04b', '0ce77a5a-8283-47cd-9126-c440bcec4ef6', '4ee79a3d-a053-41b8-85b5-bb2eea3c9d1a'),
('94813c0d-d8da-478d-b7b1-a1549f065fe3','air-temperature','Air-Temperature','239d04b0-f430-4306-92e8-35970eb6c04b', 'b4ea8385-48a3-4e95-82fb-d102dfcbcb54', '10e05b5c-7e96-434b-9182-a547333e1c52'),
('a8d3882b-7ac2-443b-b450-1ca55a21e0da','precipitation','Precipitation','e4fdc814-1c6c-4304-94f0-028535776dfd', '0ce77a5a-8283-47cd-9126-c440bcec4ef6', '4ee79a3d-a053-41b8-85b5-bb2eea3c9d1a'),
('7b5c4859-1370-484b-a3b2-83aa0f8f7544','air-temperature','Air-Temperature','e4fdc814-1c6c-4304-94f0-028535776dfd', 'b4ea8385-48a3-4e95-82fb-d102dfcbcb54', '10e05b5c-7e96-434b-9182-a547333e1c52'),
('381e5a92-e61c-4332-bfa7-85bee4e3c967','precipitation','Precipitation','44b525aa-a63e-4626-a547-b8b6e3ddd5fc', '0ce77a5a-8283-47cd-9126-c440bcec4ef6', '4ee79a3d-a053-41b8-85b5-bb2eea3c9d1a'),
('27ad0104-ed22-4c0c-bec7-a56393bdfc3e','air-temperature','Air-Temperature','44b525aa-a63e-4626-a547-b8b6e3ddd5fc', 'b4ea8385-48a3-4e95-82fb-d102dfcbcb54', '10e05b5c-7e96-434b-9182-a547333e1c52'),
('87c6cc14-91c1-4a36-99a6-c2cfca9efe8a','precipitation','Precipitation','3ff2716b-54b0-4ace-b86a-c01335fb66f2', '0ce77a5a-8283-47cd-9126-c440bcec4ef6', '4ee79a3d-a053-41b8-85b5-bb2eea3c9d1a'),
('cfbfa471-0d2b-4a89-9a44-fa750415ce24','air-temperature','Air-Temperature','3ff2716b-54b0-4ace-b86a-c01335fb66f2', 'b4ea8385-48a3-4e95-82fb-d102dfcbcb54', '10e05b5c-7e96-434b-9182-a547333e1c52'),
('47ba5519-acd0-445e-ba0f-2ed955308927','precipitation','Precipitation','39f424ac-9b9d-49c0-8300-cd980b2c3ba4', '0ce77a5a-8283-47cd-9126-c440bcec4ef6', '4ee79a3d-a053-41b8-85b5-bb2eea3c9d1a'),
('8b2628c6-ba18-4e74-baf8-e24e1da4e365','air-temperature','Air-Temperature','39f424ac-9b9d-49c0-8300-cd980b2c3ba4', 'b4ea8385-48a3-4e95-82fb-d102dfcbcb54', '10e05b5c-7e96-434b-9182-a547333e1c52'),
('18905213-cb76-4aa4-b41e-fb13ccc411f5','precipitation','Precipitation','3539cb95-143e-4da8-a9ea-5b0dbaefd186', '0ce77a5a-8283-47cd-9126-c440bcec4ef6', '4ee79a3d-a053-41b8-85b5-bb2eea3c9d1a'),
('a15ab47b-0fe9-4694-998c-aaa30f2c991b','air-temperature','Air-Temperature','3539cb95-143e-4da8-a9ea-5b0dbaefd186', 'b4ea8385-48a3-4e95-82fb-d102dfcbcb54', '10e05b5c-7e96-434b-9182-a547333e1c52'),
('f1051ec4-103d-4cbd-86f2-0424e0f287d5','precipitation','Precipitation','76034eaf-5603-4a02-9201-563ed12348c9', '0ce77a5a-8283-47cd-9126-c440bcec4ef6', '4ee79a3d-a053-41b8-85b5-bb2eea3c9d1a'),
('78cd7ff3-71f6-49c9-8ebd-4bcc8d226337','air-temperature','Air-Temperature','76034eaf-5603-4a02-9201-563ed12348c9', 'b4ea8385-48a3-4e95-82fb-d102dfcbcb54', '10e05b5c-7e96-434b-9182-a547333e1c52'),
('f15c0aae-2de6-484c-b11d-add2dc4c82f3','precipitation','Precipitation','fe6dc6b1-ecc8-47c9-a956-cb08dcfa8a62', '0ce77a5a-8283-47cd-9126-c440bcec4ef6', '4ee79a3d-a053-41b8-85b5-bb2eea3c9d1a'),
('97e9587b-27c6-4ff2-a10a-1859379dcf25','air-temperature','Air-Temperature','fe6dc6b1-ecc8-47c9-a956-cb08dcfa8a62', 'b4ea8385-48a3-4e95-82fb-d102dfcbcb54', '10e05b5c-7e96-434b-9182-a547333e1c52'),
('f124e35a-ecc1-4068-b6e3-9c3d5953085e','precipitation','Precipitation','ffae1d38-e38e-4063-88e4-7d84439870de', '0ce77a5a-8283-47cd-9126-c440bcec4ef6', '4ee79a3d-a053-41b8-85b5-bb2eea3c9d1a'),
('0380994b-8934-452c-af3b-89691e1bbb0a','air-temperature','Air-Temperature','ffae1d38-e38e-4063-88e4-7d84439870de', 'b4ea8385-48a3-4e95-82fb-d102dfcbcb54', '10e05b5c-7e96-434b-9182-a547333e1c52'),
('7aca9055-0993-42cf-b4a3-787c43e13ee1','precipitation','Precipitation','8ca3ac96-00e7-4bf2-bd52-1e7625cdafd3', '0ce77a5a-8283-47cd-9126-c440bcec4ef6', '4ee79a3d-a053-41b8-85b5-bb2eea3c9d1a'),
('be9da6e5-58dc-406a-bd00-b2cc5e6895e2','air-temperature','Air-Temperature','8ca3ac96-00e7-4bf2-bd52-1e7625cdafd3', 'b4ea8385-48a3-4e95-82fb-d102dfcbcb54', '10e05b5c-7e96-434b-9182-a547333e1c52'),
('cdffe626-4dd5-45ce-8c8b-b923e391bf87','precipitation','Precipitation','c2459f0b-ca4c-4a47-a962-3b8a27f5ba38', '0ce77a5a-8283-47cd-9126-c440bcec4ef6', '4ee79a3d-a053-41b8-85b5-bb2eea3c9d1a'),
('8678232b-6d45-4a98-881f-c3c52b9aec07','air-temperature','Air-Temperature','c2459f0b-ca4c-4a47-a962-3b8a27f5ba38', 'b4ea8385-48a3-4e95-82fb-d102dfcbcb54', '10e05b5c-7e96-434b-9182-a547333e1c52'),
('bd9380fb-45f6-4a2d-90af-9f9095fedb9d','precipitation','Precipitation','a9e0d235-fb6b-4dd8-9efa-7a9816de8a5a', '0ce77a5a-8283-47cd-9126-c440bcec4ef6', '4ee79a3d-a053-41b8-85b5-bb2eea3c9d1a'),
('9bfc0097-42c8-467f-b034-54a23cfe06d1','air-temperature','Air-Temperature','a9e0d235-fb6b-4dd8-9efa-7a9816de8a5a', 'b4ea8385-48a3-4e95-82fb-d102dfcbcb54', '10e05b5c-7e96-434b-9182-a547333e1c52'),
('193d9632-5c48-4dbd-b281-c65c159dd7ad','precipitation','Precipitation','97df2503-a5ae-4948-a4ae-955c22e81bd6', '0ce77a5a-8283-47cd-9126-c440bcec4ef6', '4ee79a3d-a053-41b8-85b5-bb2eea3c9d1a'),
('b89c589a-6d2e-4fe8-9ac1-ae50a4f3809f','air-temperature','Air-Temperature','97df2503-a5ae-4948-a4ae-955c22e81bd6', 'b4ea8385-48a3-4e95-82fb-d102dfcbcb54', '10e05b5c-7e96-434b-9182-a547333e1c52'),
('cfdb73b4-45b4-41dc-bc0c-e0844bbfab3c','precipitation','Precipitation','0d3b35e4-4c6e-400f-b690-4c8e036322ef', '0ce77a5a-8283-47cd-9126-c440bcec4ef6', '4ee79a3d-a053-41b8-85b5-bb2eea3c9d1a'),
('609f8e11-5fba-46c2-b07e-8406ce01f796','air-temperature','Air-Temperature','0d3b35e4-4c6e-400f-b690-4c8e036322ef', 'b4ea8385-48a3-4e95-82fb-d102dfcbcb54', '10e05b5c-7e96-434b-9182-a547333e1c52'),
('93a70770-470e-48de-a9c0-e9d431e7e602','precipitation','Precipitation','a1331fb9-da3a-4030-8f63-dcab01c406f0', '0ce77a5a-8283-47cd-9126-c440bcec4ef6', '4ee79a3d-a053-41b8-85b5-bb2eea3c9d1a'),
('68c22351-22be-40ed-b120-67627050fc54','air-temperature','Air-Temperature','a1331fb9-da3a-4030-8f63-dcab01c406f0', 'b4ea8385-48a3-4e95-82fb-d102dfcbcb54', '10e05b5c-7e96-434b-9182-a547333e1c52'),
('621edf40-17c3-4ffb-b8c0-aa7b706998cc','precipitation','Precipitation','037f6ce0-9255-4251-b874-26585cee8d5b', '0ce77a5a-8283-47cd-9126-c440bcec4ef6', '4ee79a3d-a053-41b8-85b5-bb2eea3c9d1a'),
('5a9bb74a-297d-4283-ba83-686507b70d40','air-temperature','Air-Temperature','037f6ce0-9255-4251-b874-26585cee8d5b', 'b4ea8385-48a3-4e95-82fb-d102dfcbcb54', '10e05b5c-7e96-434b-9182-a547333e1c52'),
('0f1b1171-ddc7-4c55-948b-ca46a6d2084a','precipitation','Precipitation','aab2f870-ca33-42b4-8b4c-3e402c837a65', '0ce77a5a-8283-47cd-9126-c440bcec4ef6', '4ee79a3d-a053-41b8-85b5-bb2eea3c9d1a'),
('800fb4c2-e3db-4d01-a384-e7bfda9e98bd','air-temperature','Air-Temperature','aab2f870-ca33-42b4-8b4c-3e402c837a65', 'b4ea8385-48a3-4e95-82fb-d102dfcbcb54', '10e05b5c-7e96-434b-9182-a547333e1c52'),
('ef4eda2e-7e24-4c05-8a08-5c6f7d2cf672','precipitation','Precipitation','3045fbba-5da2-4e59-96b4-a3903c654c7a', '0ce77a5a-8283-47cd-9126-c440bcec4ef6', '4ee79a3d-a053-41b8-85b5-bb2eea3c9d1a'),
('e4c5e784-2487-409e-80b1-e3dedc9d3f9f','air-temperature','Air-Temperature','3045fbba-5da2-4e59-96b4-a3903c654c7a', 'b4ea8385-48a3-4e95-82fb-d102dfcbcb54', '10e05b5c-7e96-434b-9182-a547333e1c52'),
('d6279c6e-0e90-4979-aaa7-f59390969cf2','precipitation','Precipitation','d9b5aa25-07cf-46f3-8962-3ca1110b92ab', '0ce77a5a-8283-47cd-9126-c440bcec4ef6', '4ee79a3d-a053-41b8-85b5-bb2eea3c9d1a'),
('d9055d83-490a-42cd-9663-11d3aeda065b','air-temperature','Air-Temperature','d9b5aa25-07cf-46f3-8962-3ca1110b92ab', 'b4ea8385-48a3-4e95-82fb-d102dfcbcb54', '10e05b5c-7e96-434b-9182-a547333e1c52'),
('b02ac30c-bfa8-4c5a-89b5-70239fafd5d0','precipitation','Precipitation','48621e95-8ce8-4cd9-a409-3718f403500a', '0ce77a5a-8283-47cd-9126-c440bcec4ef6', '4ee79a3d-a053-41b8-85b5-bb2eea3c9d1a'),
('61f9eb0b-8d60-4566-a56c-a84bb673ab6e','air-temperature','Air-Temperature','48621e95-8ce8-4cd9-a409-3718f403500a', 'b4ea8385-48a3-4e95-82fb-d102dfcbcb54', '10e05b5c-7e96-434b-9182-a547333e1c52'),
('44ed8ced-b77b-4ee8-821e-15903f8e8a82','precipitation','Precipitation','c5341d42-db35-41e6-b55c-0547373e99e6', '0ce77a5a-8283-47cd-9126-c440bcec4ef6', '4ee79a3d-a053-41b8-85b5-bb2eea3c9d1a'),
('bef11930-9c84-4048-8bd2-bb30e5701f0b','air-temperature','Air-Temperature','c5341d42-db35-41e6-b55c-0547373e99e6', 'b4ea8385-48a3-4e95-82fb-d102dfcbcb54', '10e05b5c-7e96-434b-9182-a547333e1c52'),
('1133bdfb-d8a4-4655-b90f-402c5c38bf85','precipitation','Precipitation','500e135f-dbbc-40a6-917e-f78d7a87b813', '0ce77a5a-8283-47cd-9126-c440bcec4ef6', '4ee79a3d-a053-41b8-85b5-bb2eea3c9d1a'),
('d6ca5262-8da9-4d28-b727-48e81d5122e3','air-temperature','Air-Temperature','500e135f-dbbc-40a6-917e-f78d7a87b813', 'b4ea8385-48a3-4e95-82fb-d102dfcbcb54', '10e05b5c-7e96-434b-9182-a547333e1c52'),
('6474cb04-338c-4a6d-97e1-3abdc2985530','precipitation','Precipitation','51f2819e-ab44-4020-88a0-27b778c4270d', '0ce77a5a-8283-47cd-9126-c440bcec4ef6', '4ee79a3d-a053-41b8-85b5-bb2eea3c9d1a'),
('c70df490-8676-4cf9-944c-e2c3aa8b64a3','air-temperature','Air-Temperature','51f2819e-ab44-4020-88a0-27b778c4270d', 'b4ea8385-48a3-4e95-82fb-d102dfcbcb54', '10e05b5c-7e96-434b-9182-a547333e1c52'),
('6a0eb679-0324-4016-a64b-3ce0397494a1','precipitation','Precipitation','e8e9ff17-a5f5-4939-a132-d89e3109e81b', '0ce77a5a-8283-47cd-9126-c440bcec4ef6', '4ee79a3d-a053-41b8-85b5-bb2eea3c9d1a'),
('190e6b14-50b1-414c-8ea9-26e318ea101d','air-temperature','Air-Temperature','e8e9ff17-a5f5-4939-a132-d89e3109e81b', 'b4ea8385-48a3-4e95-82fb-d102dfcbcb54', '10e05b5c-7e96-434b-9182-a547333e1c52'),
('e9cd64b3-c284-40b2-84a5-071c610d45f7','precipitation','Precipitation','cd088896-ae42-46be-ade4-37573e5a88dd', '0ce77a5a-8283-47cd-9126-c440bcec4ef6', '4ee79a3d-a053-41b8-85b5-bb2eea3c9d1a'),
('278e0e32-fb83-49d0-82cd-fe8d4c9783dd','air-temperature','Air-Temperature','cd088896-ae42-46be-ade4-37573e5a88dd', 'b4ea8385-48a3-4e95-82fb-d102dfcbcb54', '10e05b5c-7e96-434b-9182-a547333e1c52'),
('e3b8b362-82f6-4872-9c82-a59497413772','precipitation','Precipitation','4acc0b86-4caf-4543-b457-7df03f701fb0', '0ce77a5a-8283-47cd-9126-c440bcec4ef6', '4ee79a3d-a053-41b8-85b5-bb2eea3c9d1a'),
('c83ab0bb-7ac1-4bf2-84fa-ae7ddbf8ffc1','air-temperature','Air-Temperature','4acc0b86-4caf-4543-b457-7df03f701fb0', 'b4ea8385-48a3-4e95-82fb-d102dfcbcb54', '10e05b5c-7e96-434b-9182-a547333e1c52'),
('d332ccfe-5947-4f33-a0d6-3d92484a845e','precipitation','Precipitation','7a6ac411-62eb-4880-b326-0632406a8bf7', '0ce77a5a-8283-47cd-9126-c440bcec4ef6', '4ee79a3d-a053-41b8-85b5-bb2eea3c9d1a'),
('1db42017-8b70-4b07-afa7-04f69b602437','air-temperature','Air-Temperature','7a6ac411-62eb-4880-b326-0632406a8bf7', 'b4ea8385-48a3-4e95-82fb-d102dfcbcb54', '10e05b5c-7e96-434b-9182-a547333e1c52'),
('12622a8b-65a1-46ff-b278-63344ef68039','precipitation','Precipitation','aee442db-51d9-45d2-8463-f67e5e602e2d', '0ce77a5a-8283-47cd-9126-c440bcec4ef6', '4ee79a3d-a053-41b8-85b5-bb2eea3c9d1a'),
('c7ff239c-e394-41b7-8471-2baabc8ca9d0','air-temperature','Air-Temperature','aee442db-51d9-45d2-8463-f67e5e602e2d', 'b4ea8385-48a3-4e95-82fb-d102dfcbcb54', '10e05b5c-7e96-434b-9182-a547333e1c52'),
('a0be1269-2b36-42a7-a23e-9841eb30fd77','precipitation','Precipitation','03f08872-0487-4224-86e7-870e225497ed', '0ce77a5a-8283-47cd-9126-c440bcec4ef6', '4ee79a3d-a053-41b8-85b5-bb2eea3c9d1a'),
('c554bcb4-d22a-4fc0-aab7-81d79bcaf4fc','air-temperature','Air-Temperature','03f08872-0487-4224-86e7-870e225497ed', 'b4ea8385-48a3-4e95-82fb-d102dfcbcb54', '10e05b5c-7e96-434b-9182-a547333e1c52'),
('e68434f5-ce52-4f26-8712-3c9cd846858d','precipitation','Precipitation','7daa3e8b-aeff-4d2f-9745-2113d3962ae1', '0ce77a5a-8283-47cd-9126-c440bcec4ef6', '4ee79a3d-a053-41b8-85b5-bb2eea3c9d1a'),
('9a6aed0b-f2aa-40dd-b2c4-dd3560e6c5a9','air-temperature','Air-Temperature','7daa3e8b-aeff-4d2f-9745-2113d3962ae1', 'b4ea8385-48a3-4e95-82fb-d102dfcbcb54', '10e05b5c-7e96-434b-9182-a547333e1c52'),
('f661e277-89a1-495e-a503-97ae15688778','precipitation','Precipitation','94c5988d-1e94-49ac-b543-94d6ae93f501', '0ce77a5a-8283-47cd-9126-c440bcec4ef6', '4ee79a3d-a053-41b8-85b5-bb2eea3c9d1a'),
('18bd406f-c29d-4075-91ac-ab62d23aac05','air-temperature','Air-Temperature','94c5988d-1e94-49ac-b543-94d6ae93f501', 'b4ea8385-48a3-4e95-82fb-d102dfcbcb54', '10e05b5c-7e96-434b-9182-a547333e1c52'),
('60aee458-cacb-4a1c-8fcf-0fa0154a0167','precipitation','Precipitation','515acaee-c8dd-464f-9f58-847dde8aac4c', '0ce77a5a-8283-47cd-9126-c440bcec4ef6', '4ee79a3d-a053-41b8-85b5-bb2eea3c9d1a'),
('c5ef203a-f5dc-45d0-a5ce-7d05a86a82d2','air-temperature','Air-Temperature','515acaee-c8dd-464f-9f58-847dde8aac4c', 'b4ea8385-48a3-4e95-82fb-d102dfcbcb54', '10e05b5c-7e96-434b-9182-a547333e1c52'),
('3c179850-631c-436d-9115-cad75612143a','precipitation','Precipitation','1a4d2870-9d66-420f-8ed4-fe08df2e29a0', '0ce77a5a-8283-47cd-9126-c440bcec4ef6', '4ee79a3d-a053-41b8-85b5-bb2eea3c9d1a'),
('a6b4bf3b-51c6-405f-8e1b-9e598e8569cf','air-temperature','Air-Temperature','1a4d2870-9d66-420f-8ed4-fe08df2e29a0', 'b4ea8385-48a3-4e95-82fb-d102dfcbcb54', '10e05b5c-7e96-434b-9182-a547333e1c52'),
('700d25fe-eb6e-4c68-bae5-b48205c2fa9c','precipitation','Precipitation','ec2db83b-7531-4e58-a4a9-0e2ba273c380', '0ce77a5a-8283-47cd-9126-c440bcec4ef6', '4ee79a3d-a053-41b8-85b5-bb2eea3c9d1a'),
('4b79aa13-d430-47af-9cce-baf5b6cdaa78','air-temperature','Air-Temperature','ec2db83b-7531-4e58-a4a9-0e2ba273c380', 'b4ea8385-48a3-4e95-82fb-d102dfcbcb54', '10e05b5c-7e96-434b-9182-a547333e1c52'),
('398bdb92-3094-4e90-9340-2d76bf7a6ae2','precipitation','Precipitation','d52fc94f-c766-483e-ab2f-1c86b1453fc2', '0ce77a5a-8283-47cd-9126-c440bcec4ef6', '4ee79a3d-a053-41b8-85b5-bb2eea3c9d1a'),
('4d2c94d1-27d2-4f13-b4d8-5e5e514b0de0','air-temperature','Air-Temperature','d52fc94f-c766-483e-ab2f-1c86b1453fc2', 'b4ea8385-48a3-4e95-82fb-d102dfcbcb54', '10e05b5c-7e96-434b-9182-a547333e1c52'),
('3f5512b1-baf0-412e-8d00-64bf7b1410fb','precipitation','Precipitation','8f8e3473-5417-4844-991d-eb87881b844f', '0ce77a5a-8283-47cd-9126-c440bcec4ef6', '4ee79a3d-a053-41b8-85b5-bb2eea3c9d1a'),
('5500d8ff-8425-4fba-9fdc-015e2f432e3d','air-temperature','Air-Temperature','8f8e3473-5417-4844-991d-eb87881b844f', 'b4ea8385-48a3-4e95-82fb-d102dfcbcb54', '10e05b5c-7e96-434b-9182-a547333e1c52'),
('4844c79f-b39b-4948-b14d-5c7bcaf3d606','precipitation','Precipitation','ac751e57-591d-4f0f-87cd-0b245ea7a149', '0ce77a5a-8283-47cd-9126-c440bcec4ef6', '4ee79a3d-a053-41b8-85b5-bb2eea3c9d1a'),
('2ccaa6f9-3c13-4fc2-af41-d86a780c3b4b','air-temperature','Air-Temperature','ac751e57-591d-4f0f-87cd-0b245ea7a149', 'b4ea8385-48a3-4e95-82fb-d102dfcbcb54', '10e05b5c-7e96-434b-9182-a547333e1c52'),
('9a0c2518-038f-4dc0-b0f4-9d110fd297b1','precipitation','Precipitation','4a9b44bf-798d-419a-b04d-17a473866f5e', '0ce77a5a-8283-47cd-9126-c440bcec4ef6', '4ee79a3d-a053-41b8-85b5-bb2eea3c9d1a'),
('95cefadd-e729-4c5a-98a3-7e6aec5fd04a','air-temperature','Air-Temperature','4a9b44bf-798d-419a-b04d-17a473866f5e', 'b4ea8385-48a3-4e95-82fb-d102dfcbcb54', '10e05b5c-7e96-434b-9182-a547333e1c52'),
('cd94e769-6aae-4a5a-8edf-4b9c71634d30','precipitation','Precipitation','afb04644-c805-4a0e-98a5-b14d241e8a73', '0ce77a5a-8283-47cd-9126-c440bcec4ef6', '4ee79a3d-a053-41b8-85b5-bb2eea3c9d1a'),
('36234a34-433e-47b3-a1ad-e03baf763c1d','air-temperature','Air-Temperature','afb04644-c805-4a0e-98a5-b14d241e8a73', 'b4ea8385-48a3-4e95-82fb-d102dfcbcb54', '10e05b5c-7e96-434b-9182-a547333e1c52'),
('c9661138-5fa7-40d6-8f8b-8131b30008c3','precipitation','Precipitation','74a67046-5da7-4a3b-8c49-fbdf0c9437ae', '0ce77a5a-8283-47cd-9126-c440bcec4ef6', '4ee79a3d-a053-41b8-85b5-bb2eea3c9d1a'),
('4d1fa558-3100-4e0a-b7ef-40a490a0a43e','air-temperature','Air-Temperature','74a67046-5da7-4a3b-8c49-fbdf0c9437ae', 'b4ea8385-48a3-4e95-82fb-d102dfcbcb54', '10e05b5c-7e96-434b-9182-a547333e1c52'),
('0d9a03b3-4784-4ae7-80af-c0a9f829f37b','precipitation','Precipitation','d2513d03-e0e0-4adb-b478-9ab9d1ea0153', '0ce77a5a-8283-47cd-9126-c440bcec4ef6', '4ee79a3d-a053-41b8-85b5-bb2eea3c9d1a'),
('259f89e9-9fe7-4be7-b43d-d0b7695c19dd','air-temperature','Air-Temperature','d2513d03-e0e0-4adb-b478-9ab9d1ea0153', 'b4ea8385-48a3-4e95-82fb-d102dfcbcb54', '10e05b5c-7e96-434b-9182-a547333e1c52'),
('ed202493-a6a9-4c6e-a99a-19ed831ea7d7','precipitation','Precipitation','43faa6f9-cb1e-42d5-be48-ab41c0f74cfe', '0ce77a5a-8283-47cd-9126-c440bcec4ef6', '4ee79a3d-a053-41b8-85b5-bb2eea3c9d1a'),
('b901ba95-9f9d-4a56-93f8-9144852fc4da','air-temperature','Air-Temperature','43faa6f9-cb1e-42d5-be48-ab41c0f74cfe', 'b4ea8385-48a3-4e95-82fb-d102dfcbcb54', '10e05b5c-7e96-434b-9182-a547333e1c52'),
('88eefb29-a1e4-4afd-83f1-a00c7605eeca','precipitation','Precipitation','a9594270-fe84-4c49-b870-0487f848a6d3', '0ce77a5a-8283-47cd-9126-c440bcec4ef6', '4ee79a3d-a053-41b8-85b5-bb2eea3c9d1a'),
('ab266c00-0109-49b1-8452-3300a972d95c','air-temperature','Air-Temperature','a9594270-fe84-4c49-b870-0487f848a6d3', 'b4ea8385-48a3-4e95-82fb-d102dfcbcb54', '10e05b5c-7e96-434b-9182-a547333e1c52'),
('2eee8fd1-baa0-4dd2-98cb-b3a2175f6baf','precipitation','Precipitation','ac474eae-cb43-4611-9f33-859dce110f83', '0ce77a5a-8283-47cd-9126-c440bcec4ef6', '4ee79a3d-a053-41b8-85b5-bb2eea3c9d1a'),
('1606b429-c808-4ca5-ac9c-74ce5facf8ef','air-temperature','Air-Temperature','ac474eae-cb43-4611-9f33-859dce110f83', 'b4ea8385-48a3-4e95-82fb-d102dfcbcb54', '10e05b5c-7e96-434b-9182-a547333e1c52'),
('4862d535-84a8-4bcd-99c0-306106c2fced','precipitation','Precipitation','867bb882-4df5-4607-a27e-1e826e532dfd', '0ce77a5a-8283-47cd-9126-c440bcec4ef6', '4ee79a3d-a053-41b8-85b5-bb2eea3c9d1a'),
('c7823587-79c7-4c58-a96b-2b707d7ee40e','air-temperature','Air-Temperature','867bb882-4df5-4607-a27e-1e826e532dfd', 'b4ea8385-48a3-4e95-82fb-d102dfcbcb54', '10e05b5c-7e96-434b-9182-a547333e1c52'),
('5a7b98a3-8512-4240-b81c-7493dfb4c132','precipitation','Precipitation','1dc56af3-1c69-4e6c-bea8-0642cee0702c', '0ce77a5a-8283-47cd-9126-c440bcec4ef6', '4ee79a3d-a053-41b8-85b5-bb2eea3c9d1a'),
('f7a225df-eade-444a-b257-e1e935cbb515','air-temperature','Air-Temperature','1dc56af3-1c69-4e6c-bea8-0642cee0702c', 'b4ea8385-48a3-4e95-82fb-d102dfcbcb54', '10e05b5c-7e96-434b-9182-a547333e1c52'),
('db5727b8-9626-4cef-957f-862c825969f0','precipitation','Precipitation','17af7c01-e513-4611-8e21-c143489db3cc', '0ce77a5a-8283-47cd-9126-c440bcec4ef6', '4ee79a3d-a053-41b8-85b5-bb2eea3c9d1a'),
('a9ba2dbd-1c02-4810-8e28-3547a638d4e7','air-temperature','Air-Temperature','17af7c01-e513-4611-8e21-c143489db3cc', 'b4ea8385-48a3-4e95-82fb-d102dfcbcb54', '10e05b5c-7e96-434b-9182-a547333e1c52'),
('182ce359-ac3d-4832-859e-a394a44d609b','precipitation','Precipitation','96a764bd-af38-46a2-af43-feb8202f59fb', '0ce77a5a-8283-47cd-9126-c440bcec4ef6', '4ee79a3d-a053-41b8-85b5-bb2eea3c9d1a'),
('132022f3-3193-47e3-b111-8aee0b19c570','air-temperature','Air-Temperature','96a764bd-af38-46a2-af43-feb8202f59fb', 'b4ea8385-48a3-4e95-82fb-d102dfcbcb54', '10e05b5c-7e96-434b-9182-a547333e1c52'),
('9b3c64bc-1693-411c-9aa4-0a3c485ce06d','stage','Stage','18e3331b-a6d5-431a-b782-291d462d8161', 'b49f214e-f69f-43da-9ce3-ad96042268d0', 'f777f2e2-5e32-424e-a1ca-19d16cd8abce'),
('8df0c422-aee3-494e-a6fb-e590057934b5','stage','Stage','229c7a73-3bc7-4e30-8ad8-d001218c5c3f', 'b49f214e-f69f-43da-9ce3-ad96042268d0', 'f777f2e2-5e32-424e-a1ca-19d16cd8abce'),
('c698009c-8794-48b9-973d-8da499d3d26a','stage','Stage','7b38d10c-b05a-4ce5-853c-9f06ea305ebd', 'b49f214e-f69f-43da-9ce3-ad96042268d0', 'f777f2e2-5e32-424e-a1ca-19d16cd8abce'),
('3fcb56ad-1315-4581-a9de-ba81a2edd3ef','stage','Stage','45a828bc-94b9-47f1-a7b3-4c8426be71d8', 'b49f214e-f69f-43da-9ce3-ad96042268d0', 'f777f2e2-5e32-424e-a1ca-19d16cd8abce'),
('d1ecd86a-ee79-4ba2-85e1-5da8f518a500','stage','Stage','380c9388-8bd6-44e5-a9eb-ff421261b536', 'b49f214e-f69f-43da-9ce3-ad96042268d0', 'f777f2e2-5e32-424e-a1ca-19d16cd8abce'),
('62657b92-23e4-4d61-90c4-493ac9b35816','stage','Stage','b407b5c6-59a0-4842-a04b-350245bd20bb', 'b49f214e-f69f-43da-9ce3-ad96042268d0', 'f777f2e2-5e32-424e-a1ca-19d16cd8abce'),
('2693f17b-f84c-412f-9a36-bc04f0229db3','stage','Stage','4b0e2210-1e02-4813-bdd9-20ca8013f6e5', 'b49f214e-f69f-43da-9ce3-ad96042268d0', 'f777f2e2-5e32-424e-a1ca-19d16cd8abce'),
('2ac2d202-0a52-4eab-889f-a1292ff92e8f','elevation','Elevation','89c63920-5c97-4ce3-97e5-baf1ff41ccf8', '83b5a1f7-948b-4373-a47c-d73ff622aafd', 'f777f2e2-5e32-424e-a1ca-19d16cd8abce'),
('b07849ad-f0fa-4ec1-a270-abf48c06d1fa','stage','Stage','ffcef79c-0cdb-415b-880c-16b8fc36590b', 'b49f214e-f69f-43da-9ce3-ad96042268d0', 'f777f2e2-5e32-424e-a1ca-19d16cd8abce'),
('7ad106f8-480f-40a8-8808-1f9a9627df0d','stage','Stage','50d1f853-289f-4d77-8d5f-6593b9418382', 'b49f214e-f69f-43da-9ce3-ad96042268d0', 'f777f2e2-5e32-424e-a1ca-19d16cd8abce'),
('c4e17e0d-bc0a-4b1d-8ac3-e0025b0159a0','precipitation','Precipitation','50d1f853-289f-4d77-8d5f-6593b9418382', '0ce77a5a-8283-47cd-9126-c440bcec4ef6', '4ee79a3d-a053-41b8-85b5-bb2eea3c9d1a'),
('74b3178d-3115-4ec5-98f6-28e51bf5e020','stage','Stage','e97fcdd0-5d01-483b-a659-1d5f4ce7336c', 'b49f214e-f69f-43da-9ce3-ad96042268d0', 'f777f2e2-5e32-424e-a1ca-19d16cd8abce'),
('0eb94135-4171-4ca7-bc36-16e4eb225469','precipitation','Precipitation','e97fcdd0-5d01-483b-a659-1d5f4ce7336c', '0ce77a5a-8283-47cd-9126-c440bcec4ef6', '4ee79a3d-a053-41b8-85b5-bb2eea3c9d1a'),
('4098d408-7c30-471c-a764-58c1575a0662','stage','Stage','5083b7ff-b4bb-414b-a253-a3373a337ffc', 'b49f214e-f69f-43da-9ce3-ad96042268d0', 'f777f2e2-5e32-424e-a1ca-19d16cd8abce'),
('0445f5bd-fce0-4a00-aca0-94b4fb4029b2','stage','Stage','a06b195f-41e8-4bfc-bcde-68bd3baa3c3a', 'b49f214e-f69f-43da-9ce3-ad96042268d0', 'f777f2e2-5e32-424e-a1ca-19d16cd8abce'),
('f8545d02-066c-4e2f-8dd4-52433d59512c','precipitation','Precipitation','a06b195f-41e8-4bfc-bcde-68bd3baa3c3a', '0ce77a5a-8283-47cd-9126-c440bcec4ef6', '4ee79a3d-a053-41b8-85b5-bb2eea3c9d1a'),
('79cd1fa5-5541-49cc-a97f-a5757f11e825','stage','Stage','879edf69-c5b5-488a-b0b0-47330185b0db', 'b49f214e-f69f-43da-9ce3-ad96042268d0', 'f777f2e2-5e32-424e-a1ca-19d16cd8abce'),
('1fd3ac9e-727d-4840-aec6-6240f58f436d','precipitation','Precipitation','879edf69-c5b5-488a-b0b0-47330185b0db', '0ce77a5a-8283-47cd-9126-c440bcec4ef6', '4ee79a3d-a053-41b8-85b5-bb2eea3c9d1a'),
('254257e0-60c1-4c2d-af16-5f8015929459','stage','Stage','f22e0e53-e013-46c8-ae48-21921291d196', 'b49f214e-f69f-43da-9ce3-ad96042268d0', 'f777f2e2-5e32-424e-a1ca-19d16cd8abce'),
('271a6ec3-a74d-4548-bb16-b38af3999b70','precipitation','Precipitation','f22e0e53-e013-46c8-ae48-21921291d196', '0ce77a5a-8283-47cd-9126-c440bcec4ef6', '4ee79a3d-a053-41b8-85b5-bb2eea3c9d1a'),
('7b668147-bd63-418f-959e-a558a9c807f0','stage','Stage','7854d3cb-abaa-413f-a1c7-17e310eb1810', 'b49f214e-f69f-43da-9ce3-ad96042268d0', 'f777f2e2-5e32-424e-a1ca-19d16cd8abce'),
('17b828a3-c7e2-417e-8fb3-b46bf85c2837','stage','Stage','b8321e23-8a20-40e9-a798-856b31f4d6cc', 'b49f214e-f69f-43da-9ce3-ad96042268d0', 'f777f2e2-5e32-424e-a1ca-19d16cd8abce'),
('20da7343-dc36-433a-952a-2cdee7495e7f','stage','Stage','e84b419b-a934-4fe7-9bbe-d7165db56a29', 'b49f214e-f69f-43da-9ce3-ad96042268d0', 'f777f2e2-5e32-424e-a1ca-19d16cd8abce'),
('10f302ad-a7dc-4ce0-b917-31da9579c0af','stage','Stage','8fc80680-6174-4183-b045-ba8ea7052ca8', 'b49f214e-f69f-43da-9ce3-ad96042268d0', 'f777f2e2-5e32-424e-a1ca-19d16cd8abce'),
('45e1a67b-26ea-446c-aaf1-b8dbd9bcb1ab','stage','Stage','cab6167f-3ef4-456f-adbe-257d44431caf', 'b49f214e-f69f-43da-9ce3-ad96042268d0', 'f777f2e2-5e32-424e-a1ca-19d16cd8abce'),
('fc0790ef-8972-4282-91c7-336f1e9cab2e','stage','Stage','594cdbdc-e71a-4245-ae02-8425b49a71e4', 'b49f214e-f69f-43da-9ce3-ad96042268d0', 'f777f2e2-5e32-424e-a1ca-19d16cd8abce'),
('f5039da9-7fce-4e39-9c30-3c5814841cf2','stage','Stage','21b2a17e-0ec6-456d-8cd6-a0435db5ce90', 'b49f214e-f69f-43da-9ce3-ad96042268d0', 'f777f2e2-5e32-424e-a1ca-19d16cd8abce'),
('d7986b2c-7489-4199-b17f-563948de5fe3','stage','Stage','71364d14-fa9d-431a-a52f-eee897779a4b', 'b49f214e-f69f-43da-9ce3-ad96042268d0', 'f777f2e2-5e32-424e-a1ca-19d16cd8abce'),
('85d3aa91-0758-4367-b247-7696a4b4873c','stage','Stage','e54652f0-1d32-4247-b16b-692bf1c4ab34', 'b49f214e-f69f-43da-9ce3-ad96042268d0', 'f777f2e2-5e32-424e-a1ca-19d16cd8abce'),
('398e69f0-ce41-4ee2-b67d-8c40c3a01e65','elevation','Elevation','523cd63f-7a09-4a74-b344-3dfe8ad092ea', '83b5a1f7-948b-4373-a47c-d73ff622aafd', 'f777f2e2-5e32-424e-a1ca-19d16cd8abce'),
('97433880-f675-4363-a8a3-bd456ffa6a36','stage','Stage','fb4eb5b3-1d1e-4364-9c33-6e9b3a006871', 'b49f214e-f69f-43da-9ce3-ad96042268d0', 'f777f2e2-5e32-424e-a1ca-19d16cd8abce'),
('2cdba749-cfe5-47b2-895a-e4a3ff379dc1','stage','Stage','dc654200-97b8-435b-b153-3f51c188ecd5', 'b49f214e-f69f-43da-9ce3-ad96042268d0', 'f777f2e2-5e32-424e-a1ca-19d16cd8abce'),
('f432b376-745f-4b2c-8c70-e09585788978','elevation','Elevation','3245510c-2a7d-4fe1-82f2-d2b264c99b74', '83b5a1f7-948b-4373-a47c-d73ff622aafd', 'f777f2e2-5e32-424e-a1ca-19d16cd8abce'),
('dbda12f8-f72b-43ee-9de1-ed6421eca7b3','stage','Stage','3245510c-2a7d-4fe1-82f2-d2b264c99b74', 'b49f214e-f69f-43da-9ce3-ad96042268d0', 'f777f2e2-5e32-424e-a1ca-19d16cd8abce'),
('0cf6f172-ffb1-4794-aa11-f14fff3c8534','air-temperature','Air-Temperature','3245510c-2a7d-4fe1-82f2-d2b264c99b74', 'b4ea8385-48a3-4e95-82fb-d102dfcbcb54', '10e05b5c-7e96-434b-9182-a547333e1c52'),
('60b57014-52d8-454e-80b6-2a475e216fb4','stage','Stage','7b3e6470-50a7-4913-8b3a-288cb0eb4927', 'b49f214e-f69f-43da-9ce3-ad96042268d0', 'f777f2e2-5e32-424e-a1ca-19d16cd8abce'),
('a696608a-3e3d-4c89-9ee3-16dad777df9c','stage','Stage','6a50046f-75fe-4796-ac5e-90fee0fd9f37', 'b49f214e-f69f-43da-9ce3-ad96042268d0', 'f777f2e2-5e32-424e-a1ca-19d16cd8abce'),
('d2c36169-37aa-4f11-a0d0-264adc15fcfd','stage','Stage','d6e36bd2-065c-4290-bf6e-3fad29e861b6', 'b49f214e-f69f-43da-9ce3-ad96042268d0', 'f777f2e2-5e32-424e-a1ca-19d16cd8abce'),
('fa6116b6-750c-4a12-a02a-94e8532c7c1f','stage','Stage','bd625259-34ff-45be-9664-777eb90485e6', 'b49f214e-f69f-43da-9ce3-ad96042268d0', 'f777f2e2-5e32-424e-a1ca-19d16cd8abce'),
('a134f250-af10-412d-8c83-00970f4ecf2e','precipitation','Precipitation','bd625259-34ff-45be-9664-777eb90485e6', '0ce77a5a-8283-47cd-9126-c440bcec4ef6', '4ee79a3d-a053-41b8-85b5-bb2eea3c9d1a'),
('471ed829-bb5f-4aef-8e45-48e511e732c9','elevation','Elevation','db39b03c-bc65-4d66-8d4b-5c5e3894136b', '83b5a1f7-948b-4373-a47c-d73ff622aafd', 'f777f2e2-5e32-424e-a1ca-19d16cd8abce'),
('38e756f6-8e50-4320-9843-3a62e0ced38a','stage','Stage','cf35daf8-b53e-4f51-b12c-61c2f30a6e14', 'b49f214e-f69f-43da-9ce3-ad96042268d0', 'f777f2e2-5e32-424e-a1ca-19d16cd8abce'),
('02c630c8-bd07-40f8-bd78-035ec3a281b4','stage','Stage','8e4a1f6f-14bd-490e-bad9-9c1a528f3d04', 'b49f214e-f69f-43da-9ce3-ad96042268d0', 'f777f2e2-5e32-424e-a1ca-19d16cd8abce'),
('26e49544-081a-4bd1-875d-bbc6559b04bd','stage','Stage','44c1e611-8c32-4494-9a44-e58563283721', 'b49f214e-f69f-43da-9ce3-ad96042268d0', 'f777f2e2-5e32-424e-a1ca-19d16cd8abce'),
('3426349b-c58d-4f34-9cd1-3c3d7e084e8b','stage','Stage','dd4ce057-ad11-4de7-83b4-34006efa1748', 'b49f214e-f69f-43da-9ce3-ad96042268d0', 'f777f2e2-5e32-424e-a1ca-19d16cd8abce'),
('c1911d7c-963e-479e-a8c0-23f73a50f247','stage','Stage','2c5af532-40ad-4ed5-835f-517364cd3c26', 'b49f214e-f69f-43da-9ce3-ad96042268d0', 'f777f2e2-5e32-424e-a1ca-19d16cd8abce'),
('69991fed-ba69-447b-8d23-0216c214a567','stage','Stage','48ec40cb-4ae9-4a58-bc7b-b5f880694415', 'b49f214e-f69f-43da-9ce3-ad96042268d0', 'f777f2e2-5e32-424e-a1ca-19d16cd8abce'),
('2f235b2d-a0fb-4a7b-a6c3-4531af1f8681','precipitation','Precipitation','48ec40cb-4ae9-4a58-bc7b-b5f880694415', '0ce77a5a-8283-47cd-9126-c440bcec4ef6', '4ee79a3d-a053-41b8-85b5-bb2eea3c9d1a'),
('a1bd7ecb-7c81-4e0f-a47e-1a2f7df790f6','stage','Stage','2b3170ae-4295-478f-bd93-19911460ee2b', 'b49f214e-f69f-43da-9ce3-ad96042268d0', 'f777f2e2-5e32-424e-a1ca-19d16cd8abce'),
('11960475-fb0d-4d03-85c2-409b0b746e72','precipitation','Precipitation','2b3170ae-4295-478f-bd93-19911460ee2b', '0ce77a5a-8283-47cd-9126-c440bcec4ef6', '4ee79a3d-a053-41b8-85b5-bb2eea3c9d1a'),
('17238092-b5aa-4182-946a-f39b0b12ef8c','stage','Stage','624a1967-bb9a-4c77-ac69-ee45fde6cc03', 'b49f214e-f69f-43da-9ce3-ad96042268d0', 'f777f2e2-5e32-424e-a1ca-19d16cd8abce'),
('83dc0edc-e5b2-4a82-ac67-950199c99913','stage','Stage','56142c71-ab95-4abf-afcb-6dead26124a3', 'b49f214e-f69f-43da-9ce3-ad96042268d0', 'f777f2e2-5e32-424e-a1ca-19d16cd8abce'),
('41a13268-8fe1-49d5-9d8f-c867ae052f7d','precipitation','Precipitation','56142c71-ab95-4abf-afcb-6dead26124a3', '0ce77a5a-8283-47cd-9126-c440bcec4ef6', '4ee79a3d-a053-41b8-85b5-bb2eea3c9d1a'),
('83f70533-4fef-448a-b87d-27ebc09cd62b','stage','Stage','6600e65d-953f-46e0-b607-220b895c9464', 'b49f214e-f69f-43da-9ce3-ad96042268d0', 'f777f2e2-5e32-424e-a1ca-19d16cd8abce'),
('4c125837-a3f6-4dd0-a98d-415c04dbaa26','precipitation','Precipitation','6600e65d-953f-46e0-b607-220b895c9464', '0ce77a5a-8283-47cd-9126-c440bcec4ef6', '4ee79a3d-a053-41b8-85b5-bb2eea3c9d1a'),
('a76fb3d6-27cb-4bb5-8a89-c5508dca56d9','stage','Stage','e27eb234-6c85-4bd1-9b26-0d81b25aa815', 'b49f214e-f69f-43da-9ce3-ad96042268d0', 'f777f2e2-5e32-424e-a1ca-19d16cd8abce'),
('938bd1b5-e770-4ed3-801f-d0e4e9cd68b6','precipitation','Precipitation','e27eb234-6c85-4bd1-9b26-0d81b25aa815', '0ce77a5a-8283-47cd-9126-c440bcec4ef6', '4ee79a3d-a053-41b8-85b5-bb2eea3c9d1a'),
('f0e83bab-8c9d-45f0-93a5-a636d7b6f965','stage','Stage','0691a484-5148-4f24-a593-2996a98c2579', 'b49f214e-f69f-43da-9ce3-ad96042268d0', 'f777f2e2-5e32-424e-a1ca-19d16cd8abce'),
('30134305-2e0d-4ec2-bc34-ae55728d3866','precipitation','Precipitation','0691a484-5148-4f24-a593-2996a98c2579', '0ce77a5a-8283-47cd-9126-c440bcec4ef6', '4ee79a3d-a053-41b8-85b5-bb2eea3c9d1a'),
('fea45371-de35-47b2-9014-5a3201bd19b2','stage','Stage','c7e86fb5-dc50-4bf2-804e-3fe4187e9b96', 'b49f214e-f69f-43da-9ce3-ad96042268d0', 'f777f2e2-5e32-424e-a1ca-19d16cd8abce'),
('0ec2f927-c0af-4a02-96df-4f6c14c4407b','stage','Stage','827b5078-6ff1-4966-a62b-4aeda33141cb', 'b49f214e-f69f-43da-9ce3-ad96042268d0', 'f777f2e2-5e32-424e-a1ca-19d16cd8abce'),
('fe254cce-67a6-4299-bdba-67bc6efb2a1d','stage','Stage','aa313d28-3b3b-46f7-aa68-ce3d4133349d', 'b49f214e-f69f-43da-9ce3-ad96042268d0', 'f777f2e2-5e32-424e-a1ca-19d16cd8abce'),
('e28181e4-a9c6-46d7-8f6c-74a3821c1481','precipitation','Precipitation','aa313d28-3b3b-46f7-aa68-ce3d4133349d', '0ce77a5a-8283-47cd-9126-c440bcec4ef6', '4ee79a3d-a053-41b8-85b5-bb2eea3c9d1a'),
('e1a49639-2e62-4c72-8016-c9963d1403a3','stage','Stage','3e803787-ff1e-4cdf-ad80-05a2d08b7780', 'b49f214e-f69f-43da-9ce3-ad96042268d0', 'f777f2e2-5e32-424e-a1ca-19d16cd8abce'),
('3569bbf8-1fd1-43f7-b71a-d5f8ece292c2','precipitation','Precipitation','3e803787-ff1e-4cdf-ad80-05a2d08b7780', '0ce77a5a-8283-47cd-9126-c440bcec4ef6', '4ee79a3d-a053-41b8-85b5-bb2eea3c9d1a'),
('3c727b66-b020-44f9-a1e7-d9f8f0c29e5d','stage','Stage','7d12003d-6795-4791-8f03-472e024a221a', 'b49f214e-f69f-43da-9ce3-ad96042268d0', 'f777f2e2-5e32-424e-a1ca-19d16cd8abce'),
('a859e901-5e82-4dd3-846e-e7879fb2f119','elevation','Elevation','78f79c3b-3e82-4afa-b559-580310559b2c', '83b5a1f7-948b-4373-a47c-d73ff622aafd', 'f777f2e2-5e32-424e-a1ca-19d16cd8abce'),
('44d16420-435a-4075-961b-cc6366702f94','stage','Stage','78f79c3b-3e82-4afa-b559-580310559b2c', 'b49f214e-f69f-43da-9ce3-ad96042268d0', 'f777f2e2-5e32-424e-a1ca-19d16cd8abce'),
('5dd0bdf5-d08c-4081-b334-d66b666d34fe','elevation','Elevation','0eb0c4a7-7367-4c65-8536-0f1bc9a1ce3e', '83b5a1f7-948b-4373-a47c-d73ff622aafd', 'f777f2e2-5e32-424e-a1ca-19d16cd8abce'),
('9070cd4b-c9e9-4fbc-afbd-aa8bf5f4ca93','stage','Stage','cd4d17b2-e82a-4e61-acfd-cdb802f6b630', 'b49f214e-f69f-43da-9ce3-ad96042268d0', 'f777f2e2-5e32-424e-a1ca-19d16cd8abce'),
('b6abd2dc-b5d5-4f80-a147-c464719d6d60','precipitation','Precipitation','cd4d17b2-e82a-4e61-acfd-cdb802f6b630', '0ce77a5a-8283-47cd-9126-c440bcec4ef6', '4ee79a3d-a053-41b8-85b5-bb2eea3c9d1a'),
('d654a910-ff3a-4911-b7c6-db141631acf8','stage','Stage','7469c3ea-59aa-4e3a-b042-ee941f9d336e', 'b49f214e-f69f-43da-9ce3-ad96042268d0', 'f777f2e2-5e32-424e-a1ca-19d16cd8abce'),
('9d76fe20-0a79-4efc-8aaa-722e7aa4683f','precipitation','Precipitation','7469c3ea-59aa-4e3a-b042-ee941f9d336e', '0ce77a5a-8283-47cd-9126-c440bcec4ef6', '4ee79a3d-a053-41b8-85b5-bb2eea3c9d1a'),
('61317ee0-a349-4757-a254-ec6429f079d0','stage','Stage','297b5296-eb60-48b0-a331-27a1906a03a2', 'b49f214e-f69f-43da-9ce3-ad96042268d0', 'f777f2e2-5e32-424e-a1ca-19d16cd8abce'),
('6d16a9e1-a9de-48f1-8eb4-7f8f3ea383a0','stage','Stage','7f6dc2f9-6539-46d8-b229-29bcfb9560f4', 'b49f214e-f69f-43da-9ce3-ad96042268d0', 'f777f2e2-5e32-424e-a1ca-19d16cd8abce'),
('5de929d6-8a05-45f6-bcd2-80111c5ccf73','stage','Stage','fe7fb9cb-20e7-433a-924e-276f66040b48', 'b49f214e-f69f-43da-9ce3-ad96042268d0', 'f777f2e2-5e32-424e-a1ca-19d16cd8abce'),
('ce0ca45e-7200-4e68-894f-21974781933c','stage','Stage','e7e9fa45-385b-4b91-91e2-fd29f6644c91', 'b49f214e-f69f-43da-9ce3-ad96042268d0', 'f777f2e2-5e32-424e-a1ca-19d16cd8abce'),
('f17e7d74-d55b-4620-b4d5-db157ffa3e4d','stage','Stage','d49933f7-5b04-454c-a3ae-17533d3421fc', 'b49f214e-f69f-43da-9ce3-ad96042268d0', 'f777f2e2-5e32-424e-a1ca-19d16cd8abce'),
('f9987665-b9ee-4bf3-a18c-36aefd8632cd','precipitation','Precipitation','d49933f7-5b04-454c-a3ae-17533d3421fc', '0ce77a5a-8283-47cd-9126-c440bcec4ef6', '4ee79a3d-a053-41b8-85b5-bb2eea3c9d1a'),
('ece26b8e-acb4-45ba-b9d5-3187be9fbea4','stage','Stage','e2a7e288-f7e7-4f3b-8fdf-08e2e4664625', 'b49f214e-f69f-43da-9ce3-ad96042268d0', 'f777f2e2-5e32-424e-a1ca-19d16cd8abce'),
('f8bb7259-2983-4733-bea5-062144e42f59','precipitation','Precipitation','e2a7e288-f7e7-4f3b-8fdf-08e2e4664625', '0ce77a5a-8283-47cd-9126-c440bcec4ef6', '4ee79a3d-a053-41b8-85b5-bb2eea3c9d1a'),
('78055302-ae90-4bb0-8a7c-706405c5765b','stage','Stage','7f42bd21-236c-415b-af0d-e74899c57178', 'b49f214e-f69f-43da-9ce3-ad96042268d0', 'f777f2e2-5e32-424e-a1ca-19d16cd8abce'),
('6460deaa-1fc7-4cb7-863e-6931c68b976d','stage','Stage','d1744034-b41a-4c7b-9322-99e431a98143', 'b49f214e-f69f-43da-9ce3-ad96042268d0', 'f777f2e2-5e32-424e-a1ca-19d16cd8abce'),
('aa837426-919b-4151-8782-d91ad3c977a0','stage','Stage','7a8bd512-5a7e-4661-933e-936414be7c11', 'b49f214e-f69f-43da-9ce3-ad96042268d0', 'f777f2e2-5e32-424e-a1ca-19d16cd8abce'),
('4a807832-b96c-491e-99d9-782a76d75f00','stage','Stage','1320d031-d405-4ca3-837b-436b57226100', 'b49f214e-f69f-43da-9ce3-ad96042268d0', 'f777f2e2-5e32-424e-a1ca-19d16cd8abce'),
('cf8f403f-c98e-4ce8-aca5-5db33a24844c','stage','Stage','cf5304ac-2ce7-465c-8726-a6ca5204c10d', 'b49f214e-f69f-43da-9ce3-ad96042268d0', 'f777f2e2-5e32-424e-a1ca-19d16cd8abce'),
('0f5f0d99-305f-4bac-9715-c43fba300d8e','stage','Stage','5920e4a7-0e44-413a-bfcd-e024fb8d81a5', 'b49f214e-f69f-43da-9ce3-ad96042268d0', 'f777f2e2-5e32-424e-a1ca-19d16cd8abce'),
('9f122998-a56b-4885-aeb7-29f47ddc2532','stage','Stage','33398d2b-74c8-494c-b7a1-d8807a7472c9', 'b49f214e-f69f-43da-9ce3-ad96042268d0', 'f777f2e2-5e32-424e-a1ca-19d16cd8abce'),
('660cde4d-54e3-4c51-9c37-97ccc5509c18','stage','Stage','02e5faa1-1196-4429-a4f9-5ac3796c4faa', 'b49f214e-f69f-43da-9ce3-ad96042268d0', 'f777f2e2-5e32-424e-a1ca-19d16cd8abce'),
('1f8feec4-7523-4cb5-b83e-d9f412797e9c','stage','Stage','3f2413ea-315b-4c9f-88d2-2faf20c1bb64', 'b49f214e-f69f-43da-9ce3-ad96042268d0', 'f777f2e2-5e32-424e-a1ca-19d16cd8abce'),
('4dfa0f7a-b862-4098-83b2-0a2618aa1f90','precipitation','Precipitation','5573917c-dbff-407f-a50b-b766f68ed8ee', '0ce77a5a-8283-47cd-9126-c440bcec4ef6', '4ee79a3d-a053-41b8-85b5-bb2eea3c9d1a'),
('54f5be19-1f2c-4839-9fcb-5d16a6e88f66','air-temperature','Air-Temperature','5573917c-dbff-407f-a50b-b766f68ed8ee', 'b4ea8385-48a3-4e95-82fb-d102dfcbcb54', '10e05b5c-7e96-434b-9182-a547333e1c52'),
('4fd7da58-d390-4385-a0be-66ef5aae566e','stage','Stage','33566a82-03bc-437b-b554-bf468ccd969f', 'b49f214e-f69f-43da-9ce3-ad96042268d0', 'f777f2e2-5e32-424e-a1ca-19d16cd8abce'),
('3928ba62-7430-4272-8549-3395da0d1390','precipitation','Precipitation','33566a82-03bc-437b-b554-bf468ccd969f', '0ce77a5a-8283-47cd-9126-c440bcec4ef6', '4ee79a3d-a053-41b8-85b5-bb2eea3c9d1a'),
('8b4dafd3-2bbc-4391-ac27-d92bc216e04f','precipitation','Precipitation','a0769ae7-2954-4793-874e-ab5b28212013', '0ce77a5a-8283-47cd-9126-c440bcec4ef6', '4ee79a3d-a053-41b8-85b5-bb2eea3c9d1a'),
('1da7738f-44ce-43ab-9d16-b293622a9e26','air-temperature','Air-Temperature','a0769ae7-2954-4793-874e-ab5b28212013', 'b4ea8385-48a3-4e95-82fb-d102dfcbcb54', '10e05b5c-7e96-434b-9182-a547333e1c52');
