INSERT INTO project (id, office_id, slug, name, image) VALUES
    ('6b60b4e6-ff3a-4b8a-8426-93347824588f', '0154184e-2509-4485-b449-8eff4ab52eef', 
    'savannah-district-streamgages', 'Savannah District Streamgages', 'savannah-district-streamgages.jpg');

--#################################################
--DELETE existing data (mostly for dev, test, prod)
--#################################################

-- Delete Timeseries Measurements
delete from timeseries_measurement where timeseries_id in (
	select t.id from instrument i 
	join timeseries t on i.id = t.instrument_id
	where i.project_id = '6b60b4e6-ff3a-4b8a-8426-93347824588f');

-- Delete Timeseries
delete from timeseries where instrument_id in (
	select i.id from instrument i
	where i.project_id = '6b60b4e6-ff3a-4b8a-8426-93347824588f');
	
-- Delete Telemetry GOES
delete from telemetry_goes where id in (
	select telemetry_id from instrument_telemetry
	where telemetry_type_id='10a32652-af43-4451-bd52-4980c5690cc9'
	and instrument_id in (
		select i.id from instrument i
		where i.project_id = '6b60b4e6-ff3a-4b8a-8426-93347824588f')
	);

-- Delete Telemetry Iridium
delete from telemetry_iridium where id in (
	select telemetry_id from instrument_telemetry
	where telemetry_type_id='c0b03b0d-bfce-453a-b5a9-636118940449'
	and	instrument_id in (
		select i.id from instrument i
		where i.project_id = '6b60b4e6-ff3a-4b8a-8426-93347824588f')
	);
	
-- Delete Instrument Telemetry
delete from instrument_telemetry where instrument_id in (
	select i.id from instrument i
	where i.project_id = '6b60b4e6-ff3a-4b8a-8426-93347824588f'
    );
	
-- Delete Instrument Status
delete from instrument_status where instrument_id in (
	select i.id from instrument i
	where i.project_id = '6b60b4e6-ff3a-4b8a-8426-93347824588f'
    );

-- Delete Instrument Group Instruments
delete from instrument_group_instruments where instrument_id in (
	select id from instrument i
	where i.project_id = '6b60b4e6-ff3a-4b8a-8426-93347824588f'
	);

-- Delete Instrument Groups
delete from instrument_group 
where project_id = '6b60b4e6-ff3a-4b8a-8426-93347824588f';
	
--Delete Collection Groups

--Delete collection_group_timeseries

-- Delete Instruments
delete from instrument i 
where i.project_id = '6b60b4e6-ff3a-4b8a-8426-93347824588f';

-- Delete Alert Config

-- Delete Alert

--########################################
-- INSERT new data (built by script)
--########################################

--INSERT INSTRUMENTS--COUNT:49
INSERT INTO instrument(id, deleted, slug, name, formula, geometry, station, station_offset, create_date, update_date, type_id, project_id, creator, updater, usgs_id)
 VALUES 
('f15bbc65-b81b-4f2d-b953-8f407770488a', False, 'chattooga-river-at-burrells-ford-nr-pine-mtn-ga', 'CHATTOOGA RIVER AT BURRELLS FORD, NR PINE MTN, GA', null, ST_GeomFromText('POINT(-83.1194 34.9689)',4326), null, null, '2021-03-12T16:23:55.856839Z', null, '98a61f29-18a8-430a-9d02-0f53486e0984', '6b60b4e6-ff3a-4b8a-8426-93347824588f', '00000000-0000-0000-0000-000000000000', null, '02176930'),
('ac22b3f0-391d-456b-9121-0915e9128395', False, 'chattooga-river-near-clayton-ga', 'CHATTOOGA RIVER NEAR CLAYTON, GA', null, ST_GeomFromText('POINT(-83.306 34.814)',4326), null, null, '2021-03-12T16:23:56.190547Z', null, '98a61f29-18a8-430a-9d02-0f53486e0984', '6b60b4e6-ff3a-4b8a-8426-93347824588f', '00000000-0000-0000-0000-000000000000', null, '02177000'),
('5e07bfde-37a7-4647-add3-4967b97be84d', False, 'tallulah-river-near-clayton-ga', 'TALLULAH RIVER NEAR CLAYTON, GA', null, ST_GeomFromText('POINT(-83.5304 34.8904)',4326), null, null, '2021-03-12T16:23:56.512895Z', null, '98a61f29-18a8-430a-9d02-0f53486e0984', '6b60b4e6-ff3a-4b8a-8426-93347824588f', '00000000-0000-0000-0000-000000000000', null, '02178400'),
('1f730421-b1c6-496a-be70-0eac7bbd0569', False, 'tallulah-river-ab-powerhouse-nr-tallulah-falls-ga', 'TALLULAH RIVER AB POWERHOUSE, NR TALLULAH FALLS,GA', null, ST_GeomFromText('POINT(-83.3757 34.732)',4326), null, null, '2021-03-12T16:23:57.075205Z', null, '98a61f29-18a8-430a-9d02-0f53486e0984', '6b60b4e6-ff3a-4b8a-8426-93347824588f', '00000000-0000-0000-0000-000000000000', null, '02181580'),
('4ff4097b-41e4-41e7-b162-7e6f450d04e7', False, '02182000', '02182000', null, ST_GeomFromText('POINT(-83.3452 34.6779)',4326), null, null, '2021-03-12T16:23:57.490155Z', null, '98a61f29-18a8-430a-9d02-0f53486e0984', '6b60b4e6-ff3a-4b8a-8426-93347824588f', '00000000-0000-0000-0000-000000000000', null, '02182000'),
('eaacc1af-594d-4402-9a9c-14e02091463c', False, 'beaverdam-creek-above-elberton-ga', 'BEAVERDAM CREEK ABOVE ELBERTON, GA', null, ST_GeomFromText('POINT(-82.8965 34.1687)',4326), null, null, '2021-03-12T16:23:57.833207Z', null, '98a61f29-18a8-430a-9d02-0f53486e0984', '6b60b4e6-ff3a-4b8a-8426-93347824588f', '00000000-0000-0000-0000-000000000000', null, '02188600'),
('6c8bee7f-bdfd-4ed3-82f0-f6f228efc516', False, 'broad-river-above-carlton-ga', 'BROAD RIVER ABOVE CARLTON, GA', null, ST_GeomFromText('POINT(-83.0033 34.0733)',4326), null, null, '2021-03-12T16:23:58.181701Z', null, '98a61f29-18a8-430a-9d02-0f53486e0984', '6b60b4e6-ff3a-4b8a-8426-93347824588f', '00000000-0000-0000-0000-000000000000', null, '02191300'),
('9bb46afe-2234-4595-85df-3027ab01e462', False, 'broad-river-near-bell-ga', 'BROAD RIVER NEAR BELL, GA', null, ST_GeomFromText('POINT(-82.77 33.9742)',4326), null, null, '2021-03-12T16:23:58.547415Z', null, '98a61f29-18a8-430a-9d02-0f53486e0984', '6b60b4e6-ff3a-4b8a-8426-93347824588f', '00000000-0000-0000-0000-000000000000', null, '02192000'),
('3c237d5a-d700-4092-9f01-cbd6314979a4', False, 'kettle-creek-near-washington-ga', 'KETTLE CREEK NEAR WASHINGTON, GA', null, ST_GeomFromText('POINT(-82.8579 33.6826)',4326), null, null, '2021-03-12T16:23:58.994145Z', null, '98a61f29-18a8-430a-9d02-0f53486e0984', '6b60b4e6-ff3a-4b8a-8426-93347824588f', '00000000-0000-0000-0000-000000000000', null, '02193340'),
('50a3d15a-9408-465b-a143-4655e5ed345d', False, 'little-river-near-washington-ga', 'LITTLE RIVER NEAR WASHINGTON, GA', null, ST_GeomFromText('POINT(-82.7425 33.6128)',4326), null, null, '2021-03-12T16:23:59.327598Z', null, '98a61f29-18a8-430a-9d02-0f53486e0984', '6b60b4e6-ff3a-4b8a-8426-93347824588f', '00000000-0000-0000-0000-000000000000', null, '02193500'),
('87a81cbd-8cc8-4f29-aab3-d1ebedb78b24', False, 'kiokee-creek-at-ga-104-near-evans-ga', 'KIOKEE CREEK AT GA 104, NEAR EVANS, GA', null, ST_GeomFromText('POINT(-82.2326 33.601)',4326), null, null, '2021-03-12T16:23:59.803822Z', null, '98a61f29-18a8-430a-9d02-0f53486e0984', '6b60b4e6-ff3a-4b8a-8426-93347824588f', '00000000-0000-0000-0000-000000000000', null, '02195320'),
('9634693a-1d5f-4e95-8e78-c2ae40ac5a0c', False, 'butler-creek-below-7th-avenue-at-ft-gordon-ga', 'BUTLER CREEK BELOW 7TH AVENUE, AT FT. GORDON, GA', null, ST_GeomFromText('POINT(-82.1161 33.4386)',4326), null, null, '2021-03-12T16:24:00.205167Z', null, '98a61f29-18a8-430a-9d02-0f53486e0984', '6b60b4e6-ff3a-4b8a-8426-93347824588f', '00000000-0000-0000-0000-000000000000', null, '02196835'),
('952595d3-c5e9-40f4-a22c-ac4c0e8dee33', False, 'butler-creek-reservoir-at-fort-gordon-ga', 'BUTLER CREEK RESERVOIR AT FORT GORDON, GA', null, ST_GeomFromText('POINT(-82.0992 33.4258)',4326), null, null, '2021-03-12T16:24:01.500462Z', null, '98a61f29-18a8-430a-9d02-0f53486e0984', '6b60b4e6-ff3a-4b8a-8426-93347824588f', '00000000-0000-0000-0000-000000000000', null, '02196838'),
('005234ba-1cb4-4b79-ad5b-2b9982b7544b', False, 'spirit-creek-at-us-1-near-augusta-ga', 'SPIRIT CREEK AT US 1, NEAR AUGUSTA, GA', null, ST_GeomFromText('POINT(-82.139 33.3735)',4326), null, null, '2021-03-12T16:24:04.076279Z', null, '98a61f29-18a8-430a-9d02-0f53486e0984', '6b60b4e6-ff3a-4b8a-8426-93347824588f', '00000000-0000-0000-0000-000000000000', null, '02197020'),
('e08da097-1833-4ec5-b271-0c6ba47dcc4a', False, 'savannah-river-near-waynesboro-ga', 'SAVANNAH RIVER NEAR WAYNESBORO, GA', null, ST_GeomFromText('POINT(-81.7548 33.1499)',4326), null, null, '2021-03-12T16:24:06.284499Z', null, '98a61f29-18a8-430a-9d02-0f53486e0984', '6b60b4e6-ff3a-4b8a-8426-93347824588f', '00000000-0000-0000-0000-000000000000', null, '021973269'),
('cefbe623-b8de-4e6f-87e2-992b0dbf4fe9', False, 'brushy-creek-at-campground-road-near-wrens-ga', 'BRUSHY CREEK AT CAMPGROUND ROAD, NEAR WRENS, GA', null, ST_GeomFromText('POINT(-82.3343 33.1807)',4326), null, null, '2021-03-12T16:24:07.338996Z', null, '98a61f29-18a8-430a-9d02-0f53486e0984', '6b60b4e6-ff3a-4b8a-8426-93347824588f', '00000000-0000-0000-0000-000000000000', null, '02197598'),
('1afe57a9-fc1a-45bb-bfa8-e0a578a1ee64', False, 'brier-creek-near-waynesboro-ga', 'BRIER CREEK NEAR WAYNESBORO, GA', null, ST_GeomFromText('POINT(-81.9637 33.1182)',4326), null, null, '2021-03-12T16:24:07.721211Z', null, '98a61f29-18a8-430a-9d02-0f53486e0984', '6b60b4e6-ff3a-4b8a-8426-93347824588f', '00000000-0000-0000-0000-000000000000', null, '02197830'),
('97a23ce8-23bb-45bc-9ab3-16d57dce197c', False, 'brier-creek-at-millhaven-ga', 'BRIER CREEK AT MILLHAVEN, GA', null, ST_GeomFromText('POINT(-81.6512 32.9335)',4326), null, null, '2021-03-12T16:24:08.114775Z', null, '98a61f29-18a8-430a-9d02-0f53486e0984', '6b60b4e6-ff3a-4b8a-8426-93347824588f', '00000000-0000-0000-0000-000000000000', null, '02198000'),
('84cfa98f-6a00-4a3d-97b4-442b9212b6a7', False, 'beaverdam-creek-near-sardis-ga', 'BEAVERDAM CREEK NEAR SARDIS, GA', null, ST_GeomFromText('POINT(-81.8154 32.9377)',4326), null, null, '2021-03-12T16:24:08.444838Z', null, '98a61f29-18a8-430a-9d02-0f53486e0984', '6b60b4e6-ff3a-4b8a-8426-93347824588f', '00000000-0000-0000-0000-000000000000', null, '02198100'),
('971212d2-be5e-4b80-b2d7-0d19acc01cfa', False, 'ebenezer-creek-at-springfield-ga', 'EBENEZER CREEK AT SPRINGFIELD, GA', null, ST_GeomFromText('POINT(-81.2973 32.3657)',4326), null, null, '2021-03-12T16:24:08.790522Z', null, '98a61f29-18a8-430a-9d02-0f53486e0984', '6b60b4e6-ff3a-4b8a-8426-93347824588f', '00000000-0000-0000-0000-000000000000', null, '02198690'),
('3d69499f-9a7e-4efe-81b5-fe0f84df3d61', False, 'withlacoochee-river-at-us-41-near-valdosta-ga', 'WITHLACOOCHEE RIVER AT US 41 NEAR VALDOSTA GA', null, ST_GeomFromText('POINT(-81.1615 32.3532)',4326), null, null, '2021-03-12T16:24:09.105054Z', null, '98a61f29-18a8-430a-9d02-0f53486e0984', '6b60b4e6-ff3a-4b8a-8426-93347824588f', '00000000-0000-0000-0000-000000000000', null, '02198745'),
('6a157044-3688-45cb-98cf-c4515c024b4f', False, 'yellow-river-at-milstead-ga', 'YELLOW RIVER AT MILSTEAD GA', null, ST_GeomFromText('POINT(-81.1464 32.3003)',4326), null, null, '2021-03-12T16:24:09.453583Z', null, '98a61f29-18a8-430a-9d02-0f53486e0984', '6b60b4e6-ff3a-4b8a-8426-93347824588f', '00000000-0000-0000-0000-000000000000', null, '02198768'),
('a350805c-0d10-4fa0-9351-43424b2beca2', False, 'abercorn-creek-near-savannah-ga', 'ABERCORN CREEK NEAR SAVANNAH,GA', null, ST_GeomFromText('POINT(-81.1782 32.2558)',4326), null, null, '2021-03-12T16:24:09.837530Z', null, '98a61f29-18a8-430a-9d02-0f53486e0984', '6b60b4e6-ff3a-4b8a-8426-93347824588f', '00000000-0000-0000-0000-000000000000', null, '02198810'),
('31509bea-a87b-4d92-af78-aa825ff3ae2a', False, 'savannah-river-i-95-near-port-wentworth-ga', 'SAVANNAH RIVER (I-95) NEAR PORT WENTWORTH, GA', null, ST_GeomFromText('POINT(-81.1512 32.2358)',4326), null, null, '2021-03-12T16:24:10.175450Z', null, '98a61f29-18a8-430a-9d02-0f53486e0984', '6b60b4e6-ff3a-4b8a-8426-93347824588f', '00000000-0000-0000-0000-000000000000', null, '02198840'),
('4efebec3-04ac-4f9f-b49a-451770117fac', False, 'savannah-river-at-ga-25-at-port-wentworth-ga', 'SAVANNAH RIVER AT GA 25, AT PORT WENTWORTH, GA', null, ST_GeomFromText('POINT(-81.1537 32.166)',4326), null, null, '2021-03-12T16:24:10.598263Z', null, '98a61f29-18a8-430a-9d02-0f53486e0984', '6b60b4e6-ff3a-4b8a-8426-93347824588f', '00000000-0000-0000-0000-000000000000', null, '02198920'),
('6453d62e-e970-4592-a696-74f73bc09901', False, 'middle-river-at-ga-25-at-port-wentworth-ga', 'MIDDLE RIVER AT GA 25 AT PORT WENTWORTH, GA', null, ST_GeomFromText('POINT(-81.1383 32.1656)',4326), null, null, '2021-03-12T16:24:10.943146Z', null, '98a61f29-18a8-430a-9d02-0f53486e0984', '6b60b4e6-ff3a-4b8a-8426-93347824588f', '00000000-0000-0000-0000-000000000000', null, '02198950'),
('6492879d-184d-40e0-902f-65a26f121a83', False, 'savannah-river-at-usace-dock-at-savannah-ga', 'SAVANNAH RIVER AT USACE DOCK, AT SAVANNAH, GA', null, ST_GeomFromText('POINT(-81.0812 32.081)',4326), null, null, '2021-03-12T16:24:11.293437Z', null, '98a61f29-18a8-430a-9d02-0f53486e0984', '6b60b4e6-ff3a-4b8a-8426-93347824588f', '00000000-0000-0000-0000-000000000000', null, '021989773'),
('413b15a2-4666-4c43-a911-7e02548a3841', False, 'l-back-river-above-lucknow-canal-nr-limehouse-sc', 'L BACK RIVER ABOVE LUCKNOW CANAL, NR LIMEHOUSE, SC', null, ST_GeomFromText('POINT(-81.1179 32.1858)',4326), null, null, '2021-03-12T16:24:11.632270Z', null, '98a61f29-18a8-430a-9d02-0f53486e0984', '6b60b4e6-ff3a-4b8a-8426-93347824588f', '00000000-0000-0000-0000-000000000000', null, '021989784'),
('dead0d24-43b5-4383-9538-aa0769de9206', False, 'little-back-river-at-f&w-dock-near-limehouse-sc', 'LITTLE BACK RIVER AT F&W DOCK, NEAR LIMEHOUSE, SC', null, ST_GeomFromText('POINT(-81.1182 32.1708)',4326), null, null, '2021-03-12T16:24:11.969745Z', null, '98a61f29-18a8-430a-9d02-0f53486e0984', '6b60b4e6-ff3a-4b8a-8426-93347824588f', '00000000-0000-0000-0000-000000000000', null, '021989791'),
('cda5713a-6f72-4d10-9831-2ae368a7a909', False, 'little-back-river-at-ga-25-at-port-wentworth-ga', 'LITTLE BACK RIVER AT GA 25 AT PORT WENTWORTH, GA', null, ST_GeomFromText('POINT(-81.13 32.1658)',4326), null, null, '2021-03-12T16:24:12.496629Z', null, '98a61f29-18a8-430a-9d02-0f53486e0984', '6b60b4e6-ff3a-4b8a-8426-93347824588f', '00000000-0000-0000-0000-000000000000', null, '021989792'),
('093180ba-2e1d-4bbb-9dd4-feab113ce564', False, 'savannah-river-at-fort-pulaski-ga', 'SAVANNAH RIVER AT FORT PULASKI, GA', null, ST_GeomFromText('POINT(-80.9032 32.0341)',4326), null, null, '2021-03-12T16:24:12.829141Z', null, '98a61f29-18a8-430a-9d02-0f53486e0984', '6b60b4e6-ff3a-4b8a-8426-93347824588f', '00000000-0000-0000-0000-000000000000', null, '02198980'),
('924a4b3d-aa54-452d-955d-d5763b916c03', False, 'south-channel-savannah-river-near-savannah-ga', 'SOUTH CHANNEL (SAVANNAH RIVER) NEAR SAVANNAH, GA', null, ST_GeomFromText('POINT(-81.0023 32.0827)',4326), null, null, '2021-03-12T16:24:13.427343Z', null, '98a61f29-18a8-430a-9d02-0f53486e0984', '6b60b4e6-ff3a-4b8a-8426-93347824588f', '00000000-0000-0000-0000-000000000000', null, '02199000'),
('0f2a5b22-363e-472a-ab11-8aabd9779af2', False, 'twelvemile-creek-near-liberty-sc', 'TWELVEMILE CREEK NEAR LIBERTY, SC', null, ST_GeomFromText('POINT(-82.7485 34.8015)',4326), null, null, '2021-03-12T16:24:13.753090Z', null, '98a61f29-18a8-430a-9d02-0f53486e0984', '6b60b4e6-ff3a-4b8a-8426-93347824588f', '00000000-0000-0000-0000-000000000000', null, '02186000'),
('420d5ecc-20f5-46cb-bbfc-f9ec08874283', False, 'eighteenmile-creek-above-pendleton-sc', 'EIGHTEENMILE CREEK ABOVE PENDLETON, SC', null, ST_GeomFromText('POINT(-82.7988 34.659)',4326), null, null, '2021-03-12T16:24:14.074492Z', null, '98a61f29-18a8-430a-9d02-0f53486e0984', '6b60b4e6-ff3a-4b8a-8426-93347824588f', '00000000-0000-0000-0000-000000000000', null, '02186699'),
('8ae11ab9-2efa-410f-ac1c-ce1eb4b9e33f', False, 'hartwell-lake-near-anderson-sc', 'HARTWELL LAKE NEAR ANDERSON, SC', null, ST_GeomFromText('POINT(-82.8161 34.475)',4326), null, null, '2021-03-12T16:24:14.423103Z', null, '98a61f29-18a8-430a-9d02-0f53486e0984', '6b60b4e6-ff3a-4b8a-8426-93347824588f', '00000000-0000-0000-0000-000000000000', null, '02187010'),
('fd46c733-b662-4195-b96d-0369df362a11', False, 'rocky-river-nr-starr-sc', 'ROCKY RIVER NR STARR, SC', null, ST_GeomFromText('POINT(-82.5774 34.3832)',4326), null, null, '2021-03-12T16:24:14.751185Z', null, '98a61f29-18a8-430a-9d02-0f53486e0984', '6b60b4e6-ff3a-4b8a-8426-93347824588f', '00000000-0000-0000-0000-000000000000', null, '02187910'),
('8f7dc916-885e-43dd-850a-509741483b80', False, 'russell-lake-above-calhoun-falls-sc', 'RUSSELL LAKE ABOVE CALHOUN FALLS, SC', null, ST_GeomFromText('POINT(-82.6181 34.1011)',4326), null, null, '2021-03-12T16:24:15.098149Z', null, '98a61f29-18a8-430a-9d02-0f53486e0984', '6b60b4e6-ff3a-4b8a-8426-93347824588f', '00000000-0000-0000-0000-000000000000', null, '02188100'),
('f956ed57-4c11-45aa-ba97-137fc08f26f2', False, 'little-river-near-mt-carmel-sc', 'LITTLE RIVER NEAR MT. CARMEL, SC', null, ST_GeomFromText('POINT(-82.5007 34.0715)',4326), null, null, '2021-03-12T16:24:15.436417Z', null, '98a61f29-18a8-430a-9d02-0f53486e0984', '6b60b4e6-ff3a-4b8a-8426-93347824588f', '00000000-0000-0000-0000-000000000000', null, '02192500'),
('7a1d3531-440f-4a13-bc32-f43101ebac4d', False, 'thurmond-lake-near-plum-branch-sc', 'THURMOND LAKE NEAR PLUM BRANCH, SC', null, ST_GeomFromText('POINT(-82.3506 33.8403)',4326), null, null, '2021-03-12T16:24:15.763304Z', null, '98a61f29-18a8-430a-9d02-0f53486e0984', '6b60b4e6-ff3a-4b8a-8426-93347824588f', '00000000-0000-0000-0000-000000000000', null, '02193900'),
('0247a7d6-fb7f-4968-b6dc-c2e8f277dab6', False, 'savannah-river-near-evans-ga', 'SAVANNAH RIVER NEAR EVANS, GA', null, ST_GeomFromText('POINT(-82.1232 33.5929)',4326), null, null, '2021-03-12T16:24:16.099103Z', null, '98a61f29-18a8-430a-9d02-0f53486e0984', '6b60b4e6-ff3a-4b8a-8426-93347824588f', '00000000-0000-0000-0000-000000000000', null, '02195520'),
('195be647-588b-4973-bf02-8717a31d02e1', False, 'stevens-creek-near-modoc-sc', 'STEVENS CREEK NEAR MODOC, SC', null, ST_GeomFromText('POINT(-82.1818 33.7293)',4326), null, null, '2021-03-12T16:24:16.445858Z', null, '98a61f29-18a8-430a-9d02-0f53486e0984', '6b60b4e6-ff3a-4b8a-8426-93347824588f', '00000000-0000-0000-0000-000000000000', null, '02196000'),
('c2c43566-82eb-4901-a1d3-81f2200e193e', False, 'savannah-rvr-at-stevens-creek-dam-nr-morgana-sc', 'SAVANNAH RVR AT STEVENS CREEK DAM NR MORGANA, SC', null, ST_GeomFromText('POINT(-82.051 33.5629)',4326), null, null, '2021-03-12T16:24:16.811461Z', null, '98a61f29-18a8-430a-9d02-0f53486e0984', '6b60b4e6-ff3a-4b8a-8426-93347824588f', '00000000-0000-0000-0000-000000000000', null, '02196483'),
('f8a51a89-74ce-4c03-bc93-594c97b7de00', False, 'augusta-canal-nr-augusta-ga-upper', 'AUGUSTA CANAL NR AUGUSTA, GA (UPPER)', null, ST_GeomFromText('POINT(-82.0379 33.5493)',4326), null, null, '2021-03-12T16:24:17.138369Z', null, '98a61f29-18a8-430a-9d02-0f53486e0984', '6b60b4e6-ff3a-4b8a-8426-93347824588f', '00000000-0000-0000-0000-000000000000', null, '02196485'),
('34b223e2-5394-466b-b7ac-9d84788a4db3', False, 'horse-creek-at-clearwater-sc', 'HORSE CREEK AT CLEARWATER, SC', null, ST_GeomFromText('POINT(-81.8971 33.4849)',4326), null, null, '2021-03-12T16:24:17.928663Z', null, '98a61f29-18a8-430a-9d02-0f53486e0984', '6b60b4e6-ff3a-4b8a-8426-93347824588f', '00000000-0000-0000-0000-000000000000', null, '02196690'),
('01de28df-bf75-428c-ae1d-f4feb975db63', False, '021970161', '021970161', null, ST_GeomFromText('POINT(-82.1572 33.39)',4326), null, null, '2021-03-12T16:24:18.253181Z', null, '98a61f29-18a8-430a-9d02-0f53486e0984', '6b60b4e6-ff3a-4b8a-8426-93347824588f', '00000000-0000-0000-0000-000000000000', null, '021970161'),
('ace2e8fb-6357-4bc2-90be-b47e426caf1d', False, 'savannah-r-at-burtons-ferry-br-nr-millhaven-ga', 'SAVANNAH R AT BURTONS FERRY BR NR MILLHAVEN, GA', null, ST_GeomFromText('POINT(-81.5026 32.939)',4326), null, null, '2021-03-12T16:24:18.587471Z', null, '98a61f29-18a8-430a-9d02-0f53486e0984', '6b60b4e6-ff3a-4b8a-8426-93347824588f', '00000000-0000-0000-0000-000000000000', null, '02197500'),
('02675aaf-22fc-426a-bcab-228f285857c1', False, 'savannah-river-near-estill-sc', 'SAVANNAH RIVER NEAR ESTILL, SC', null, ST_GeomFromText('POINT(-81.4283 32.7033)',4326), null, null, '2021-03-12T16:24:18.908695Z', null, '98a61f29-18a8-430a-9d02-0f53486e0984', '6b60b4e6-ff3a-4b8a-8426-93347824588f', '00000000-0000-0000-0000-000000000000', null, '02198375'),
('7c73c2ba-9e4f-4ac4-885b-d51aea328d5f', False, 'savannah-river-near-clyo-ga', 'SAVANNAH RIVER NEAR CLYO, GA', null, ST_GeomFromText('POINT(-81.2687 32.5282)',4326), null, null, '2021-03-12T16:24:19.236463Z', null, '98a61f29-18a8-430a-9d02-0f53486e0984', '6b60b4e6-ff3a-4b8a-8426-93347824588f', '00000000-0000-0000-0000-000000000000', null, '02198500'),
('cd09e10e-ab4d-49ba-830d-31e34f8faaa3', False, 'savannah-river-above-hardeeville-sc', 'SAVANNAH RIVER ABOVE HARDEEVILLE, SC', null, ST_GeomFromText('POINT(-81.1284 32.3394)',4326), null, null, '2021-03-12T16:24:19.594214Z', null, '98a61f29-18a8-430a-9d02-0f53486e0984', '6b60b4e6-ff3a-4b8a-8426-93347824588f', '00000000-0000-0000-0000-000000000000', null, '02198760');

--INSERT INSTRUMENT STATUS--
INSERT INTO instrument_status(id, instrument_id, status_id, "time")
 VALUES 
('ed0639d0-947e-4602-8f5e-38799a987e73', 'f15bbc65-b81b-4f2d-b953-8f407770488a', 'e26ba2ef-9b52-4c71-97df-9e4b6cf4174d', '2021-03-12T16:23:55.856839Z'),
('ab4be956-a4f0-4b27-b8db-b303e82e0eb6', 'ac22b3f0-391d-456b-9121-0915e9128395', 'e26ba2ef-9b52-4c71-97df-9e4b6cf4174d', '2021-03-12T16:23:56.190547Z'),
('64b163b1-6b0b-4ef6-b57f-5f9dbd44da5d', '5e07bfde-37a7-4647-add3-4967b97be84d', 'e26ba2ef-9b52-4c71-97df-9e4b6cf4174d', '2021-03-12T16:23:56.512895Z'),
('21a94993-72ef-455d-abde-86c7b5a2e168', '1f730421-b1c6-496a-be70-0eac7bbd0569', 'e26ba2ef-9b52-4c71-97df-9e4b6cf4174d', '2021-03-12T16:23:57.075205Z'),
('adabc00c-1ff6-4b97-a262-0cd5ce25dfe8', '4ff4097b-41e4-41e7-b162-7e6f450d04e7', 'e26ba2ef-9b52-4c71-97df-9e4b6cf4174d', '2021-03-12T16:23:57.490155Z'),
('7f3c3ba8-9617-46ae-9f78-3e227594251f', 'eaacc1af-594d-4402-9a9c-14e02091463c', 'e26ba2ef-9b52-4c71-97df-9e4b6cf4174d', '2021-03-12T16:23:57.833207Z'),
('ad662d75-2953-4702-8d03-221967a1b244', '6c8bee7f-bdfd-4ed3-82f0-f6f228efc516', 'e26ba2ef-9b52-4c71-97df-9e4b6cf4174d', '2021-03-12T16:23:58.181701Z'),
('46ec336f-29a7-4fac-995d-a125d14a91f0', '9bb46afe-2234-4595-85df-3027ab01e462', 'e26ba2ef-9b52-4c71-97df-9e4b6cf4174d', '2021-03-12T16:23:58.547415Z'),
('7131f138-5d8b-4e23-908a-88b929075bf4', '3c237d5a-d700-4092-9f01-cbd6314979a4', 'e26ba2ef-9b52-4c71-97df-9e4b6cf4174d', '2021-03-12T16:23:58.994145Z'),
('50a3b9db-d957-4d90-8ba4-832c88ef32ab', '50a3d15a-9408-465b-a143-4655e5ed345d', 'e26ba2ef-9b52-4c71-97df-9e4b6cf4174d', '2021-03-12T16:23:59.327598Z'),
('384e7d7a-b01a-467e-ab13-3a02a0c3cdfe', '87a81cbd-8cc8-4f29-aab3-d1ebedb78b24', 'e26ba2ef-9b52-4c71-97df-9e4b6cf4174d', '2021-03-12T16:23:59.803822Z'),
('69fb8631-0265-4819-87f1-affddba3dc6e', '9634693a-1d5f-4e95-8e78-c2ae40ac5a0c', 'e26ba2ef-9b52-4c71-97df-9e4b6cf4174d', '2021-03-12T16:24:00.205167Z'),
('1cc83cfc-b3d1-40ab-909e-263b8577ad27', '952595d3-c5e9-40f4-a22c-ac4c0e8dee33', 'e26ba2ef-9b52-4c71-97df-9e4b6cf4174d', '2021-03-12T16:24:01.500462Z'),
('b65ce2df-61b1-4172-8bf3-115d181204f1', '005234ba-1cb4-4b79-ad5b-2b9982b7544b', 'e26ba2ef-9b52-4c71-97df-9e4b6cf4174d', '2021-03-12T16:24:04.076279Z'),
('2439bd48-7507-4e58-86a6-491b876128f7', 'e08da097-1833-4ec5-b271-0c6ba47dcc4a', 'e26ba2ef-9b52-4c71-97df-9e4b6cf4174d', '2021-03-12T16:24:06.284499Z'),
('f81d5332-ae32-4445-a54e-b9d8b82e9b2d', 'cefbe623-b8de-4e6f-87e2-992b0dbf4fe9', 'e26ba2ef-9b52-4c71-97df-9e4b6cf4174d', '2021-03-12T16:24:07.338996Z'),
('c923fb77-dddf-4d55-9607-979972ea93a8', '1afe57a9-fc1a-45bb-bfa8-e0a578a1ee64', 'e26ba2ef-9b52-4c71-97df-9e4b6cf4174d', '2021-03-12T16:24:07.721211Z'),
('b256d428-6e9c-49e2-9b8c-00e91fc5d5e1', '97a23ce8-23bb-45bc-9ab3-16d57dce197c', 'e26ba2ef-9b52-4c71-97df-9e4b6cf4174d', '2021-03-12T16:24:08.114775Z'),
('f343f344-5f16-41f9-af54-2c165028d3c2', '84cfa98f-6a00-4a3d-97b4-442b9212b6a7', 'e26ba2ef-9b52-4c71-97df-9e4b6cf4174d', '2021-03-12T16:24:08.444838Z'),
('d6862a65-e4d6-4a2c-a3e6-8ac0a6bfee2d', '971212d2-be5e-4b80-b2d7-0d19acc01cfa', 'e26ba2ef-9b52-4c71-97df-9e4b6cf4174d', '2021-03-12T16:24:08.790522Z'),
('dfc9d872-ba5e-4881-8ed4-4f8928342114', '3d69499f-9a7e-4efe-81b5-fe0f84df3d61', 'e26ba2ef-9b52-4c71-97df-9e4b6cf4174d', '2021-03-12T16:24:09.105054Z'),
('8bb07abf-bf6d-4db1-ab24-01a8f37e1669', '6a157044-3688-45cb-98cf-c4515c024b4f', 'e26ba2ef-9b52-4c71-97df-9e4b6cf4174d', '2021-03-12T16:24:09.453583Z'),
('842989f7-b41a-4b57-957d-6df9ec62f84a', 'a350805c-0d10-4fa0-9351-43424b2beca2', 'e26ba2ef-9b52-4c71-97df-9e4b6cf4174d', '2021-03-12T16:24:09.837530Z'),
('88e67627-55f4-4c43-9385-89e8534ccf9b', '31509bea-a87b-4d92-af78-aa825ff3ae2a', 'e26ba2ef-9b52-4c71-97df-9e4b6cf4174d', '2021-03-12T16:24:10.175450Z'),
('c48f80d7-5318-4940-a188-300bc00fffb3', '4efebec3-04ac-4f9f-b49a-451770117fac', 'e26ba2ef-9b52-4c71-97df-9e4b6cf4174d', '2021-03-12T16:24:10.598263Z'),
('0ae61688-98cf-45c9-89f1-643169955d7e', '6453d62e-e970-4592-a696-74f73bc09901', 'e26ba2ef-9b52-4c71-97df-9e4b6cf4174d', '2021-03-12T16:24:10.943146Z'),
('ece7fbed-ea6b-4d74-8d15-982c6e856561', '6492879d-184d-40e0-902f-65a26f121a83', 'e26ba2ef-9b52-4c71-97df-9e4b6cf4174d', '2021-03-12T16:24:11.293437Z'),
('8c1bcfe0-13d5-486d-b4e2-d35bcc8502be', '413b15a2-4666-4c43-a911-7e02548a3841', 'e26ba2ef-9b52-4c71-97df-9e4b6cf4174d', '2021-03-12T16:24:11.632270Z'),
('8a186201-ad46-493b-85f9-a339406490b6', 'dead0d24-43b5-4383-9538-aa0769de9206', 'e26ba2ef-9b52-4c71-97df-9e4b6cf4174d', '2021-03-12T16:24:11.969745Z'),
('6586ecd8-5886-4cca-bf08-d785213fa91f', 'cda5713a-6f72-4d10-9831-2ae368a7a909', 'e26ba2ef-9b52-4c71-97df-9e4b6cf4174d', '2021-03-12T16:24:12.496629Z'),
('11e2d3db-429e-47a2-903f-35046500f17d', '093180ba-2e1d-4bbb-9dd4-feab113ce564', 'e26ba2ef-9b52-4c71-97df-9e4b6cf4174d', '2021-03-12T16:24:12.829141Z'),
('b053c306-0ca4-49bf-88c6-89d991536cb5', '924a4b3d-aa54-452d-955d-d5763b916c03', 'e26ba2ef-9b52-4c71-97df-9e4b6cf4174d', '2021-03-12T16:24:13.427343Z'),
('33c60c86-7505-4aa3-9cb8-21638ff2c3d0', '0f2a5b22-363e-472a-ab11-8aabd9779af2', 'e26ba2ef-9b52-4c71-97df-9e4b6cf4174d', '2021-03-12T16:24:13.753090Z'),
('352f0258-02ab-4121-a059-9c5cdee68510', '420d5ecc-20f5-46cb-bbfc-f9ec08874283', 'e26ba2ef-9b52-4c71-97df-9e4b6cf4174d', '2021-03-12T16:24:14.074492Z'),
('5b7b9166-d7e7-4b2f-87e2-efba9b708439', '8ae11ab9-2efa-410f-ac1c-ce1eb4b9e33f', 'e26ba2ef-9b52-4c71-97df-9e4b6cf4174d', '2021-03-12T16:24:14.423103Z'),
('d025a6e4-8f05-48ad-b3cd-5dad9ccc3d01', 'fd46c733-b662-4195-b96d-0369df362a11', 'e26ba2ef-9b52-4c71-97df-9e4b6cf4174d', '2021-03-12T16:24:14.751185Z'),
('e0093731-f0e7-4e7e-ac85-b6e96b246c6a', '8f7dc916-885e-43dd-850a-509741483b80', 'e26ba2ef-9b52-4c71-97df-9e4b6cf4174d', '2021-03-12T16:24:15.098149Z'),
('b95881c4-b242-4c46-8855-3801030eec9c', 'f956ed57-4c11-45aa-ba97-137fc08f26f2', 'e26ba2ef-9b52-4c71-97df-9e4b6cf4174d', '2021-03-12T16:24:15.436417Z'),
('c67ccc9b-cb13-44bb-a109-942ee7e1644a', '7a1d3531-440f-4a13-bc32-f43101ebac4d', 'e26ba2ef-9b52-4c71-97df-9e4b6cf4174d', '2021-03-12T16:24:15.763304Z'),
('b145cc25-0a33-4a15-963f-13b3a6cdfbb6', '0247a7d6-fb7f-4968-b6dc-c2e8f277dab6', 'e26ba2ef-9b52-4c71-97df-9e4b6cf4174d', '2021-03-12T16:24:16.099103Z'),
('95173b09-9ab4-41cd-9ebe-597060135763', '195be647-588b-4973-bf02-8717a31d02e1', 'e26ba2ef-9b52-4c71-97df-9e4b6cf4174d', '2021-03-12T16:24:16.445858Z'),
('9be21f3c-1223-4002-8bfc-72d280ca824a', 'c2c43566-82eb-4901-a1d3-81f2200e193e', 'e26ba2ef-9b52-4c71-97df-9e4b6cf4174d', '2021-03-12T16:24:16.811461Z'),
('2efc2690-2629-4248-97c4-1b16205d4b14', 'f8a51a89-74ce-4c03-bc93-594c97b7de00', 'e26ba2ef-9b52-4c71-97df-9e4b6cf4174d', '2021-03-12T16:24:17.138369Z'),
('5e212e1e-dafb-41f4-85f7-ce9ecd2e6854', '34b223e2-5394-466b-b7ac-9d84788a4db3', 'e26ba2ef-9b52-4c71-97df-9e4b6cf4174d', '2021-03-12T16:24:17.928663Z'),
('605bfaac-f9dd-44a1-8093-f4a8c58bd416', '01de28df-bf75-428c-ae1d-f4feb975db63', 'e26ba2ef-9b52-4c71-97df-9e4b6cf4174d', '2021-03-12T16:24:18.253181Z'),
('0ae6ccda-2f8c-440a-a9c2-4ed9ee2612ff', 'ace2e8fb-6357-4bc2-90be-b47e426caf1d', 'e26ba2ef-9b52-4c71-97df-9e4b6cf4174d', '2021-03-12T16:24:18.587471Z'),
('7c4ffed0-eed2-460b-b055-532a287e7d49', '02675aaf-22fc-426a-bcab-228f285857c1', 'e26ba2ef-9b52-4c71-97df-9e4b6cf4174d', '2021-03-12T16:24:18.908695Z'),
('3fdbcee3-6a13-4e20-bc02-02419ba21b8e', '7c73c2ba-9e4f-4ac4-885b-d51aea328d5f', 'e26ba2ef-9b52-4c71-97df-9e4b6cf4174d', '2021-03-12T16:24:19.236463Z'),
('67e35a18-0f15-4385-ae0d-eacf304512c4', 'cd09e10e-ab4d-49ba-830d-31e34f8faaa3', 'e26ba2ef-9b52-4c71-97df-9e4b6cf4174d', '2021-03-12T16:24:19.594214Z');

--INSERT TELEMETRY_GOES--COUNT:43
INSERT INTO telemetry_goes (id, nesdis_id) select '507807ae-8b20-4324-b7e4-b1ffe6bd6996', 'DE203122' where not exists (select 1 from telemetry_goes where nesdis_id = 'DE203122');
INSERT INTO telemetry_goes (id, nesdis_id) select '37fc4772-3bce-429f-a629-69c5cbe79161', '17ACC13E' where not exists (select 1 from telemetry_goes where nesdis_id = '17ACC13E');
INSERT INTO telemetry_goes (id, nesdis_id) select '7270cd14-11ec-49b0-82a6-ad45c660fa1a', 'DE25E08A' where not exists (select 1 from telemetry_goes where nesdis_id = 'DE25E08A');
INSERT INTO telemetry_goes (id, nesdis_id) select 'dddf77b8-f0c8-4dc7-8d8d-ca9f81eae773', 'CE8771CE' where not exists (select 1 from telemetry_goes where nesdis_id = 'CE8771CE');
INSERT INTO telemetry_goes (id, nesdis_id) select '7450b03a-4b8f-4985-a4a5-a3c2d5cd41a0', 'DE15F58C' where not exists (select 1 from telemetry_goes where nesdis_id = 'DE15F58C');
INSERT INTO telemetry_goes (id, nesdis_id) select '4d55cbc9-528a-4dad-b904-3c08065862b1', 'DD8D036E' where not exists (select 1 from telemetry_goes where nesdis_id = 'DD8D036E');
INSERT INTO telemetry_goes (id, nesdis_id) select 'f730fdd1-3017-4cb3-a924-24cdc2dd287d', 'DE160206' where not exists (select 1 from telemetry_goes where nesdis_id = 'DE160206');
INSERT INTO telemetry_goes (id, nesdis_id) select '37e3ad68-2cf6-41b9-b984-2f65410985bf', '17E731CE' where not exists (select 1 from telemetry_goes where nesdis_id = '17E731CE');
INSERT INTO telemetry_goes (id, nesdis_id) select '2f264ef4-5ea5-4642-acf5-b81cc3764e61', 'CE8721B2' where not exists (select 1 from telemetry_goes where nesdis_id = 'CE8721B2');
INSERT INTO telemetry_goes (id, nesdis_id) select '0d79fec6-ce70-439a-9ac6-8261a119fef0', '17F2177C' where not exists (select 1 from telemetry_goes where nesdis_id = '17F2177C');
INSERT INTO telemetry_goes (id, nesdis_id) select '3b40095a-0d14-4c39-8eac-604819b527f2', 'DD22D5C2' where not exists (select 1 from telemetry_goes where nesdis_id = 'DD22D5C2');
INSERT INTO telemetry_goes (id, nesdis_id) select 'c990196d-3b29-4bbb-9c96-7d23d9b71d5d', '17E7475E' where not exists (select 1 from telemetry_goes where nesdis_id = '17E7475E');
INSERT INTO telemetry_goes (id, nesdis_id) select '456565fc-0420-46f9-8f50-6ec70e107c12', 'DD64F03C' where not exists (select 1 from telemetry_goes where nesdis_id = 'DD64F03C');
INSERT INTO telemetry_goes (id, nesdis_id) select 'aa19624a-9ec5-479a-b5b1-686072e0712a', 'DDB645BC' where not exists (select 1 from telemetry_goes where nesdis_id = 'DDB645BC');
INSERT INTO telemetry_goes (id, nesdis_id) select 'f794d12d-6858-4cd9-b172-46a315c03666', 'DDB0A680' where not exists (select 1 from telemetry_goes where nesdis_id = 'DDB0A680');
INSERT INTO telemetry_goes (id, nesdis_id) select 'a9893aed-e5cf-4df6-b3ab-1d3bd3747297', 'DD49F2B4' where not exists (select 1 from telemetry_goes where nesdis_id = 'DD49F2B4');
INSERT INTO telemetry_goes (id, nesdis_id) select '8726b5ac-3a04-45de-b944-f8c12d5b2b0d', 'DD4A1648' where not exists (select 1 from telemetry_goes where nesdis_id = 'DD4A1648');
INSERT INTO telemetry_goes (id, nesdis_id) select '9ac741df-df47-4150-925b-73d6ee00bedd', '17B5F566' where not exists (select 1 from telemetry_goes where nesdis_id = '17B5F566');
INSERT INTO telemetry_goes (id, nesdis_id) select 'ceea51ef-2406-466e-991b-cc41383ca02f', '17B6670A' where not exists (select 1 from telemetry_goes where nesdis_id = '17B6670A');
INSERT INTO telemetry_goes (id, nesdis_id) select '27aa6ebb-0347-46b6-8cc6-787bb73c80ad', '17456210' where not exists (select 1 from telemetry_goes where nesdis_id = '17456210');
INSERT INTO telemetry_goes (id, nesdis_id) select 'e21a4ec6-aaa8-46cf-906c-b5456f4093f2', '17D33284' where not exists (select 1 from telemetry_goes where nesdis_id = '17D33284');
INSERT INTO telemetry_goes (id, nesdis_id) select '41db16a1-53de-4383-a8cc-d73299b3d0e3', 'DD24C67A' where not exists (select 1 from telemetry_goes where nesdis_id = 'DD24C67A');
INSERT INTO telemetry_goes (id, nesdis_id) select '5a125ba3-bae3-4769-95cb-c829ba33ae68', '17B71360' where not exists (select 1 from telemetry_goes where nesdis_id = '17B71360');
INSERT INTO telemetry_goes (id, nesdis_id) select '6212f337-6e01-4009-897d-ddbd88e2b271', '17CDA410' where not exists (select 1 from telemetry_goes where nesdis_id = '17CDA410');
INSERT INTO telemetry_goes (id, nesdis_id) select '025d5828-7f6d-4c37-9abe-b49fa9eb116e', '17B6E11E' where not exists (select 1 from telemetry_goes where nesdis_id = '17B6E11E');
INSERT INTO telemetry_goes (id, nesdis_id) select '4fd07458-6f28-4d5c-bb77-66a09119faf0', '17CD610E' where not exists (select 1 from telemetry_goes where nesdis_id = '17CD610E');
INSERT INTO telemetry_goes (id, nesdis_id) select '31a3ecd0-1702-4415-8d28-83f015a6faf8', 'CE87923C' where not exists (select 1 from telemetry_goes where nesdis_id = 'CE87923C');
INSERT INTO telemetry_goes (id, nesdis_id) select '164c5df2-41e8-4c14-9bce-151ecf748c09', '17055456' where not exists (select 1 from telemetry_goes where nesdis_id = '17055456');
INSERT INTO telemetry_goes (id, nesdis_id) select 'f3a006a6-9d37-415e-92b1-9257e47f1ee2', 'CE87814A' where not exists (select 1 from telemetry_goes where nesdis_id = 'CE87814A');
INSERT INTO telemetry_goes (id, nesdis_id) select 'd55fe709-4970-462f-9230-acd0b48cc0a4', 'CE8762B8' where not exists (select 1 from telemetry_goes where nesdis_id = 'CE8762B8');
INSERT INTO telemetry_goes (id, nesdis_id) select '06f1d469-8ef2-4fb0-ab56-afef44526cf7', 'CE875722' where not exists (select 1 from telemetry_goes where nesdis_id = 'CE875722');
INSERT INTO telemetry_goes (id, nesdis_id) select 'b8a9ea65-14b4-4caf-98a1-ef0c957e1e61', 'CE874454' where not exists (select 1 from telemetry_goes where nesdis_id = 'CE874454');
INSERT INTO telemetry_goes (id, nesdis_id) select '493463a4-9789-4c9a-b6e5-1bbd8e1eaf43', 'CE871428' where not exists (select 1 from telemetry_goes where nesdis_id = 'CE871428');
INSERT INTO telemetry_goes (id, nesdis_id) select '9e2ba67c-1ea3-4bb4-82cf-f2aa65f4f5ae', 'CE87075E' where not exists (select 1 from telemetry_goes where nesdis_id = 'CE87075E');
INSERT INTO telemetry_goes (id, nesdis_id) select '531d495c-c70b-4904-ada0-896b565a0d4c', 'DD2CC2DC' where not exists (select 1 from telemetry_goes where nesdis_id = 'DD2CC2DC');
INSERT INTO telemetry_goes (id, nesdis_id) select '2a29652d-a3a2-4e9d-b9c0-981599851560', 'CE87E4AC' where not exists (select 1 from telemetry_goes where nesdis_id = 'CE87E4AC');
INSERT INTO telemetry_goes (id, nesdis_id) select 'e253eb0d-6b3b-4a0e-9fee-c3a89cb2b0cb', '17EAE4C0' where not exists (select 1 from telemetry_goes where nesdis_id = '17EAE4C0');
INSERT INTO telemetry_goes (id, nesdis_id) select '1002a594-14ca-403f-8726-0f7a1625e7c4', 'CE87F7DA' where not exists (select 1 from telemetry_goes where nesdis_id = 'CE87F7DA');
INSERT INTO telemetry_goes (id, nesdis_id) select '8b0909cd-8847-4693-9d18-da154f671b11', 'DE25D510' where not exists (select 1 from telemetry_goes where nesdis_id = 'DE25D510');
INSERT INTO telemetry_goes (id, nesdis_id) select 'b6c060a3-413b-485e-9fa6-f95badc5fba8', 'CE86B62A' where not exists (select 1 from telemetry_goes where nesdis_id = 'CE86B62A');
INSERT INTO telemetry_goes (id, nesdis_id) select 'bec03dd2-4c87-4046-966a-2924f155909b', 'DE0CA432' where not exists (select 1 from telemetry_goes where nesdis_id = 'DE0CA432');
INSERT INTO telemetry_goes (id, nesdis_id) select 'c190f7cd-5174-4aff-a7dd-87c6b6326e30', 'D11C04F8' where not exists (select 1 from telemetry_goes where nesdis_id = 'D11C04F8');
INSERT INTO telemetry_goes (id, nesdis_id) select '35f6ef3c-5bcd-43e0-b2e4-32953d0ece63', 'DE0CD2A2' where not exists (select 1 from telemetry_goes where nesdis_id = 'DE0CD2A2');

--INSERT INSTRUMENT_TELEMETRY--COUNT:43
INSERT INTO instrument_telemetry (instrument_id, telemetry_type_id, telemetry_id) 
VALUES
('f15bbc65-b81b-4f2d-b953-8f407770488a', '10a32652-af43-4451-bd52-4980c5690cc9', '507807ae-8b20-4324-b7e4-b1ffe6bd6996'),
('ac22b3f0-391d-456b-9121-0915e9128395', '10a32652-af43-4451-bd52-4980c5690cc9', '37fc4772-3bce-429f-a629-69c5cbe79161'),
('4ff4097b-41e4-41e7-b162-7e6f450d04e7', '10a32652-af43-4451-bd52-4980c5690cc9', '7270cd14-11ec-49b0-82a6-ad45c660fa1a'),
('eaacc1af-594d-4402-9a9c-14e02091463c', '10a32652-af43-4451-bd52-4980c5690cc9', 'dddf77b8-f0c8-4dc7-8d8d-ca9f81eae773'),
('6c8bee7f-bdfd-4ed3-82f0-f6f228efc516', '10a32652-af43-4451-bd52-4980c5690cc9', '7450b03a-4b8f-4985-a4a5-a3c2d5cd41a0'),
('9bb46afe-2234-4595-85df-3027ab01e462', '10a32652-af43-4451-bd52-4980c5690cc9', '4d55cbc9-528a-4dad-b904-3c08065862b1'),
('3c237d5a-d700-4092-9f01-cbd6314979a4', '10a32652-af43-4451-bd52-4980c5690cc9', 'f730fdd1-3017-4cb3-a924-24cdc2dd287d'),
('50a3d15a-9408-465b-a143-4655e5ed345d', '10a32652-af43-4451-bd52-4980c5690cc9', '37e3ad68-2cf6-41b9-b984-2f65410985bf'),
('87a81cbd-8cc8-4f29-aab3-d1ebedb78b24', '10a32652-af43-4451-bd52-4980c5690cc9', '2f264ef4-5ea5-4642-acf5-b81cc3764e61'),
('9634693a-1d5f-4e95-8e78-c2ae40ac5a0c', '10a32652-af43-4451-bd52-4980c5690cc9', '0d79fec6-ce70-439a-9ac6-8261a119fef0'),
('952595d3-c5e9-40f4-a22c-ac4c0e8dee33', '10a32652-af43-4451-bd52-4980c5690cc9', '3b40095a-0d14-4c39-8eac-604819b527f2'),
('005234ba-1cb4-4b79-ad5b-2b9982b7544b', '10a32652-af43-4451-bd52-4980c5690cc9', 'c990196d-3b29-4bbb-9c96-7d23d9b71d5d'),
('e08da097-1833-4ec5-b271-0c6ba47dcc4a', '10a32652-af43-4451-bd52-4980c5690cc9', '456565fc-0420-46f9-8f50-6ec70e107c12'),
('cefbe623-b8de-4e6f-87e2-992b0dbf4fe9', '10a32652-af43-4451-bd52-4980c5690cc9', 'aa19624a-9ec5-479a-b5b1-686072e0712a'),
('97a23ce8-23bb-45bc-9ab3-16d57dce197c', '10a32652-af43-4451-bd52-4980c5690cc9', 'f794d12d-6858-4cd9-b172-46a315c03666'),
('84cfa98f-6a00-4a3d-97b4-442b9212b6a7', '10a32652-af43-4451-bd52-4980c5690cc9', 'a9893aed-e5cf-4df6-b3ab-1d3bd3747297'),
('971212d2-be5e-4b80-b2d7-0d19acc01cfa', '10a32652-af43-4451-bd52-4980c5690cc9', '8726b5ac-3a04-45de-b944-f8c12d5b2b0d'),
('3d69499f-9a7e-4efe-81b5-fe0f84df3d61', '10a32652-af43-4451-bd52-4980c5690cc9', '9ac741df-df47-4150-925b-73d6ee00bedd'),
('6a157044-3688-45cb-98cf-c4515c024b4f', '10a32652-af43-4451-bd52-4980c5690cc9', 'ceea51ef-2406-466e-991b-cc41383ca02f'),
('a350805c-0d10-4fa0-9351-43424b2beca2', '10a32652-af43-4451-bd52-4980c5690cc9', '27aa6ebb-0347-46b6-8cc6-787bb73c80ad'),
('31509bea-a87b-4d92-af78-aa825ff3ae2a', '10a32652-af43-4451-bd52-4980c5690cc9', 'e21a4ec6-aaa8-46cf-906c-b5456f4093f2'),
('4efebec3-04ac-4f9f-b49a-451770117fac', '10a32652-af43-4451-bd52-4980c5690cc9', '41db16a1-53de-4383-a8cc-d73299b3d0e3'),
('6453d62e-e970-4592-a696-74f73bc09901', '10a32652-af43-4451-bd52-4980c5690cc9', '5a125ba3-bae3-4769-95cb-c829ba33ae68'),
('6492879d-184d-40e0-902f-65a26f121a83', '10a32652-af43-4451-bd52-4980c5690cc9', '6212f337-6e01-4009-897d-ddbd88e2b271'),
('cda5713a-6f72-4d10-9831-2ae368a7a909', '10a32652-af43-4451-bd52-4980c5690cc9', '025d5828-7f6d-4c37-9abe-b49fa9eb116e'),
('924a4b3d-aa54-452d-955d-d5763b916c03', '10a32652-af43-4451-bd52-4980c5690cc9', '4fd07458-6f28-4d5c-bb77-66a09119faf0'),
('0f2a5b22-363e-472a-ab11-8aabd9779af2', '10a32652-af43-4451-bd52-4980c5690cc9', '31a3ecd0-1702-4415-8d28-83f015a6faf8'),
('420d5ecc-20f5-46cb-bbfc-f9ec08874283', '10a32652-af43-4451-bd52-4980c5690cc9', '164c5df2-41e8-4c14-9bce-151ecf748c09'),
('8ae11ab9-2efa-410f-ac1c-ce1eb4b9e33f', '10a32652-af43-4451-bd52-4980c5690cc9', 'f3a006a6-9d37-415e-92b1-9257e47f1ee2'),
('fd46c733-b662-4195-b96d-0369df362a11', '10a32652-af43-4451-bd52-4980c5690cc9', 'd55fe709-4970-462f-9230-acd0b48cc0a4'),
('8f7dc916-885e-43dd-850a-509741483b80', '10a32652-af43-4451-bd52-4980c5690cc9', '06f1d469-8ef2-4fb0-ab56-afef44526cf7'),
('f956ed57-4c11-45aa-ba97-137fc08f26f2', '10a32652-af43-4451-bd52-4980c5690cc9', 'b8a9ea65-14b4-4caf-98a1-ef0c957e1e61'),
('7a1d3531-440f-4a13-bc32-f43101ebac4d', '10a32652-af43-4451-bd52-4980c5690cc9', '493463a4-9789-4c9a-b6e5-1bbd8e1eaf43'),
('0247a7d6-fb7f-4968-b6dc-c2e8f277dab6', '10a32652-af43-4451-bd52-4980c5690cc9', '9e2ba67c-1ea3-4bb4-82cf-f2aa65f4f5ae'),
('195be647-588b-4973-bf02-8717a31d02e1', '10a32652-af43-4451-bd52-4980c5690cc9', '531d495c-c70b-4904-ada0-896b565a0d4c'),
('c2c43566-82eb-4901-a1d3-81f2200e193e', '10a32652-af43-4451-bd52-4980c5690cc9', '2a29652d-a3a2-4e9d-b9c0-981599851560'),
('f8a51a89-74ce-4c03-bc93-594c97b7de00', '10a32652-af43-4451-bd52-4980c5690cc9', 'e253eb0d-6b3b-4a0e-9fee-c3a89cb2b0cb'),
('34b223e2-5394-466b-b7ac-9d84788a4db3', '10a32652-af43-4451-bd52-4980c5690cc9', '1002a594-14ca-403f-8726-0f7a1625e7c4'),
('01de28df-bf75-428c-ae1d-f4feb975db63', '10a32652-af43-4451-bd52-4980c5690cc9', '8b0909cd-8847-4693-9d18-da154f671b11'),
('ace2e8fb-6357-4bc2-90be-b47e426caf1d', '10a32652-af43-4451-bd52-4980c5690cc9', 'b6c060a3-413b-485e-9fa6-f95badc5fba8'),
('02675aaf-22fc-426a-bcab-228f285857c1', '10a32652-af43-4451-bd52-4980c5690cc9', 'bec03dd2-4c87-4046-966a-2924f155909b'),
('7c73c2ba-9e4f-4ac4-885b-d51aea328d5f', '10a32652-af43-4451-bd52-4980c5690cc9', 'c190f7cd-5174-4aff-a7dd-87c6b6326e30'),
('cd09e10e-ab4d-49ba-830d-31e34f8faaa3', '10a32652-af43-4451-bd52-4980c5690cc9', '35f6ef3c-5bcd-43e0-b2e4-32953d0ece63');

--INSERT TIMESERIES--COUNT:49
INSERT INTO timeseries(id, slug, name, instrument_id, parameter_id, unit_id) 
VALUES
('0df6f857-4922-4e6d-94b4-5d8df4fb4145','stage','Stage','f15bbc65-b81b-4f2d-b953-8f407770488a', 'b49f214e-f69f-43da-9ce3-ad96042268d0', 'f777f2e2-5e32-424e-a1ca-19d16cd8abce'),
('76c6dd56-29a0-4f6c-afe4-3024acb123d7','precipitation','Precipitation','f15bbc65-b81b-4f2d-b953-8f407770488a', '0ce77a5a-8283-47cd-9126-c440bcec4ef6', '4ee79a3d-a053-41b8-85b5-bb2eea3c9d1a'),
('4aae8615-1c73-4855-88f7-27b583570282','voltage','Voltage','f15bbc65-b81b-4f2d-b953-8f407770488a', '430e5edb-e2b5-4f86-b19f-cda26a27e151', '6b5bd788-8c78-43bb-b5a3-ad544b858a64'),
('41e12768-ab09-41ed-a69e-4299c77bd17a','unknown-00010','Unknown 00010','f15bbc65-b81b-4f2d-b953-8f407770488a', '2b7f96e1-820f-4f61-ba8f-861640af6232', '4a999277-4cf5-4282-93ce-23b33c65e2c8'),
('31defffc-6d34-4e38-8fcb-0c2e43c9265e','unknown-72114','Unknown 72114','f15bbc65-b81b-4f2d-b953-8f407770488a', '2b7f96e1-820f-4f61-ba8f-861640af6232', '4a999277-4cf5-4282-93ce-23b33c65e2c8'),
('17b4bf95-4b20-4d39-858b-a99c084b4439','unknown-72113','Unknown 72113','f15bbc65-b81b-4f2d-b953-8f407770488a', '2b7f96e1-820f-4f61-ba8f-861640af6232', '4a999277-4cf5-4282-93ce-23b33c65e2c8'),
('64a03977-6334-4032-920f-764032effcd3','unknown-72115','Unknown 72115','f15bbc65-b81b-4f2d-b953-8f407770488a', '2b7f96e1-820f-4f61-ba8f-861640af6232', '4a999277-4cf5-4282-93ce-23b33c65e2c8'),
('ad5c7539-817e-4c43-b21a-f736eb7b512a','unknown-72112','Unknown 72112','f15bbc65-b81b-4f2d-b953-8f407770488a', '2b7f96e1-820f-4f61-ba8f-861640af6232', '4a999277-4cf5-4282-93ce-23b33c65e2c8'),
('72274216-9b41-4e39-8043-7f8ab8919ade','unknown-72111','Unknown 72111','f15bbc65-b81b-4f2d-b953-8f407770488a', '2b7f96e1-820f-4f61-ba8f-861640af6232', '4a999277-4cf5-4282-93ce-23b33c65e2c8'),
('1013836e-1d0e-49a5-b552-13c42bac541e','unknown-82292','Unknown 82292','f15bbc65-b81b-4f2d-b953-8f407770488a', '2b7f96e1-820f-4f61-ba8f-861640af6232', '4a999277-4cf5-4282-93ce-23b33c65e2c8'),
('658d1abf-7c65-4d1d-9074-66c441691290','unknown-72117','Unknown 72117','f15bbc65-b81b-4f2d-b953-8f407770488a', '2b7f96e1-820f-4f61-ba8f-861640af6232', '4a999277-4cf5-4282-93ce-23b33c65e2c8'),
('6ccdf988-1938-4f0c-9a03-77aacc3758e5','unknown-72116','Unknown 72116','f15bbc65-b81b-4f2d-b953-8f407770488a', '2b7f96e1-820f-4f61-ba8f-861640af6232', '4a999277-4cf5-4282-93ce-23b33c65e2c8'),
('e7e9a46f-27eb-4c7e-86e4-a8112e79dcb8','stage','Stage','ac22b3f0-391d-456b-9121-0915e9128395', 'b49f214e-f69f-43da-9ce3-ad96042268d0', 'f777f2e2-5e32-424e-a1ca-19d16cd8abce'),
('fbdadc52-73cf-4fc1-af62-e3323bf85f70','precipitation','Precipitation','ac22b3f0-391d-456b-9121-0915e9128395', '0ce77a5a-8283-47cd-9126-c440bcec4ef6', '4ee79a3d-a053-41b8-85b5-bb2eea3c9d1a'),
('16f71512-7afa-4bc8-9631-7927975d9244','voltage','Voltage','ac22b3f0-391d-456b-9121-0915e9128395', '430e5edb-e2b5-4f86-b19f-cda26a27e151', '6b5bd788-8c78-43bb-b5a3-ad544b858a64'),
('ae51e38c-a443-4bd7-bd06-d791890f82e5','unknown-72114','Unknown 72114','ac22b3f0-391d-456b-9121-0915e9128395', '2b7f96e1-820f-4f61-ba8f-861640af6232', '4a999277-4cf5-4282-93ce-23b33c65e2c8'),
('2054e08f-432d-4699-b6b1-de21dde066c4','unknown-72113','Unknown 72113','ac22b3f0-391d-456b-9121-0915e9128395', '2b7f96e1-820f-4f61-ba8f-861640af6232', '4a999277-4cf5-4282-93ce-23b33c65e2c8'),
('ce561449-2e79-41b7-a65f-ddd54dcbe2bf','unknown-72115','Unknown 72115','ac22b3f0-391d-456b-9121-0915e9128395', '2b7f96e1-820f-4f61-ba8f-861640af6232', '4a999277-4cf5-4282-93ce-23b33c65e2c8'),
('0b0ab07a-2ddb-4193-b342-cb562be9c73a','unknown-72112','Unknown 72112','ac22b3f0-391d-456b-9121-0915e9128395', '2b7f96e1-820f-4f61-ba8f-861640af6232', '4a999277-4cf5-4282-93ce-23b33c65e2c8'),
('4ff395dd-7674-47ad-ae10-1de1c19313b0','unknown-72111','Unknown 72111','ac22b3f0-391d-456b-9121-0915e9128395', '2b7f96e1-820f-4f61-ba8f-861640af6232', '4a999277-4cf5-4282-93ce-23b33c65e2c8'),
('203b50f0-aa13-4aad-bb79-fdea011fa0f0','unknown-82292','Unknown 82292','ac22b3f0-391d-456b-9121-0915e9128395', '2b7f96e1-820f-4f61-ba8f-861640af6232', '4a999277-4cf5-4282-93ce-23b33c65e2c8'),
('6206bdb3-9ef6-4abb-8765-37cd582133e3','unknown-72117','Unknown 72117','ac22b3f0-391d-456b-9121-0915e9128395', '2b7f96e1-820f-4f61-ba8f-861640af6232', '4a999277-4cf5-4282-93ce-23b33c65e2c8'),
('c9a17283-be25-43ad-bd93-297e0c9de2b2','unknown-72116','Unknown 72116','ac22b3f0-391d-456b-9121-0915e9128395', '2b7f96e1-820f-4f61-ba8f-861640af6232', '4a999277-4cf5-4282-93ce-23b33c65e2c8'),
('4c6df559-4598-4105-80a1-f64d51a4b239','stage','Stage','5e07bfde-37a7-4647-add3-4967b97be84d', 'b49f214e-f69f-43da-9ce3-ad96042268d0', 'f777f2e2-5e32-424e-a1ca-19d16cd8abce'),
('06709b44-e6b6-4ecf-8ad7-79b61418260f','precipitation','Precipitation','5e07bfde-37a7-4647-add3-4967b97be84d', '0ce77a5a-8283-47cd-9126-c440bcec4ef6', '4ee79a3d-a053-41b8-85b5-bb2eea3c9d1a'),
('7d2c508e-5f4d-42a9-91c3-bbc98be6ca74','voltage','Voltage','5e07bfde-37a7-4647-add3-4967b97be84d', '430e5edb-e2b5-4f86-b19f-cda26a27e151', '6b5bd788-8c78-43bb-b5a3-ad544b858a64'),
('0a68785e-5482-414b-8f9d-ab5950b01f4d','unknown-72114','Unknown 72114','5e07bfde-37a7-4647-add3-4967b97be84d', '2b7f96e1-820f-4f61-ba8f-861640af6232', '4a999277-4cf5-4282-93ce-23b33c65e2c8'),
('a583caf9-3a66-4767-b08d-551b24d2442e','unknown-72113','Unknown 72113','5e07bfde-37a7-4647-add3-4967b97be84d', '2b7f96e1-820f-4f61-ba8f-861640af6232', '4a999277-4cf5-4282-93ce-23b33c65e2c8'),
('0a1eb9e4-a5fe-46ca-a6da-564d8db0c2fd','unknown-72115','Unknown 72115','5e07bfde-37a7-4647-add3-4967b97be84d', '2b7f96e1-820f-4f61-ba8f-861640af6232', '4a999277-4cf5-4282-93ce-23b33c65e2c8'),
('b471ee14-eb95-49eb-a8f8-e03cb62491a9','unknown-72112','Unknown 72112','5e07bfde-37a7-4647-add3-4967b97be84d', '2b7f96e1-820f-4f61-ba8f-861640af6232', '4a999277-4cf5-4282-93ce-23b33c65e2c8'),
('e473cc6b-93ec-48ec-9967-d7d61374fbc9','unknown-72111','Unknown 72111','5e07bfde-37a7-4647-add3-4967b97be84d', '2b7f96e1-820f-4f61-ba8f-861640af6232', '4a999277-4cf5-4282-93ce-23b33c65e2c8'),
('1c491147-f76f-4d17-821b-a648a8ee0fca','unknown-82292','Unknown 82292','5e07bfde-37a7-4647-add3-4967b97be84d', '2b7f96e1-820f-4f61-ba8f-861640af6232', '4a999277-4cf5-4282-93ce-23b33c65e2c8'),
('4a53893d-7189-4f27-b1fb-0cd75dbc1879','unknown-72117','Unknown 72117','5e07bfde-37a7-4647-add3-4967b97be84d', '2b7f96e1-820f-4f61-ba8f-861640af6232', '4a999277-4cf5-4282-93ce-23b33c65e2c8'),
('b9fb9c1a-d9d4-486f-be71-e1d13d6e71fb','unknown-72116','Unknown 72116','5e07bfde-37a7-4647-add3-4967b97be84d', '2b7f96e1-820f-4f61-ba8f-861640af6232', '4a999277-4cf5-4282-93ce-23b33c65e2c8'),
('1404f468-720c-47ed-ab13-d3c3dffbf909','stage','Stage','1f730421-b1c6-496a-be70-0eac7bbd0569', 'b49f214e-f69f-43da-9ce3-ad96042268d0', 'f777f2e2-5e32-424e-a1ca-19d16cd8abce'),
('123ac942-25ee-4604-92e7-a8f1bd0f3752','precipitation','Precipitation','1f730421-b1c6-496a-be70-0eac7bbd0569', '0ce77a5a-8283-47cd-9126-c440bcec4ef6', '4ee79a3d-a053-41b8-85b5-bb2eea3c9d1a'),
('37d6ed74-eea5-406e-abc7-e753b908954f','voltage','Voltage','1f730421-b1c6-496a-be70-0eac7bbd0569', '430e5edb-e2b5-4f86-b19f-cda26a27e151', '6b5bd788-8c78-43bb-b5a3-ad544b858a64'),
('79e05a32-379a-4aff-96c3-878a270f1a7a','unknown-72114','Unknown 72114','1f730421-b1c6-496a-be70-0eac7bbd0569', '2b7f96e1-820f-4f61-ba8f-861640af6232', '4a999277-4cf5-4282-93ce-23b33c65e2c8'),
('4cbe6ec6-9e4c-4a2d-b601-f551eca99e2d','unknown-72113','Unknown 72113','1f730421-b1c6-496a-be70-0eac7bbd0569', '2b7f96e1-820f-4f61-ba8f-861640af6232', '4a999277-4cf5-4282-93ce-23b33c65e2c8'),
('11c686a8-e165-42fb-bd9c-28e85f7dba6f','unknown-72115','Unknown 72115','1f730421-b1c6-496a-be70-0eac7bbd0569', '2b7f96e1-820f-4f61-ba8f-861640af6232', '4a999277-4cf5-4282-93ce-23b33c65e2c8'),
('8e00395f-f342-49c3-9b51-95afaa663339','unknown-72112','Unknown 72112','1f730421-b1c6-496a-be70-0eac7bbd0569', '2b7f96e1-820f-4f61-ba8f-861640af6232', '4a999277-4cf5-4282-93ce-23b33c65e2c8'),
('dad17aa0-95ad-4ef8-ac0c-7a742c5f127a','unknown-72111','Unknown 72111','1f730421-b1c6-496a-be70-0eac7bbd0569', '2b7f96e1-820f-4f61-ba8f-861640af6232', '4a999277-4cf5-4282-93ce-23b33c65e2c8'),
('99f6307f-516d-46b6-83b8-bd0cf220f185','unknown-82292','Unknown 82292','1f730421-b1c6-496a-be70-0eac7bbd0569', '2b7f96e1-820f-4f61-ba8f-861640af6232', '4a999277-4cf5-4282-93ce-23b33c65e2c8'),
('df6ffe4e-8662-40c4-873f-077156857de8','unknown-72117','Unknown 72117','1f730421-b1c6-496a-be70-0eac7bbd0569', '2b7f96e1-820f-4f61-ba8f-861640af6232', '4a999277-4cf5-4282-93ce-23b33c65e2c8'),
('428ab69a-b011-483a-bdf3-8271985ecd08','unknown-72116','Unknown 72116','1f730421-b1c6-496a-be70-0eac7bbd0569', '2b7f96e1-820f-4f61-ba8f-861640af6232', '4a999277-4cf5-4282-93ce-23b33c65e2c8'),
('18d33bea-4b3e-4451-94c6-e73ccf5f883f','stage','Stage','4ff4097b-41e4-41e7-b162-7e6f450d04e7', 'b49f214e-f69f-43da-9ce3-ad96042268d0', 'f777f2e2-5e32-424e-a1ca-19d16cd8abce'),
('28520460-fe3c-4a42-9e70-cb5ba1c3f6f4','precipitation','Precipitation','4ff4097b-41e4-41e7-b162-7e6f450d04e7', '0ce77a5a-8283-47cd-9126-c440bcec4ef6', '4ee79a3d-a053-41b8-85b5-bb2eea3c9d1a'),
('843bd39e-ac99-4037-8641-6fd009f89319','voltage','Voltage','4ff4097b-41e4-41e7-b162-7e6f450d04e7', '430e5edb-e2b5-4f86-b19f-cda26a27e151', '6b5bd788-8c78-43bb-b5a3-ad544b858a64'),
('3e81d7dd-479f-4a39-ad7c-fd70366affe3','unknown-72114','Unknown 72114','4ff4097b-41e4-41e7-b162-7e6f450d04e7', '2b7f96e1-820f-4f61-ba8f-861640af6232', '4a999277-4cf5-4282-93ce-23b33c65e2c8'),
('d343e67f-43ca-45db-9096-31ca19695be3','unknown-72113','Unknown 72113','4ff4097b-41e4-41e7-b162-7e6f450d04e7', '2b7f96e1-820f-4f61-ba8f-861640af6232', '4a999277-4cf5-4282-93ce-23b33c65e2c8'),
('cec632d0-4056-4879-a49f-5052b43fa1dc','unknown-72115','Unknown 72115','4ff4097b-41e4-41e7-b162-7e6f450d04e7', '2b7f96e1-820f-4f61-ba8f-861640af6232', '4a999277-4cf5-4282-93ce-23b33c65e2c8'),
('2913ff35-4685-4fdc-a007-f605e509a077','unknown-72112','Unknown 72112','4ff4097b-41e4-41e7-b162-7e6f450d04e7', '2b7f96e1-820f-4f61-ba8f-861640af6232', '4a999277-4cf5-4282-93ce-23b33c65e2c8'),
('ff67da81-d98d-4ef0-b930-93f700ebcc2d','unknown-72111','Unknown 72111','4ff4097b-41e4-41e7-b162-7e6f450d04e7', '2b7f96e1-820f-4f61-ba8f-861640af6232', '4a999277-4cf5-4282-93ce-23b33c65e2c8'),
('66caf0c7-3597-4eff-b04e-83cdaa0fa03a','unknown-82292','Unknown 82292','4ff4097b-41e4-41e7-b162-7e6f450d04e7', '2b7f96e1-820f-4f61-ba8f-861640af6232', '4a999277-4cf5-4282-93ce-23b33c65e2c8'),
('8001ca16-aa13-46e2-9a11-db9ee37ebf19','unknown-72117','Unknown 72117','4ff4097b-41e4-41e7-b162-7e6f450d04e7', '2b7f96e1-820f-4f61-ba8f-861640af6232', '4a999277-4cf5-4282-93ce-23b33c65e2c8'),
('f83ccbd0-4f3c-4766-a14e-3dadeb54b685','unknown-72116','Unknown 72116','4ff4097b-41e4-41e7-b162-7e6f450d04e7', '2b7f96e1-820f-4f61-ba8f-861640af6232', '4a999277-4cf5-4282-93ce-23b33c65e2c8'),
('a0f44093-b1c1-4f30-8594-3d219ba3846e','stage','Stage','eaacc1af-594d-4402-9a9c-14e02091463c', 'b49f214e-f69f-43da-9ce3-ad96042268d0', 'f777f2e2-5e32-424e-a1ca-19d16cd8abce'),
('8eb40909-e155-4aa2-9f2e-9e582789c1f0','precipitation','Precipitation','eaacc1af-594d-4402-9a9c-14e02091463c', '0ce77a5a-8283-47cd-9126-c440bcec4ef6', '4ee79a3d-a053-41b8-85b5-bb2eea3c9d1a'),
('500649a4-68ee-47a8-8350-6a1be120e0b4','voltage','Voltage','eaacc1af-594d-4402-9a9c-14e02091463c', '430e5edb-e2b5-4f86-b19f-cda26a27e151', '6b5bd788-8c78-43bb-b5a3-ad544b858a64'),
('3350bbf6-c60d-45be-bd72-42d8d26c1aab','unknown-72114','Unknown 72114','eaacc1af-594d-4402-9a9c-14e02091463c', '2b7f96e1-820f-4f61-ba8f-861640af6232', '4a999277-4cf5-4282-93ce-23b33c65e2c8'),
('58f0b59b-d104-4ead-b3b7-ede7fd7040e2','unknown-72113','Unknown 72113','eaacc1af-594d-4402-9a9c-14e02091463c', '2b7f96e1-820f-4f61-ba8f-861640af6232', '4a999277-4cf5-4282-93ce-23b33c65e2c8'),
('10e72df0-78a5-49cb-84de-f577d8507779','unknown-72115','Unknown 72115','eaacc1af-594d-4402-9a9c-14e02091463c', '2b7f96e1-820f-4f61-ba8f-861640af6232', '4a999277-4cf5-4282-93ce-23b33c65e2c8'),
('3bec2ba3-6d81-407c-9672-496d850a4ce7','unknown-72112','Unknown 72112','eaacc1af-594d-4402-9a9c-14e02091463c', '2b7f96e1-820f-4f61-ba8f-861640af6232', '4a999277-4cf5-4282-93ce-23b33c65e2c8'),
('e92df3c0-f467-4e2e-9158-3be6c40e0c36','unknown-72111','Unknown 72111','eaacc1af-594d-4402-9a9c-14e02091463c', '2b7f96e1-820f-4f61-ba8f-861640af6232', '4a999277-4cf5-4282-93ce-23b33c65e2c8'),
('1708c505-895c-43df-8f7b-2d3094fda190','unknown-82292','Unknown 82292','eaacc1af-594d-4402-9a9c-14e02091463c', '2b7f96e1-820f-4f61-ba8f-861640af6232', '4a999277-4cf5-4282-93ce-23b33c65e2c8'),
('680eb852-9d21-420b-9043-f83b24a74eb1','unknown-72117','Unknown 72117','eaacc1af-594d-4402-9a9c-14e02091463c', '2b7f96e1-820f-4f61-ba8f-861640af6232', '4a999277-4cf5-4282-93ce-23b33c65e2c8'),
('212b9268-9e68-4d83-8ddb-1e81767009cc','unknown-72116','Unknown 72116','eaacc1af-594d-4402-9a9c-14e02091463c', '2b7f96e1-820f-4f61-ba8f-861640af6232', '4a999277-4cf5-4282-93ce-23b33c65e2c8'),
('951f13c3-51f1-44fc-b744-40c46330da5e','stage','Stage','6c8bee7f-bdfd-4ed3-82f0-f6f228efc516', 'b49f214e-f69f-43da-9ce3-ad96042268d0', 'f777f2e2-5e32-424e-a1ca-19d16cd8abce'),
('7b0d73b8-101f-4b3b-897e-555d6fb99baf','precipitation','Precipitation','6c8bee7f-bdfd-4ed3-82f0-f6f228efc516', '0ce77a5a-8283-47cd-9126-c440bcec4ef6', '4ee79a3d-a053-41b8-85b5-bb2eea3c9d1a'),
('6e9a1bfa-4263-4faa-a3f5-03e791c8d2a1','voltage','Voltage','6c8bee7f-bdfd-4ed3-82f0-f6f228efc516', '430e5edb-e2b5-4f86-b19f-cda26a27e151', '6b5bd788-8c78-43bb-b5a3-ad544b858a64'),
('de5ba908-70d4-4431-82e7-358fe1451c3a','unknown-72114','Unknown 72114','6c8bee7f-bdfd-4ed3-82f0-f6f228efc516', '2b7f96e1-820f-4f61-ba8f-861640af6232', '4a999277-4cf5-4282-93ce-23b33c65e2c8'),
('455ccebf-a61e-480e-bbcd-003aa7da9167','unknown-72113','Unknown 72113','6c8bee7f-bdfd-4ed3-82f0-f6f228efc516', '2b7f96e1-820f-4f61-ba8f-861640af6232', '4a999277-4cf5-4282-93ce-23b33c65e2c8'),
('cd311a84-134c-4ddb-ae92-8536e986b45a','unknown-72115','Unknown 72115','6c8bee7f-bdfd-4ed3-82f0-f6f228efc516', '2b7f96e1-820f-4f61-ba8f-861640af6232', '4a999277-4cf5-4282-93ce-23b33c65e2c8'),
('5e2f2ba4-d8df-4b7a-b195-ec607405c3ae','unknown-72112','Unknown 72112','6c8bee7f-bdfd-4ed3-82f0-f6f228efc516', '2b7f96e1-820f-4f61-ba8f-861640af6232', '4a999277-4cf5-4282-93ce-23b33c65e2c8'),
('ec33a374-65de-4b4a-aae3-99a81edf8bf9','unknown-72111','Unknown 72111','6c8bee7f-bdfd-4ed3-82f0-f6f228efc516', '2b7f96e1-820f-4f61-ba8f-861640af6232', '4a999277-4cf5-4282-93ce-23b33c65e2c8'),
('e9cf35a3-0163-4c9d-a007-21ab2842a520','unknown-82292','Unknown 82292','6c8bee7f-bdfd-4ed3-82f0-f6f228efc516', '2b7f96e1-820f-4f61-ba8f-861640af6232', '4a999277-4cf5-4282-93ce-23b33c65e2c8'),
('2cfd083a-cce6-48b1-870d-7f83d48e7e6d','unknown-72117','Unknown 72117','6c8bee7f-bdfd-4ed3-82f0-f6f228efc516', '2b7f96e1-820f-4f61-ba8f-861640af6232', '4a999277-4cf5-4282-93ce-23b33c65e2c8'),
('0f979cf9-b0d7-4aa4-976f-d627c6eec113','unknown-72116','Unknown 72116','6c8bee7f-bdfd-4ed3-82f0-f6f228efc516', '2b7f96e1-820f-4f61-ba8f-861640af6232', '4a999277-4cf5-4282-93ce-23b33c65e2c8'),
('f70cf112-3ba7-4232-a125-433bd101a8d1','stage','Stage','9bb46afe-2234-4595-85df-3027ab01e462', 'b49f214e-f69f-43da-9ce3-ad96042268d0', 'f777f2e2-5e32-424e-a1ca-19d16cd8abce'),
('68532f9e-19b4-4de0-acfe-ba8fb52a459e','voltage','Voltage','9bb46afe-2234-4595-85df-3027ab01e462', '430e5edb-e2b5-4f86-b19f-cda26a27e151', '6b5bd788-8c78-43bb-b5a3-ad544b858a64'),
('1a01cfa1-4680-432f-9701-fe45b405f623','unknown-72114','Unknown 72114','9bb46afe-2234-4595-85df-3027ab01e462', '2b7f96e1-820f-4f61-ba8f-861640af6232', '4a999277-4cf5-4282-93ce-23b33c65e2c8'),
('9f90f287-4982-41cc-8e0a-f85f51a9aff8','unknown-72113','Unknown 72113','9bb46afe-2234-4595-85df-3027ab01e462', '2b7f96e1-820f-4f61-ba8f-861640af6232', '4a999277-4cf5-4282-93ce-23b33c65e2c8'),
('dae144ec-e9d6-48ce-b993-0cbfab36f0a9','unknown-72115','Unknown 72115','9bb46afe-2234-4595-85df-3027ab01e462', '2b7f96e1-820f-4f61-ba8f-861640af6232', '4a999277-4cf5-4282-93ce-23b33c65e2c8'),
('3ed88cc6-2c96-4723-a0eb-f12ac77bad0b','unknown-72112','Unknown 72112','9bb46afe-2234-4595-85df-3027ab01e462', '2b7f96e1-820f-4f61-ba8f-861640af6232', '4a999277-4cf5-4282-93ce-23b33c65e2c8'),
('b28a2f6d-e11e-4c4f-ac0d-e25dffdaeb7a','unknown-72111','Unknown 72111','9bb46afe-2234-4595-85df-3027ab01e462', '2b7f96e1-820f-4f61-ba8f-861640af6232', '4a999277-4cf5-4282-93ce-23b33c65e2c8'),
('586e12ad-d885-4919-9f5b-995a22600f72','unknown-82292','Unknown 82292','9bb46afe-2234-4595-85df-3027ab01e462', '2b7f96e1-820f-4f61-ba8f-861640af6232', '4a999277-4cf5-4282-93ce-23b33c65e2c8'),
('b1f29c8c-f207-432f-9450-366cf851db4c','unknown-72117','Unknown 72117','9bb46afe-2234-4595-85df-3027ab01e462', '2b7f96e1-820f-4f61-ba8f-861640af6232', '4a999277-4cf5-4282-93ce-23b33c65e2c8'),
('09930d54-f59e-4a85-a1a0-d8ca3509f864','unknown-72116','Unknown 72116','9bb46afe-2234-4595-85df-3027ab01e462', '2b7f96e1-820f-4f61-ba8f-861640af6232', '4a999277-4cf5-4282-93ce-23b33c65e2c8'),
('06ee17c8-393a-462d-ac7f-b43565a5630a','stage','Stage','3c237d5a-d700-4092-9f01-cbd6314979a4', 'b49f214e-f69f-43da-9ce3-ad96042268d0', 'f777f2e2-5e32-424e-a1ca-19d16cd8abce'),
('71f2453e-9df2-429e-ae71-e16cc6363ba4','voltage','Voltage','3c237d5a-d700-4092-9f01-cbd6314979a4', '430e5edb-e2b5-4f86-b19f-cda26a27e151', '6b5bd788-8c78-43bb-b5a3-ad544b858a64'),
('2556155c-1961-4edd-af98-79fea7b9aa0c','unknown-72114','Unknown 72114','3c237d5a-d700-4092-9f01-cbd6314979a4', '2b7f96e1-820f-4f61-ba8f-861640af6232', '4a999277-4cf5-4282-93ce-23b33c65e2c8'),
('00d1f851-76ea-4520-870e-eaecff3d5b43','unknown-72113','Unknown 72113','3c237d5a-d700-4092-9f01-cbd6314979a4', '2b7f96e1-820f-4f61-ba8f-861640af6232', '4a999277-4cf5-4282-93ce-23b33c65e2c8'),
('1c544911-32bb-43f4-b20c-7728291321b0','unknown-72115','Unknown 72115','3c237d5a-d700-4092-9f01-cbd6314979a4', '2b7f96e1-820f-4f61-ba8f-861640af6232', '4a999277-4cf5-4282-93ce-23b33c65e2c8'),
('cfb6b497-3858-41d6-bc8e-4e6440c25500','unknown-72112','Unknown 72112','3c237d5a-d700-4092-9f01-cbd6314979a4', '2b7f96e1-820f-4f61-ba8f-861640af6232', '4a999277-4cf5-4282-93ce-23b33c65e2c8'),
('348d24cd-d330-44ce-a52f-3deb81371954','unknown-72111','Unknown 72111','3c237d5a-d700-4092-9f01-cbd6314979a4', '2b7f96e1-820f-4f61-ba8f-861640af6232', '4a999277-4cf5-4282-93ce-23b33c65e2c8'),
('5f2ff126-e3cd-419d-aaaa-5f72ddf6b1b0','unknown-82292','Unknown 82292','3c237d5a-d700-4092-9f01-cbd6314979a4', '2b7f96e1-820f-4f61-ba8f-861640af6232', '4a999277-4cf5-4282-93ce-23b33c65e2c8'),
('fc4e1428-4f64-44bc-a940-5c7c12cd2640','unknown-72117','Unknown 72117','3c237d5a-d700-4092-9f01-cbd6314979a4', '2b7f96e1-820f-4f61-ba8f-861640af6232', '4a999277-4cf5-4282-93ce-23b33c65e2c8'),
('1109b197-7898-4ac7-8482-6c00385e9e95','unknown-72116','Unknown 72116','3c237d5a-d700-4092-9f01-cbd6314979a4', '2b7f96e1-820f-4f61-ba8f-861640af6232', '4a999277-4cf5-4282-93ce-23b33c65e2c8'),
('11bcc924-ad2b-4ece-ace9-186153a0cd4e','stage','Stage','50a3d15a-9408-465b-a143-4655e5ed345d', 'b49f214e-f69f-43da-9ce3-ad96042268d0', 'f777f2e2-5e32-424e-a1ca-19d16cd8abce'),
('c742b520-6966-4002-8249-bf9e5790a7d6','precipitation','Precipitation','50a3d15a-9408-465b-a143-4655e5ed345d', '0ce77a5a-8283-47cd-9126-c440bcec4ef6', '4ee79a3d-a053-41b8-85b5-bb2eea3c9d1a'),
('a4bfb7eb-f91a-47f4-8245-16a9e19ed8fb','voltage','Voltage','50a3d15a-9408-465b-a143-4655e5ed345d', '430e5edb-e2b5-4f86-b19f-cda26a27e151', '6b5bd788-8c78-43bb-b5a3-ad544b858a64'),
('f6d66060-7600-405e-a280-a849ef56f6a7','unknown-72114','Unknown 72114','50a3d15a-9408-465b-a143-4655e5ed345d', '2b7f96e1-820f-4f61-ba8f-861640af6232', '4a999277-4cf5-4282-93ce-23b33c65e2c8'),
('0ce1ca44-7e58-4e35-ac23-104b756b0747','unknown-72113','Unknown 72113','50a3d15a-9408-465b-a143-4655e5ed345d', '2b7f96e1-820f-4f61-ba8f-861640af6232', '4a999277-4cf5-4282-93ce-23b33c65e2c8'),
('074ecbe4-869c-4754-935a-65e04e2c3e8a','unknown-72115','Unknown 72115','50a3d15a-9408-465b-a143-4655e5ed345d', '2b7f96e1-820f-4f61-ba8f-861640af6232', '4a999277-4cf5-4282-93ce-23b33c65e2c8'),
('5a284b7d-e313-4535-b5e4-c822554174f6','unknown-72112','Unknown 72112','50a3d15a-9408-465b-a143-4655e5ed345d', '2b7f96e1-820f-4f61-ba8f-861640af6232', '4a999277-4cf5-4282-93ce-23b33c65e2c8'),
('c7ae36ea-a3e6-407a-8895-555084bbbcb2','unknown-72111','Unknown 72111','50a3d15a-9408-465b-a143-4655e5ed345d', '2b7f96e1-820f-4f61-ba8f-861640af6232', '4a999277-4cf5-4282-93ce-23b33c65e2c8'),
('60265348-63ef-415f-89e1-6234636c2e32','unknown-82292','Unknown 82292','50a3d15a-9408-465b-a143-4655e5ed345d', '2b7f96e1-820f-4f61-ba8f-861640af6232', '4a999277-4cf5-4282-93ce-23b33c65e2c8'),
('7d8922c8-e42b-4c0f-87d5-3a7e8047fcea','unknown-72117','Unknown 72117','50a3d15a-9408-465b-a143-4655e5ed345d', '2b7f96e1-820f-4f61-ba8f-861640af6232', '4a999277-4cf5-4282-93ce-23b33c65e2c8'),
('c709f00c-5064-4201-b03d-81686dc2eeaa','unknown-72116','Unknown 72116','50a3d15a-9408-465b-a143-4655e5ed345d', '2b7f96e1-820f-4f61-ba8f-861640af6232', '4a999277-4cf5-4282-93ce-23b33c65e2c8'),
('1594b94b-791a-4c47-8583-33b39eae2a45','stage','Stage','87a81cbd-8cc8-4f29-aab3-d1ebedb78b24', 'b49f214e-f69f-43da-9ce3-ad96042268d0', 'f777f2e2-5e32-424e-a1ca-19d16cd8abce'),
('b0d73b25-b848-4d78-879e-bdd098bc3025','precipitation','Precipitation','87a81cbd-8cc8-4f29-aab3-d1ebedb78b24', '0ce77a5a-8283-47cd-9126-c440bcec4ef6', '4ee79a3d-a053-41b8-85b5-bb2eea3c9d1a'),
('9663b72b-dddc-48fa-8428-3f0815ff2890','voltage','Voltage','87a81cbd-8cc8-4f29-aab3-d1ebedb78b24', '430e5edb-e2b5-4f86-b19f-cda26a27e151', '6b5bd788-8c78-43bb-b5a3-ad544b858a64'),
('54324f80-7cf2-4734-9d10-d5645b4afe54','unknown-72114','Unknown 72114','87a81cbd-8cc8-4f29-aab3-d1ebedb78b24', '2b7f96e1-820f-4f61-ba8f-861640af6232', '4a999277-4cf5-4282-93ce-23b33c65e2c8'),
('079f0280-1302-4731-8be7-9d1428ee8842','unknown-72113','Unknown 72113','87a81cbd-8cc8-4f29-aab3-d1ebedb78b24', '2b7f96e1-820f-4f61-ba8f-861640af6232', '4a999277-4cf5-4282-93ce-23b33c65e2c8'),
('3daf3137-41fa-48a4-87eb-3e9c2dc8a547','unknown-72115','Unknown 72115','87a81cbd-8cc8-4f29-aab3-d1ebedb78b24', '2b7f96e1-820f-4f61-ba8f-861640af6232', '4a999277-4cf5-4282-93ce-23b33c65e2c8'),
('c28c068c-4e75-4b3d-9b2c-3060e7bb346e','unknown-72112','Unknown 72112','87a81cbd-8cc8-4f29-aab3-d1ebedb78b24', '2b7f96e1-820f-4f61-ba8f-861640af6232', '4a999277-4cf5-4282-93ce-23b33c65e2c8'),
('52405e0c-56d1-45ad-a4a7-c6f495072914','unknown-72111','Unknown 72111','87a81cbd-8cc8-4f29-aab3-d1ebedb78b24', '2b7f96e1-820f-4f61-ba8f-861640af6232', '4a999277-4cf5-4282-93ce-23b33c65e2c8'),
('f98aaf6d-1a91-4787-bb05-777d8964a906','unknown-82292','Unknown 82292','87a81cbd-8cc8-4f29-aab3-d1ebedb78b24', '2b7f96e1-820f-4f61-ba8f-861640af6232', '4a999277-4cf5-4282-93ce-23b33c65e2c8'),
('747db017-4332-4f74-9101-ae96860ce8d6','unknown-72117','Unknown 72117','87a81cbd-8cc8-4f29-aab3-d1ebedb78b24', '2b7f96e1-820f-4f61-ba8f-861640af6232', '4a999277-4cf5-4282-93ce-23b33c65e2c8'),
('2207bac5-7d48-43cb-8b4f-1c1207116b0f','unknown-72116','Unknown 72116','87a81cbd-8cc8-4f29-aab3-d1ebedb78b24', '2b7f96e1-820f-4f61-ba8f-861640af6232', '4a999277-4cf5-4282-93ce-23b33c65e2c8'),
('46f2b11e-dd44-4aa7-834a-9a159691079e','stage','Stage','9634693a-1d5f-4e95-8e78-c2ae40ac5a0c', 'b49f214e-f69f-43da-9ce3-ad96042268d0', 'f777f2e2-5e32-424e-a1ca-19d16cd8abce'),
('fd95bf71-c270-4d8b-b8d2-beef2eac9077','precipitation','Precipitation','9634693a-1d5f-4e95-8e78-c2ae40ac5a0c', '0ce77a5a-8283-47cd-9126-c440bcec4ef6', '4ee79a3d-a053-41b8-85b5-bb2eea3c9d1a'),
('bff924c1-9550-4fbe-8647-98dfda56d838','voltage','Voltage','9634693a-1d5f-4e95-8e78-c2ae40ac5a0c', '430e5edb-e2b5-4f86-b19f-cda26a27e151', '6b5bd788-8c78-43bb-b5a3-ad544b858a64'),
('622ff506-6066-4089-b60b-309146893886','unknown-72114','Unknown 72114','9634693a-1d5f-4e95-8e78-c2ae40ac5a0c', '2b7f96e1-820f-4f61-ba8f-861640af6232', '4a999277-4cf5-4282-93ce-23b33c65e2c8'),
('5ec954c9-73b3-4536-b077-92feadf9dd01','unknown-72113','Unknown 72113','9634693a-1d5f-4e95-8e78-c2ae40ac5a0c', '2b7f96e1-820f-4f61-ba8f-861640af6232', '4a999277-4cf5-4282-93ce-23b33c65e2c8'),
('5dda8205-dd05-4385-8d14-c997d59188c3','unknown-72115','Unknown 72115','9634693a-1d5f-4e95-8e78-c2ae40ac5a0c', '2b7f96e1-820f-4f61-ba8f-861640af6232', '4a999277-4cf5-4282-93ce-23b33c65e2c8'),
('f67b2220-e1ee-457b-bf43-9f721da7cf48','unknown-72112','Unknown 72112','9634693a-1d5f-4e95-8e78-c2ae40ac5a0c', '2b7f96e1-820f-4f61-ba8f-861640af6232', '4a999277-4cf5-4282-93ce-23b33c65e2c8'),
('99d9bcbe-4ee6-445b-8f03-ad7266faaaa7','unknown-72111','Unknown 72111','9634693a-1d5f-4e95-8e78-c2ae40ac5a0c', '2b7f96e1-820f-4f61-ba8f-861640af6232', '4a999277-4cf5-4282-93ce-23b33c65e2c8'),
('2b0b164c-4a09-4f64-80ef-a9acabf794b0','unknown-82292','Unknown 82292','9634693a-1d5f-4e95-8e78-c2ae40ac5a0c', '2b7f96e1-820f-4f61-ba8f-861640af6232', '4a999277-4cf5-4282-93ce-23b33c65e2c8'),
('1cb85074-e7dd-465f-8e21-97bc9e791618','unknown-72117','Unknown 72117','9634693a-1d5f-4e95-8e78-c2ae40ac5a0c', '2b7f96e1-820f-4f61-ba8f-861640af6232', '4a999277-4cf5-4282-93ce-23b33c65e2c8'),
('f3b129c7-56ce-4af7-aa0d-39b5a2229d08','unknown-72116','Unknown 72116','9634693a-1d5f-4e95-8e78-c2ae40ac5a0c', '2b7f96e1-820f-4f61-ba8f-861640af6232', '4a999277-4cf5-4282-93ce-23b33c65e2c8'),
('2d8081fe-be0b-4b10-afa1-f34a7d62570e','unknown-00062','Unknown 00062','952595d3-c5e9-40f4-a22c-ac4c0e8dee33', '2b7f96e1-820f-4f61-ba8f-861640af6232', '4a999277-4cf5-4282-93ce-23b33c65e2c8'),
('f74a22ff-612d-42e2-9c47-10764887793e','precipitation','Precipitation','952595d3-c5e9-40f4-a22c-ac4c0e8dee33', '0ce77a5a-8283-47cd-9126-c440bcec4ef6', '4ee79a3d-a053-41b8-85b5-bb2eea3c9d1a'),
('28afc121-b1f7-4a1c-92b9-a0cef51407af','unknown-00036','Unknown 00036','952595d3-c5e9-40f4-a22c-ac4c0e8dee33', '2b7f96e1-820f-4f61-ba8f-861640af6232', '4a999277-4cf5-4282-93ce-23b33c65e2c8'),
('7ec21e70-0bd3-4299-85e0-5b2366a6f662','unknown-00035','Unknown 00035','952595d3-c5e9-40f4-a22c-ac4c0e8dee33', '2b7f96e1-820f-4f61-ba8f-861640af6232', '4a999277-4cf5-4282-93ce-23b33c65e2c8'),
('6e2c3bfd-ef8d-462a-962f-3be8f2aedf09','unknown-00020','Unknown 00020','952595d3-c5e9-40f4-a22c-ac4c0e8dee33', '2b7f96e1-820f-4f61-ba8f-861640af6232', '4a999277-4cf5-4282-93ce-23b33c65e2c8'),
('9801206b-4a0a-41ca-8a25-cb13bce8ff61','unknown-00025','Unknown 00025','952595d3-c5e9-40f4-a22c-ac4c0e8dee33', '2b7f96e1-820f-4f61-ba8f-861640af6232', '4a999277-4cf5-4282-93ce-23b33c65e2c8'),
('41888fd1-467e-47a1-ac85-94acafc5003a','voltage','Voltage','952595d3-c5e9-40f4-a22c-ac4c0e8dee33', '430e5edb-e2b5-4f86-b19f-cda26a27e151', '6b5bd788-8c78-43bb-b5a3-ad544b858a64'),
('1cc13cd1-9625-4060-8000-96e319260e15','unknown-72114','Unknown 72114','952595d3-c5e9-40f4-a22c-ac4c0e8dee33', '2b7f96e1-820f-4f61-ba8f-861640af6232', '4a999277-4cf5-4282-93ce-23b33c65e2c8'),
('584085ee-9b2c-476c-bef4-b7d60cddf604','unknown-72113','Unknown 72113','952595d3-c5e9-40f4-a22c-ac4c0e8dee33', '2b7f96e1-820f-4f61-ba8f-861640af6232', '4a999277-4cf5-4282-93ce-23b33c65e2c8'),
('d9e96587-f0f0-4c5f-be82-f0226d820ecb','unknown-72115','Unknown 72115','952595d3-c5e9-40f4-a22c-ac4c0e8dee33', '2b7f96e1-820f-4f61-ba8f-861640af6232', '4a999277-4cf5-4282-93ce-23b33c65e2c8'),
('c258db83-2e33-456a-98c3-76c69f782245','unknown-72112','Unknown 72112','952595d3-c5e9-40f4-a22c-ac4c0e8dee33', '2b7f96e1-820f-4f61-ba8f-861640af6232', '4a999277-4cf5-4282-93ce-23b33c65e2c8'),
('738edfaa-196f-419c-a71d-c34ca21fb116','unknown-72111','Unknown 72111','952595d3-c5e9-40f4-a22c-ac4c0e8dee33', '2b7f96e1-820f-4f61-ba8f-861640af6232', '4a999277-4cf5-4282-93ce-23b33c65e2c8'),
('5463c027-2adb-47e4-bd8b-60b5723b7769','unknown-82292','Unknown 82292','952595d3-c5e9-40f4-a22c-ac4c0e8dee33', '2b7f96e1-820f-4f61-ba8f-861640af6232', '4a999277-4cf5-4282-93ce-23b33c65e2c8'),
('4fb83e36-8e6e-48e1-835f-1e467dd9ca32','unknown-72117','Unknown 72117','952595d3-c5e9-40f4-a22c-ac4c0e8dee33', '2b7f96e1-820f-4f61-ba8f-861640af6232', '4a999277-4cf5-4282-93ce-23b33c65e2c8'),
('00da16e6-2ca1-4116-8c04-9fee546b87b6','unknown-72116','Unknown 72116','952595d3-c5e9-40f4-a22c-ac4c0e8dee33', '2b7f96e1-820f-4f61-ba8f-861640af6232', '4a999277-4cf5-4282-93ce-23b33c65e2c8'),
('1a15c1de-6077-4f67-8e64-fc3b8c0cb78e','stage','Stage','005234ba-1cb4-4b79-ad5b-2b9982b7544b', 'b49f214e-f69f-43da-9ce3-ad96042268d0', 'f777f2e2-5e32-424e-a1ca-19d16cd8abce'),
('12cdde05-3161-409d-9b0d-20d957e4c596','precipitation','Precipitation','005234ba-1cb4-4b79-ad5b-2b9982b7544b', '0ce77a5a-8283-47cd-9126-c440bcec4ef6', '4ee79a3d-a053-41b8-85b5-bb2eea3c9d1a'),
('9b9821c5-0aee-4da9-a45c-f34a86b3efe8','voltage','Voltage','005234ba-1cb4-4b79-ad5b-2b9982b7544b', '430e5edb-e2b5-4f86-b19f-cda26a27e151', '6b5bd788-8c78-43bb-b5a3-ad544b858a64'),
('15a3f4cf-10f4-4f14-b0b9-339d7e22ece0','unknown-72114','Unknown 72114','005234ba-1cb4-4b79-ad5b-2b9982b7544b', '2b7f96e1-820f-4f61-ba8f-861640af6232', '4a999277-4cf5-4282-93ce-23b33c65e2c8'),
('b151fc13-4d78-4015-ac41-19fef7c3d089','unknown-72113','Unknown 72113','005234ba-1cb4-4b79-ad5b-2b9982b7544b', '2b7f96e1-820f-4f61-ba8f-861640af6232', '4a999277-4cf5-4282-93ce-23b33c65e2c8'),
('1337d4dd-56c5-4028-a694-b006d7188a13','unknown-72115','Unknown 72115','005234ba-1cb4-4b79-ad5b-2b9982b7544b', '2b7f96e1-820f-4f61-ba8f-861640af6232', '4a999277-4cf5-4282-93ce-23b33c65e2c8'),
('cd92d860-30c8-4795-ae72-381868402150','unknown-72112','Unknown 72112','005234ba-1cb4-4b79-ad5b-2b9982b7544b', '2b7f96e1-820f-4f61-ba8f-861640af6232', '4a999277-4cf5-4282-93ce-23b33c65e2c8'),
('41f88ce7-3351-4984-9d1d-f8baad809881','unknown-72111','Unknown 72111','005234ba-1cb4-4b79-ad5b-2b9982b7544b', '2b7f96e1-820f-4f61-ba8f-861640af6232', '4a999277-4cf5-4282-93ce-23b33c65e2c8'),
('77ec3909-d96a-427f-a43f-dc6900103751','unknown-82292','Unknown 82292','005234ba-1cb4-4b79-ad5b-2b9982b7544b', '2b7f96e1-820f-4f61-ba8f-861640af6232', '4a999277-4cf5-4282-93ce-23b33c65e2c8'),
('4dd166ea-2075-44c2-bf82-dc65ef9f3a24','unknown-72117','Unknown 72117','005234ba-1cb4-4b79-ad5b-2b9982b7544b', '2b7f96e1-820f-4f61-ba8f-861640af6232', '4a999277-4cf5-4282-93ce-23b33c65e2c8'),
('ec582873-73f4-4d48-99b1-3376db8a9108','unknown-72116','Unknown 72116','005234ba-1cb4-4b79-ad5b-2b9982b7544b', '2b7f96e1-820f-4f61-ba8f-861640af6232', '4a999277-4cf5-4282-93ce-23b33c65e2c8'),
('15739537-5752-4ed1-a826-d5af590555bc','stage','Stage','e08da097-1833-4ec5-b271-0c6ba47dcc4a', 'b49f214e-f69f-43da-9ce3-ad96042268d0', 'f777f2e2-5e32-424e-a1ca-19d16cd8abce'),
('5a814edb-5e0e-45dd-857c-796f3108f69c','precipitation','Precipitation','e08da097-1833-4ec5-b271-0c6ba47dcc4a', '0ce77a5a-8283-47cd-9126-c440bcec4ef6', '4ee79a3d-a053-41b8-85b5-bb2eea3c9d1a'),
('e4482d86-f777-4b4e-ab33-23e504506ac9','voltage','Voltage','e08da097-1833-4ec5-b271-0c6ba47dcc4a', '430e5edb-e2b5-4f86-b19f-cda26a27e151', '6b5bd788-8c78-43bb-b5a3-ad544b858a64'),
('2d857532-a894-4d1b-b9f1-d9380f4ea080','unknown-72114','Unknown 72114','e08da097-1833-4ec5-b271-0c6ba47dcc4a', '2b7f96e1-820f-4f61-ba8f-861640af6232', '4a999277-4cf5-4282-93ce-23b33c65e2c8'),
('00df56fd-06aa-4d09-9c46-317d1746795e','unknown-72113','Unknown 72113','e08da097-1833-4ec5-b271-0c6ba47dcc4a', '2b7f96e1-820f-4f61-ba8f-861640af6232', '4a999277-4cf5-4282-93ce-23b33c65e2c8'),
('a213c74e-cecc-46df-971a-156996dfe0e8','unknown-72115','Unknown 72115','e08da097-1833-4ec5-b271-0c6ba47dcc4a', '2b7f96e1-820f-4f61-ba8f-861640af6232', '4a999277-4cf5-4282-93ce-23b33c65e2c8'),
('230f9766-8f89-4b6b-8a27-67cddcc9dafa','unknown-72112','Unknown 72112','e08da097-1833-4ec5-b271-0c6ba47dcc4a', '2b7f96e1-820f-4f61-ba8f-861640af6232', '4a999277-4cf5-4282-93ce-23b33c65e2c8'),
('7fa16a39-fc85-4c85-bd8c-94efef25e157','unknown-72111','Unknown 72111','e08da097-1833-4ec5-b271-0c6ba47dcc4a', '2b7f96e1-820f-4f61-ba8f-861640af6232', '4a999277-4cf5-4282-93ce-23b33c65e2c8'),
('5536571e-763e-4b40-a270-01865d081dc0','unknown-82292','Unknown 82292','e08da097-1833-4ec5-b271-0c6ba47dcc4a', '2b7f96e1-820f-4f61-ba8f-861640af6232', '4a999277-4cf5-4282-93ce-23b33c65e2c8'),
('22a8931f-d9e6-4fc1-9606-28b764c5775a','unknown-72117','Unknown 72117','e08da097-1833-4ec5-b271-0c6ba47dcc4a', '2b7f96e1-820f-4f61-ba8f-861640af6232', '4a999277-4cf5-4282-93ce-23b33c65e2c8'),
('9c3799cc-f1f1-42f3-a041-2433a30f3587','unknown-72116','Unknown 72116','e08da097-1833-4ec5-b271-0c6ba47dcc4a', '2b7f96e1-820f-4f61-ba8f-861640af6232', '4a999277-4cf5-4282-93ce-23b33c65e2c8'),
('7770dc71-7a76-483f-89a0-2df722f604ce','stage','Stage','cefbe623-b8de-4e6f-87e2-992b0dbf4fe9', 'b49f214e-f69f-43da-9ce3-ad96042268d0', 'f777f2e2-5e32-424e-a1ca-19d16cd8abce'),
('1e6a1e6a-8822-441c-b50b-6c76cada5d26','precipitation','Precipitation','cefbe623-b8de-4e6f-87e2-992b0dbf4fe9', '0ce77a5a-8283-47cd-9126-c440bcec4ef6', '4ee79a3d-a053-41b8-85b5-bb2eea3c9d1a'),
('b7a131b3-4ebd-48c1-82ca-0f813e36dd56','voltage','Voltage','cefbe623-b8de-4e6f-87e2-992b0dbf4fe9', '430e5edb-e2b5-4f86-b19f-cda26a27e151', '6b5bd788-8c78-43bb-b5a3-ad544b858a64'),
('1513f143-660c-420e-9fb1-555b44818339','unknown-72114','Unknown 72114','cefbe623-b8de-4e6f-87e2-992b0dbf4fe9', '2b7f96e1-820f-4f61-ba8f-861640af6232', '4a999277-4cf5-4282-93ce-23b33c65e2c8'),
('d25a7c1f-4405-41f3-9347-369637489ac3','unknown-72113','Unknown 72113','cefbe623-b8de-4e6f-87e2-992b0dbf4fe9', '2b7f96e1-820f-4f61-ba8f-861640af6232', '4a999277-4cf5-4282-93ce-23b33c65e2c8'),
('1edb5120-ee4c-4de8-b016-c250dacf26c9','unknown-72115','Unknown 72115','cefbe623-b8de-4e6f-87e2-992b0dbf4fe9', '2b7f96e1-820f-4f61-ba8f-861640af6232', '4a999277-4cf5-4282-93ce-23b33c65e2c8'),
('72fb3c07-d713-4f45-8feb-171bca292009','unknown-72112','Unknown 72112','cefbe623-b8de-4e6f-87e2-992b0dbf4fe9', '2b7f96e1-820f-4f61-ba8f-861640af6232', '4a999277-4cf5-4282-93ce-23b33c65e2c8'),
('4ac47385-311c-4df9-86d7-b848cc7fcca5','unknown-72111','Unknown 72111','cefbe623-b8de-4e6f-87e2-992b0dbf4fe9', '2b7f96e1-820f-4f61-ba8f-861640af6232', '4a999277-4cf5-4282-93ce-23b33c65e2c8'),
('2ecb79ec-0063-4d83-b72a-5492bd90438a','unknown-82292','Unknown 82292','cefbe623-b8de-4e6f-87e2-992b0dbf4fe9', '2b7f96e1-820f-4f61-ba8f-861640af6232', '4a999277-4cf5-4282-93ce-23b33c65e2c8'),
('04eeb94a-d4d9-4dfc-b2bf-c4dadc623120','unknown-72117','Unknown 72117','cefbe623-b8de-4e6f-87e2-992b0dbf4fe9', '2b7f96e1-820f-4f61-ba8f-861640af6232', '4a999277-4cf5-4282-93ce-23b33c65e2c8'),
('3661d58d-ab59-461f-a408-45f81aa98136','unknown-72116','Unknown 72116','cefbe623-b8de-4e6f-87e2-992b0dbf4fe9', '2b7f96e1-820f-4f61-ba8f-861640af6232', '4a999277-4cf5-4282-93ce-23b33c65e2c8'),
('7eaaf37d-3f00-42b4-aa90-899cb175f160','stage','Stage','1afe57a9-fc1a-45bb-bfa8-e0a578a1ee64', 'b49f214e-f69f-43da-9ce3-ad96042268d0', 'f777f2e2-5e32-424e-a1ca-19d16cd8abce'),
('1a73c09c-5dec-492c-988d-fc9a0c208156','precipitation','Precipitation','1afe57a9-fc1a-45bb-bfa8-e0a578a1ee64', '0ce77a5a-8283-47cd-9126-c440bcec4ef6', '4ee79a3d-a053-41b8-85b5-bb2eea3c9d1a'),
('5a2d676a-a609-4bad-b753-6041c1e7f626','voltage','Voltage','1afe57a9-fc1a-45bb-bfa8-e0a578a1ee64', '430e5edb-e2b5-4f86-b19f-cda26a27e151', '6b5bd788-8c78-43bb-b5a3-ad544b858a64'),
('69ffbbec-f282-40e5-88ad-de1baa32c10d','unknown-72114','Unknown 72114','1afe57a9-fc1a-45bb-bfa8-e0a578a1ee64', '2b7f96e1-820f-4f61-ba8f-861640af6232', '4a999277-4cf5-4282-93ce-23b33c65e2c8'),
('ab72d8ea-b05e-457f-8f10-145f43bed3b9','unknown-72113','Unknown 72113','1afe57a9-fc1a-45bb-bfa8-e0a578a1ee64', '2b7f96e1-820f-4f61-ba8f-861640af6232', '4a999277-4cf5-4282-93ce-23b33c65e2c8'),
('3287d8dd-35eb-4c0e-8e73-ae67b2d28ae6','unknown-72115','Unknown 72115','1afe57a9-fc1a-45bb-bfa8-e0a578a1ee64', '2b7f96e1-820f-4f61-ba8f-861640af6232', '4a999277-4cf5-4282-93ce-23b33c65e2c8'),
('f06ca8bf-f4bf-4b64-89f7-39a0171b4aeb','unknown-72112','Unknown 72112','1afe57a9-fc1a-45bb-bfa8-e0a578a1ee64', '2b7f96e1-820f-4f61-ba8f-861640af6232', '4a999277-4cf5-4282-93ce-23b33c65e2c8'),
('aa82ae92-4f1c-4d16-8492-447b661cecee','unknown-72111','Unknown 72111','1afe57a9-fc1a-45bb-bfa8-e0a578a1ee64', '2b7f96e1-820f-4f61-ba8f-861640af6232', '4a999277-4cf5-4282-93ce-23b33c65e2c8'),
('c5fd2ed0-5253-420a-a286-d91e11371914','unknown-82292','Unknown 82292','1afe57a9-fc1a-45bb-bfa8-e0a578a1ee64', '2b7f96e1-820f-4f61-ba8f-861640af6232', '4a999277-4cf5-4282-93ce-23b33c65e2c8'),
('9a3bfa48-69d5-4c0a-93ac-6798bf6176dd','unknown-72117','Unknown 72117','1afe57a9-fc1a-45bb-bfa8-e0a578a1ee64', '2b7f96e1-820f-4f61-ba8f-861640af6232', '4a999277-4cf5-4282-93ce-23b33c65e2c8'),
('f5f5dcfe-5121-47fe-824c-ba4606e4ba01','unknown-72116','Unknown 72116','1afe57a9-fc1a-45bb-bfa8-e0a578a1ee64', '2b7f96e1-820f-4f61-ba8f-861640af6232', '4a999277-4cf5-4282-93ce-23b33c65e2c8'),
('08b27001-cdec-4fb2-a5dd-abe6250eb9f6','stage','Stage','97a23ce8-23bb-45bc-9ab3-16d57dce197c', 'b49f214e-f69f-43da-9ce3-ad96042268d0', 'f777f2e2-5e32-424e-a1ca-19d16cd8abce'),
('d4781458-1ceb-46f3-bd2e-5bf4eee70f0f','precipitation','Precipitation','97a23ce8-23bb-45bc-9ab3-16d57dce197c', '0ce77a5a-8283-47cd-9126-c440bcec4ef6', '4ee79a3d-a053-41b8-85b5-bb2eea3c9d1a'),
('2043d9c8-728b-4e2c-a659-af324c989b86','voltage','Voltage','97a23ce8-23bb-45bc-9ab3-16d57dce197c', '430e5edb-e2b5-4f86-b19f-cda26a27e151', '6b5bd788-8c78-43bb-b5a3-ad544b858a64'),
('63bdfefd-b8d7-40bb-b6a7-194c89d3070d','unknown-72114','Unknown 72114','97a23ce8-23bb-45bc-9ab3-16d57dce197c', '2b7f96e1-820f-4f61-ba8f-861640af6232', '4a999277-4cf5-4282-93ce-23b33c65e2c8'),
('1f847bf9-89ef-4501-917e-51c6c5b83931','unknown-72113','Unknown 72113','97a23ce8-23bb-45bc-9ab3-16d57dce197c', '2b7f96e1-820f-4f61-ba8f-861640af6232', '4a999277-4cf5-4282-93ce-23b33c65e2c8'),
('1c720eae-1835-48df-9253-b6fb9445f86b','unknown-72115','Unknown 72115','97a23ce8-23bb-45bc-9ab3-16d57dce197c', '2b7f96e1-820f-4f61-ba8f-861640af6232', '4a999277-4cf5-4282-93ce-23b33c65e2c8'),
('68647a0d-30e7-416d-aa94-fd6f8c8699fc','unknown-72112','Unknown 72112','97a23ce8-23bb-45bc-9ab3-16d57dce197c', '2b7f96e1-820f-4f61-ba8f-861640af6232', '4a999277-4cf5-4282-93ce-23b33c65e2c8'),
('db6edd21-51f9-49fb-9884-b8659397c978','unknown-72111','Unknown 72111','97a23ce8-23bb-45bc-9ab3-16d57dce197c', '2b7f96e1-820f-4f61-ba8f-861640af6232', '4a999277-4cf5-4282-93ce-23b33c65e2c8'),
('19cd01d0-2aa1-4089-b2e3-b80738c7ade6','unknown-82292','Unknown 82292','97a23ce8-23bb-45bc-9ab3-16d57dce197c', '2b7f96e1-820f-4f61-ba8f-861640af6232', '4a999277-4cf5-4282-93ce-23b33c65e2c8'),
('31b51834-081a-4303-a620-175f409fd71a','unknown-72117','Unknown 72117','97a23ce8-23bb-45bc-9ab3-16d57dce197c', '2b7f96e1-820f-4f61-ba8f-861640af6232', '4a999277-4cf5-4282-93ce-23b33c65e2c8'),
('fa09524c-de33-480c-8df0-8800e3fd17b6','unknown-72116','Unknown 72116','97a23ce8-23bb-45bc-9ab3-16d57dce197c', '2b7f96e1-820f-4f61-ba8f-861640af6232', '4a999277-4cf5-4282-93ce-23b33c65e2c8'),
('489550f9-6b11-420e-8a58-dcff07ce145e','stage','Stage','84cfa98f-6a00-4a3d-97b4-442b9212b6a7', 'b49f214e-f69f-43da-9ce3-ad96042268d0', 'f777f2e2-5e32-424e-a1ca-19d16cd8abce'),
('e65c7026-4dcf-4478-acc9-1efcb11b3910','precipitation','Precipitation','84cfa98f-6a00-4a3d-97b4-442b9212b6a7', '0ce77a5a-8283-47cd-9126-c440bcec4ef6', '4ee79a3d-a053-41b8-85b5-bb2eea3c9d1a'),
('a1cb1459-d8ac-45d7-98ca-0210fb24234e','voltage','Voltage','84cfa98f-6a00-4a3d-97b4-442b9212b6a7', '430e5edb-e2b5-4f86-b19f-cda26a27e151', '6b5bd788-8c78-43bb-b5a3-ad544b858a64'),
('2c724f76-c535-4468-9f0c-c524e9959d8d','unknown-72114','Unknown 72114','84cfa98f-6a00-4a3d-97b4-442b9212b6a7', '2b7f96e1-820f-4f61-ba8f-861640af6232', '4a999277-4cf5-4282-93ce-23b33c65e2c8'),
('e2500866-ed0a-41c6-bafd-d0033b11b8f2','unknown-72113','Unknown 72113','84cfa98f-6a00-4a3d-97b4-442b9212b6a7', '2b7f96e1-820f-4f61-ba8f-861640af6232', '4a999277-4cf5-4282-93ce-23b33c65e2c8'),
('5c21bca0-27b9-406c-a535-39c075d6bfe8','unknown-72115','Unknown 72115','84cfa98f-6a00-4a3d-97b4-442b9212b6a7', '2b7f96e1-820f-4f61-ba8f-861640af6232', '4a999277-4cf5-4282-93ce-23b33c65e2c8'),
('b63d0ab8-58d9-4b37-b715-eea570358ff7','unknown-72112','Unknown 72112','84cfa98f-6a00-4a3d-97b4-442b9212b6a7', '2b7f96e1-820f-4f61-ba8f-861640af6232', '4a999277-4cf5-4282-93ce-23b33c65e2c8'),
('8727b572-63ef-4e46-a0ea-9ae1c595a557','unknown-72111','Unknown 72111','84cfa98f-6a00-4a3d-97b4-442b9212b6a7', '2b7f96e1-820f-4f61-ba8f-861640af6232', '4a999277-4cf5-4282-93ce-23b33c65e2c8'),
('e34ff4cc-03c5-4d96-879f-4e87a0e4c000','unknown-82292','Unknown 82292','84cfa98f-6a00-4a3d-97b4-442b9212b6a7', '2b7f96e1-820f-4f61-ba8f-861640af6232', '4a999277-4cf5-4282-93ce-23b33c65e2c8'),
('a6bcd86e-211f-479a-9c80-6fd866e40085','unknown-72117','Unknown 72117','84cfa98f-6a00-4a3d-97b4-442b9212b6a7', '2b7f96e1-820f-4f61-ba8f-861640af6232', '4a999277-4cf5-4282-93ce-23b33c65e2c8'),
('824909ce-64e1-4dcb-970d-daf4599e71f5','unknown-72116','Unknown 72116','84cfa98f-6a00-4a3d-97b4-442b9212b6a7', '2b7f96e1-820f-4f61-ba8f-861640af6232', '4a999277-4cf5-4282-93ce-23b33c65e2c8'),
('dd02fba2-60cb-4dfd-b4dc-9c46474c0a01','stage','Stage','971212d2-be5e-4b80-b2d7-0d19acc01cfa', 'b49f214e-f69f-43da-9ce3-ad96042268d0', 'f777f2e2-5e32-424e-a1ca-19d16cd8abce'),
('d5d5c25f-1b24-4299-9771-cd5c2adfa5dd','voltage','Voltage','971212d2-be5e-4b80-b2d7-0d19acc01cfa', '430e5edb-e2b5-4f86-b19f-cda26a27e151', '6b5bd788-8c78-43bb-b5a3-ad544b858a64'),
('a2eaf272-d984-4a5c-8c84-8a478a755eb8','unknown-72114','Unknown 72114','971212d2-be5e-4b80-b2d7-0d19acc01cfa', '2b7f96e1-820f-4f61-ba8f-861640af6232', '4a999277-4cf5-4282-93ce-23b33c65e2c8'),
('3f51324c-6ccd-4242-b8a6-48bd5626a880','unknown-72113','Unknown 72113','971212d2-be5e-4b80-b2d7-0d19acc01cfa', '2b7f96e1-820f-4f61-ba8f-861640af6232', '4a999277-4cf5-4282-93ce-23b33c65e2c8'),
('f951d31b-98eb-458f-8390-63af0da8cd57','unknown-72115','Unknown 72115','971212d2-be5e-4b80-b2d7-0d19acc01cfa', '2b7f96e1-820f-4f61-ba8f-861640af6232', '4a999277-4cf5-4282-93ce-23b33c65e2c8'),
('bfa3cded-4fa3-4d18-99d2-be0590c3d857','unknown-72112','Unknown 72112','971212d2-be5e-4b80-b2d7-0d19acc01cfa', '2b7f96e1-820f-4f61-ba8f-861640af6232', '4a999277-4cf5-4282-93ce-23b33c65e2c8'),
('a7ce80c6-190a-4034-8743-79cdebee639c','unknown-72111','Unknown 72111','971212d2-be5e-4b80-b2d7-0d19acc01cfa', '2b7f96e1-820f-4f61-ba8f-861640af6232', '4a999277-4cf5-4282-93ce-23b33c65e2c8'),
('e22da126-a431-4a1d-9385-4dd7abfca8b2','unknown-82292','Unknown 82292','971212d2-be5e-4b80-b2d7-0d19acc01cfa', '2b7f96e1-820f-4f61-ba8f-861640af6232', '4a999277-4cf5-4282-93ce-23b33c65e2c8'),
('2e96190f-3074-4971-afb4-f7cd2bb287ae','unknown-72117','Unknown 72117','971212d2-be5e-4b80-b2d7-0d19acc01cfa', '2b7f96e1-820f-4f61-ba8f-861640af6232', '4a999277-4cf5-4282-93ce-23b33c65e2c8'),
('a1954ae5-3780-48cc-8c9c-8afaec920a72','unknown-72116','Unknown 72116','971212d2-be5e-4b80-b2d7-0d19acc01cfa', '2b7f96e1-820f-4f61-ba8f-861640af6232', '4a999277-4cf5-4282-93ce-23b33c65e2c8'),
('221e52fd-cdf9-4f7e-abe1-5f606e033922','stage','Stage','3d69499f-9a7e-4efe-81b5-fe0f84df3d61', 'b49f214e-f69f-43da-9ce3-ad96042268d0', 'f777f2e2-5e32-424e-a1ca-19d16cd8abce'),
('434c348c-4841-4e96-bf87-61fa6e0fe21b','precipitation','Precipitation','3d69499f-9a7e-4efe-81b5-fe0f84df3d61', '0ce77a5a-8283-47cd-9126-c440bcec4ef6', '4ee79a3d-a053-41b8-85b5-bb2eea3c9d1a'),
('b01432df-e4ce-494b-b900-1744e30c2f05','voltage','Voltage','3d69499f-9a7e-4efe-81b5-fe0f84df3d61', '430e5edb-e2b5-4f86-b19f-cda26a27e151', '6b5bd788-8c78-43bb-b5a3-ad544b858a64'),
('3931264a-1a85-4e00-ac11-52d91cb4bc69','unknown-72114','Unknown 72114','3d69499f-9a7e-4efe-81b5-fe0f84df3d61', '2b7f96e1-820f-4f61-ba8f-861640af6232', '4a999277-4cf5-4282-93ce-23b33c65e2c8'),
('2db67faa-13cf-4e09-b2e9-d6c985f2d19c','unknown-72113','Unknown 72113','3d69499f-9a7e-4efe-81b5-fe0f84df3d61', '2b7f96e1-820f-4f61-ba8f-861640af6232', '4a999277-4cf5-4282-93ce-23b33c65e2c8'),
('2d9f4e22-7d01-4ddf-81f3-5252c8f1d46b','unknown-72115','Unknown 72115','3d69499f-9a7e-4efe-81b5-fe0f84df3d61', '2b7f96e1-820f-4f61-ba8f-861640af6232', '4a999277-4cf5-4282-93ce-23b33c65e2c8'),
('a9c5ec72-ce36-4b62-90b7-ba2c63f58063','unknown-72112','Unknown 72112','3d69499f-9a7e-4efe-81b5-fe0f84df3d61', '2b7f96e1-820f-4f61-ba8f-861640af6232', '4a999277-4cf5-4282-93ce-23b33c65e2c8'),
('225646d0-1e31-4202-8c9a-e96baa0cdf7e','unknown-72111','Unknown 72111','3d69499f-9a7e-4efe-81b5-fe0f84df3d61', '2b7f96e1-820f-4f61-ba8f-861640af6232', '4a999277-4cf5-4282-93ce-23b33c65e2c8'),
('95a99679-73bb-467d-9362-218467e02e91','unknown-82292','Unknown 82292','3d69499f-9a7e-4efe-81b5-fe0f84df3d61', '2b7f96e1-820f-4f61-ba8f-861640af6232', '4a999277-4cf5-4282-93ce-23b33c65e2c8'),
('043383ca-537f-43a6-b0fa-bfa12ed80b22','unknown-72117','Unknown 72117','3d69499f-9a7e-4efe-81b5-fe0f84df3d61', '2b7f96e1-820f-4f61-ba8f-861640af6232', '4a999277-4cf5-4282-93ce-23b33c65e2c8'),
('7760abc6-a110-41b9-817e-9a2a495255b1','unknown-72116','Unknown 72116','3d69499f-9a7e-4efe-81b5-fe0f84df3d61', '2b7f96e1-820f-4f61-ba8f-861640af6232', '4a999277-4cf5-4282-93ce-23b33c65e2c8'),
('8025c379-fcd0-4097-b0f3-b8f218d77bbb','stage','Stage','a350805c-0d10-4fa0-9351-43424b2beca2', 'b49f214e-f69f-43da-9ce3-ad96042268d0', 'f777f2e2-5e32-424e-a1ca-19d16cd8abce'),
('010a7f9f-dab4-4144-b0d8-ec6c6b51b986','precipitation','Precipitation','a350805c-0d10-4fa0-9351-43424b2beca2', '0ce77a5a-8283-47cd-9126-c440bcec4ef6', '4ee79a3d-a053-41b8-85b5-bb2eea3c9d1a'),
('315c5bbe-9736-458e-b9ce-3bd0e262f0f3','unknown-00055','Unknown 00055','a350805c-0d10-4fa0-9351-43424b2beca2', '2b7f96e1-820f-4f61-ba8f-861640af6232', '4a999277-4cf5-4282-93ce-23b33c65e2c8'),
('2826ea6f-08b5-4581-b47c-420ba262fbb4','unknown-99968','Unknown 99968','a350805c-0d10-4fa0-9351-43424b2beca2', '2b7f96e1-820f-4f61-ba8f-861640af6232', '4a999277-4cf5-4282-93ce-23b33c65e2c8'),
('bd7b5631-a7dd-4026-b760-d1f520e34923','unknown-00011','Unknown 00011','a350805c-0d10-4fa0-9351-43424b2beca2', '2b7f96e1-820f-4f61-ba8f-861640af6232', '4a999277-4cf5-4282-93ce-23b33c65e2c8'),
('82ed9081-bb23-46c4-a8cf-71881b1f9035','voltage','Voltage','a350805c-0d10-4fa0-9351-43424b2beca2', '430e5edb-e2b5-4f86-b19f-cda26a27e151', '6b5bd788-8c78-43bb-b5a3-ad544b858a64'),
('89e9f580-ee86-4596-9fe4-20bef6284d8a','unknown-00010','Unknown 00010','a350805c-0d10-4fa0-9351-43424b2beca2', '2b7f96e1-820f-4f61-ba8f-861640af6232', '4a999277-4cf5-4282-93ce-23b33c65e2c8'),
('006d1a74-c008-478a-956e-17239a554d45','unknown-00095','Unknown 00095','a350805c-0d10-4fa0-9351-43424b2beca2', '2b7f96e1-820f-4f61-ba8f-861640af6232', '4a999277-4cf5-4282-93ce-23b33c65e2c8'),
('468597bc-9ee0-423a-8f1d-127af4f8ff5b','unknown-72114','Unknown 72114','a350805c-0d10-4fa0-9351-43424b2beca2', '2b7f96e1-820f-4f61-ba8f-861640af6232', '4a999277-4cf5-4282-93ce-23b33c65e2c8'),
('d63149b5-57f8-467c-8be2-5cd3ce4bcf38','unknown-72113','Unknown 72113','a350805c-0d10-4fa0-9351-43424b2beca2', '2b7f96e1-820f-4f61-ba8f-861640af6232', '4a999277-4cf5-4282-93ce-23b33c65e2c8'),
('5f0d6eae-9654-4532-8f49-c90517132111','unknown-72115','Unknown 72115','a350805c-0d10-4fa0-9351-43424b2beca2', '2b7f96e1-820f-4f61-ba8f-861640af6232', '4a999277-4cf5-4282-93ce-23b33c65e2c8'),
('59189def-31a8-43ee-9582-fce11558539f','unknown-72112','Unknown 72112','a350805c-0d10-4fa0-9351-43424b2beca2', '2b7f96e1-820f-4f61-ba8f-861640af6232', '4a999277-4cf5-4282-93ce-23b33c65e2c8'),
('c117535e-c1f3-48dc-91d4-2d30425a0017','unknown-72111','Unknown 72111','a350805c-0d10-4fa0-9351-43424b2beca2', '2b7f96e1-820f-4f61-ba8f-861640af6232', '4a999277-4cf5-4282-93ce-23b33c65e2c8'),
('ec880f29-9fec-4cdf-8f0c-21a75501d142','unknown-82292','Unknown 82292','a350805c-0d10-4fa0-9351-43424b2beca2', '2b7f96e1-820f-4f61-ba8f-861640af6232', '4a999277-4cf5-4282-93ce-23b33c65e2c8'),
('2cc392c7-bfd1-4a0f-b5ac-1d9b98943f3e','unknown-72117','Unknown 72117','a350805c-0d10-4fa0-9351-43424b2beca2', '2b7f96e1-820f-4f61-ba8f-861640af6232', '4a999277-4cf5-4282-93ce-23b33c65e2c8'),
('7f686fa8-65a6-4b7e-aedf-e409955d235b','unknown-72116','Unknown 72116','a350805c-0d10-4fa0-9351-43424b2beca2', '2b7f96e1-820f-4f61-ba8f-861640af6232', '4a999277-4cf5-4282-93ce-23b33c65e2c8'),
('255b4153-6450-4ac5-9fb8-7be4a8786900','stage','Stage','31509bea-a87b-4d92-af78-aa825ff3ae2a', 'b49f214e-f69f-43da-9ce3-ad96042268d0', 'f777f2e2-5e32-424e-a1ca-19d16cd8abce'),
('ea5687e8-abf6-400e-afe3-130b152e32c7','precipitation','Precipitation','31509bea-a87b-4d92-af78-aa825ff3ae2a', '0ce77a5a-8283-47cd-9126-c440bcec4ef6', '4ee79a3d-a053-41b8-85b5-bb2eea3c9d1a'),
('4eef9de4-714a-4f34-a198-6416dd6816a9','unknown-00010','Unknown 00010','31509bea-a87b-4d92-af78-aa825ff3ae2a', '2b7f96e1-820f-4f61-ba8f-861640af6232', '4a999277-4cf5-4282-93ce-23b33c65e2c8'),
('3977de20-1ae1-4a74-a07b-f72ffb40e649','unknown-00095','Unknown 00095','31509bea-a87b-4d92-af78-aa825ff3ae2a', '2b7f96e1-820f-4f61-ba8f-861640af6232', '4a999277-4cf5-4282-93ce-23b33c65e2c8'),
('a02f2951-db24-4493-8f7d-b7eaf669e99b','voltage','Voltage','31509bea-a87b-4d92-af78-aa825ff3ae2a', '430e5edb-e2b5-4f86-b19f-cda26a27e151', '6b5bd788-8c78-43bb-b5a3-ad544b858a64'),
('4a887f7d-7479-487a-837f-48469d13a0f2','unknown-72114','Unknown 72114','31509bea-a87b-4d92-af78-aa825ff3ae2a', '2b7f96e1-820f-4f61-ba8f-861640af6232', '4a999277-4cf5-4282-93ce-23b33c65e2c8'),
('f4e883a9-c0e6-45f3-ac49-38dfbd94e8ec','unknown-72113','Unknown 72113','31509bea-a87b-4d92-af78-aa825ff3ae2a', '2b7f96e1-820f-4f61-ba8f-861640af6232', '4a999277-4cf5-4282-93ce-23b33c65e2c8'),
('fbfaeaec-45ed-42d5-be17-56cd4c646c86','unknown-72115','Unknown 72115','31509bea-a87b-4d92-af78-aa825ff3ae2a', '2b7f96e1-820f-4f61-ba8f-861640af6232', '4a999277-4cf5-4282-93ce-23b33c65e2c8'),
('8dd10f50-968d-48bf-a53f-f49293b47fd3','unknown-72112','Unknown 72112','31509bea-a87b-4d92-af78-aa825ff3ae2a', '2b7f96e1-820f-4f61-ba8f-861640af6232', '4a999277-4cf5-4282-93ce-23b33c65e2c8'),
('5cb46570-2d55-4be2-ad94-3685211a8332','unknown-72111','Unknown 72111','31509bea-a87b-4d92-af78-aa825ff3ae2a', '2b7f96e1-820f-4f61-ba8f-861640af6232', '4a999277-4cf5-4282-93ce-23b33c65e2c8'),
('001db97e-5816-40e8-a00d-f8a430628107','unknown-82292','Unknown 82292','31509bea-a87b-4d92-af78-aa825ff3ae2a', '2b7f96e1-820f-4f61-ba8f-861640af6232', '4a999277-4cf5-4282-93ce-23b33c65e2c8'),
('f8d4a503-14fd-4ed7-b45e-474d4041c329','unknown-72117','Unknown 72117','31509bea-a87b-4d92-af78-aa825ff3ae2a', '2b7f96e1-820f-4f61-ba8f-861640af6232', '4a999277-4cf5-4282-93ce-23b33c65e2c8'),
('b3fc441e-638e-44f2-9bae-fea3b90edf0d','unknown-72116','Unknown 72116','31509bea-a87b-4d92-af78-aa825ff3ae2a', '2b7f96e1-820f-4f61-ba8f-861640af6232', '4a999277-4cf5-4282-93ce-23b33c65e2c8'),
('a9a7c6dd-4586-4481-8669-910ece078db3','stage','Stage','4efebec3-04ac-4f9f-b49a-451770117fac', 'b49f214e-f69f-43da-9ce3-ad96042268d0', 'f777f2e2-5e32-424e-a1ca-19d16cd8abce'),
('a17b0aa8-f6ee-4f48-ac98-81c17d92de4b','precipitation','Precipitation','4efebec3-04ac-4f9f-b49a-451770117fac', '0ce77a5a-8283-47cd-9126-c440bcec4ef6', '4ee79a3d-a053-41b8-85b5-bb2eea3c9d1a'),
('ba0d6828-0b0b-4aaa-a13d-dd515a1d6883','unknown-00010','Unknown 00010','4efebec3-04ac-4f9f-b49a-451770117fac', '2b7f96e1-820f-4f61-ba8f-861640af6232', '4a999277-4cf5-4282-93ce-23b33c65e2c8'),
('46eece44-f460-43f2-9ab1-9b0568662709','unknown-00095','Unknown 00095','4efebec3-04ac-4f9f-b49a-451770117fac', '2b7f96e1-820f-4f61-ba8f-861640af6232', '4a999277-4cf5-4282-93ce-23b33c65e2c8'),
('d68182df-04a5-4f78-adbe-c1729d92b8f4','voltage','Voltage','4efebec3-04ac-4f9f-b49a-451770117fac', '430e5edb-e2b5-4f86-b19f-cda26a27e151', '6b5bd788-8c78-43bb-b5a3-ad544b858a64'),
('277eb9c9-782a-453f-838f-a16cbb793e29','unknown-00055','Unknown 00055','4efebec3-04ac-4f9f-b49a-451770117fac', '2b7f96e1-820f-4f61-ba8f-861640af6232', '4a999277-4cf5-4282-93ce-23b33c65e2c8'),
('c84430d4-52f0-4148-b586-37e487f277bc','unknown-99900','Unknown 99900','4efebec3-04ac-4f9f-b49a-451770117fac', '2b7f96e1-820f-4f61-ba8f-861640af6232', '4a999277-4cf5-4282-93ce-23b33c65e2c8'),
('13e1cb10-0010-45be-94ab-0ee72e38cab2','unknown-00011','Unknown 00011','4efebec3-04ac-4f9f-b49a-451770117fac', '2b7f96e1-820f-4f61-ba8f-861640af6232', '4a999277-4cf5-4282-93ce-23b33c65e2c8'),
('2a20a0a1-71ed-4aa5-97c4-0b1c16ffa58d','unknown-72114','Unknown 72114','4efebec3-04ac-4f9f-b49a-451770117fac', '2b7f96e1-820f-4f61-ba8f-861640af6232', '4a999277-4cf5-4282-93ce-23b33c65e2c8'),
('796009a5-1cff-4147-9af5-9462d6a176dc','unknown-72113','Unknown 72113','4efebec3-04ac-4f9f-b49a-451770117fac', '2b7f96e1-820f-4f61-ba8f-861640af6232', '4a999277-4cf5-4282-93ce-23b33c65e2c8'),
('3c5e3117-0e18-4823-822b-cc2d39e3320a','unknown-72115','Unknown 72115','4efebec3-04ac-4f9f-b49a-451770117fac', '2b7f96e1-820f-4f61-ba8f-861640af6232', '4a999277-4cf5-4282-93ce-23b33c65e2c8'),
('b03c92d9-57ba-4a64-b0b9-53b864d22739','unknown-72112','Unknown 72112','4efebec3-04ac-4f9f-b49a-451770117fac', '2b7f96e1-820f-4f61-ba8f-861640af6232', '4a999277-4cf5-4282-93ce-23b33c65e2c8'),
('b706dc06-92d3-4e7b-817e-efea7c63ff2b','unknown-72111','Unknown 72111','4efebec3-04ac-4f9f-b49a-451770117fac', '2b7f96e1-820f-4f61-ba8f-861640af6232', '4a999277-4cf5-4282-93ce-23b33c65e2c8'),
('4c9e1a31-d721-47be-a446-70a3d3bdbac2','unknown-82292','Unknown 82292','4efebec3-04ac-4f9f-b49a-451770117fac', '2b7f96e1-820f-4f61-ba8f-861640af6232', '4a999277-4cf5-4282-93ce-23b33c65e2c8'),
('82e194e3-60bc-463f-9334-b27a5969a1c5','unknown-72117','Unknown 72117','4efebec3-04ac-4f9f-b49a-451770117fac', '2b7f96e1-820f-4f61-ba8f-861640af6232', '4a999277-4cf5-4282-93ce-23b33c65e2c8'),
('bec6d406-a6cb-4246-9e01-da1caa8d0bc2','unknown-72116','Unknown 72116','4efebec3-04ac-4f9f-b49a-451770117fac', '2b7f96e1-820f-4f61-ba8f-861640af6232', '4a999277-4cf5-4282-93ce-23b33c65e2c8'),
('469d23a1-058f-474a-8bc5-096697517447','stage','Stage','6492879d-184d-40e0-902f-65a26f121a83', 'b49f214e-f69f-43da-9ce3-ad96042268d0', 'f777f2e2-5e32-424e-a1ca-19d16cd8abce'),
('9b6aef75-0032-4db4-91fd-be2676b8ce79','precipitation','Precipitation','6492879d-184d-40e0-902f-65a26f121a83', '0ce77a5a-8283-47cd-9126-c440bcec4ef6', '4ee79a3d-a053-41b8-85b5-bb2eea3c9d1a'),
('e5989037-bbc2-42af-a364-17a6603b11d9','unknown-00055','Unknown 00055','6492879d-184d-40e0-902f-65a26f121a83', '2b7f96e1-820f-4f61-ba8f-861640af6232', '4a999277-4cf5-4282-93ce-23b33c65e2c8'),
('9a85bb12-350e-4ac2-9258-b3596cf93b7c','unknown-99900','Unknown 99900','6492879d-184d-40e0-902f-65a26f121a83', '2b7f96e1-820f-4f61-ba8f-861640af6232', '4a999277-4cf5-4282-93ce-23b33c65e2c8'),
('f4273858-f741-4d76-b457-d2a5a229dd9f','unknown-99968','Unknown 99968','6492879d-184d-40e0-902f-65a26f121a83', '2b7f96e1-820f-4f61-ba8f-861640af6232', '4a999277-4cf5-4282-93ce-23b33c65e2c8'),
('dc90bae6-a039-4488-ad2d-b81a97e36088','unknown-00010','Unknown 00010','6492879d-184d-40e0-902f-65a26f121a83', '2b7f96e1-820f-4f61-ba8f-861640af6232', '4a999277-4cf5-4282-93ce-23b33c65e2c8'),
('a2305ce1-039f-4cb1-a81f-776596318c3c','unknown-00095','Unknown 00095','6492879d-184d-40e0-902f-65a26f121a83', '2b7f96e1-820f-4f61-ba8f-861640af6232', '4a999277-4cf5-4282-93ce-23b33c65e2c8'),
('5903d1fd-7836-4922-be67-d098a031a9c7','dissolved-oxygen','Dissolved-Oxygen','6492879d-184d-40e0-902f-65a26f121a83', '98007857-d027-4524-9a63-d07ae93e5fa2', '67d75ccd-6bf7-4086-a970-5ed65a5c30f3'),
('ca6995a9-2fb3-40a5-bc9e-dd4b1e54be06','ph','ph','6492879d-184d-40e0-902f-65a26f121a83', '5d0b2c85-6a4c-4d82-aed3-193b066349f1', '4a999277-4cf5-4282-93ce-23b33c65e2c8'),
('739572e6-b2c7-4499-a126-6653fe51ab24','unknown-00036','Unknown 00036','6492879d-184d-40e0-902f-65a26f121a83', '2b7f96e1-820f-4f61-ba8f-861640af6232', '4a999277-4cf5-4282-93ce-23b33c65e2c8'),
('768f58ea-3898-4377-a096-83964590f335','unknown-00035','Unknown 00035','6492879d-184d-40e0-902f-65a26f121a83', '2b7f96e1-820f-4f61-ba8f-861640af6232', '4a999277-4cf5-4282-93ce-23b33c65e2c8'),
('0390f97b-5c04-4cf5-b3b4-a52e14630eed','unknown-00020','Unknown 00020','6492879d-184d-40e0-902f-65a26f121a83', '2b7f96e1-820f-4f61-ba8f-861640af6232', '4a999277-4cf5-4282-93ce-23b33c65e2c8'),
('7b532045-3a5d-4be9-a95b-1d44176afc59','unknown-00025','Unknown 00025','6492879d-184d-40e0-902f-65a26f121a83', '2b7f96e1-820f-4f61-ba8f-861640af6232', '4a999277-4cf5-4282-93ce-23b33c65e2c8'),
('051c9899-6032-4aea-959f-c3e032993130','voltage','Voltage','6492879d-184d-40e0-902f-65a26f121a83', '430e5edb-e2b5-4f86-b19f-cda26a27e151', '6b5bd788-8c78-43bb-b5a3-ad544b858a64'),
('6ff837d1-9bec-4d0d-8ab2-8ae0abaab716','unknown-72114','Unknown 72114','6492879d-184d-40e0-902f-65a26f121a83', '2b7f96e1-820f-4f61-ba8f-861640af6232', '4a999277-4cf5-4282-93ce-23b33c65e2c8'),
('11ea7925-0053-48a9-b938-edc569496dcc','unknown-72113','Unknown 72113','6492879d-184d-40e0-902f-65a26f121a83', '2b7f96e1-820f-4f61-ba8f-861640af6232', '4a999277-4cf5-4282-93ce-23b33c65e2c8'),
('5492455a-a071-4cd4-9918-4c16c33b1f12','unknown-72115','Unknown 72115','6492879d-184d-40e0-902f-65a26f121a83', '2b7f96e1-820f-4f61-ba8f-861640af6232', '4a999277-4cf5-4282-93ce-23b33c65e2c8'),
('025d991b-02cf-474d-8088-bfe6fc1a9785','unknown-72112','Unknown 72112','6492879d-184d-40e0-902f-65a26f121a83', '2b7f96e1-820f-4f61-ba8f-861640af6232', '4a999277-4cf5-4282-93ce-23b33c65e2c8'),
('72d80db4-4e93-4cf7-a4cf-ab3ccf559ff2','unknown-72111','Unknown 72111','6492879d-184d-40e0-902f-65a26f121a83', '2b7f96e1-820f-4f61-ba8f-861640af6232', '4a999277-4cf5-4282-93ce-23b33c65e2c8'),
('21d6dd3c-3335-4303-be4b-a5ac93538d62','unknown-82292','Unknown 82292','6492879d-184d-40e0-902f-65a26f121a83', '2b7f96e1-820f-4f61-ba8f-861640af6232', '4a999277-4cf5-4282-93ce-23b33c65e2c8'),
('38811366-61d6-4555-9c65-509c112f4424','unknown-72117','Unknown 72117','6492879d-184d-40e0-902f-65a26f121a83', '2b7f96e1-820f-4f61-ba8f-861640af6232', '4a999277-4cf5-4282-93ce-23b33c65e2c8'),
('10eb7ac8-ca10-466b-8c14-5c3a0f343d03','unknown-72116','Unknown 72116','6492879d-184d-40e0-902f-65a26f121a83', '2b7f96e1-820f-4f61-ba8f-861640af6232', '4a999277-4cf5-4282-93ce-23b33c65e2c8'),
('22280276-4702-4b76-a510-51871b29bd8e','stage','Stage','413b15a2-4666-4c43-a911-7e02548a3841', 'b49f214e-f69f-43da-9ce3-ad96042268d0', 'f777f2e2-5e32-424e-a1ca-19d16cd8abce'),
('250dfb96-5759-4196-a728-cdfb617a1ce9','precipitation','Precipitation','413b15a2-4666-4c43-a911-7e02548a3841', '0ce77a5a-8283-47cd-9126-c440bcec4ef6', '4ee79a3d-a053-41b8-85b5-bb2eea3c9d1a'),
('9661c903-295d-4326-9c0d-a0acd8453075','unknown-00010','Unknown 00010','413b15a2-4666-4c43-a911-7e02548a3841', '2b7f96e1-820f-4f61-ba8f-861640af6232', '4a999277-4cf5-4282-93ce-23b33c65e2c8'),
('7623627d-27e8-4855-b640-7f1ae6621e73','unknown-00095','Unknown 00095','413b15a2-4666-4c43-a911-7e02548a3841', '2b7f96e1-820f-4f61-ba8f-861640af6232', '4a999277-4cf5-4282-93ce-23b33c65e2c8'),
('aa1aeff6-2264-43d2-b9bc-ed2f679381b1','unknown-00036','Unknown 00036','413b15a2-4666-4c43-a911-7e02548a3841', '2b7f96e1-820f-4f61-ba8f-861640af6232', '4a999277-4cf5-4282-93ce-23b33c65e2c8'),
('7b572c4f-373b-4a68-a8bd-8ff94b22b9c9','unknown-00035','Unknown 00035','413b15a2-4666-4c43-a911-7e02548a3841', '2b7f96e1-820f-4f61-ba8f-861640af6232', '4a999277-4cf5-4282-93ce-23b33c65e2c8'),
('37c0b551-3106-4891-99a6-d531aee624be','unknown-00020','Unknown 00020','413b15a2-4666-4c43-a911-7e02548a3841', '2b7f96e1-820f-4f61-ba8f-861640af6232', '4a999277-4cf5-4282-93ce-23b33c65e2c8'),
('f9049808-bded-4388-81a9-f144797c4385','unknown-00025','Unknown 00025','413b15a2-4666-4c43-a911-7e02548a3841', '2b7f96e1-820f-4f61-ba8f-861640af6232', '4a999277-4cf5-4282-93ce-23b33c65e2c8'),
('be1fecdc-9ff9-4371-bb8e-2428d0f1fa85','voltage','Voltage','413b15a2-4666-4c43-a911-7e02548a3841', '430e5edb-e2b5-4f86-b19f-cda26a27e151', '6b5bd788-8c78-43bb-b5a3-ad544b858a64'),
('8c982127-3e8c-4053-b616-b9477d9e9e52','unknown-72114','Unknown 72114','413b15a2-4666-4c43-a911-7e02548a3841', '2b7f96e1-820f-4f61-ba8f-861640af6232', '4a999277-4cf5-4282-93ce-23b33c65e2c8'),
('0912bb92-4253-406e-b05d-36d96e48c32a','unknown-72113','Unknown 72113','413b15a2-4666-4c43-a911-7e02548a3841', '2b7f96e1-820f-4f61-ba8f-861640af6232', '4a999277-4cf5-4282-93ce-23b33c65e2c8'),
('9c594cac-de1f-4bc1-990a-0b303ed0e7ce','unknown-72115','Unknown 72115','413b15a2-4666-4c43-a911-7e02548a3841', '2b7f96e1-820f-4f61-ba8f-861640af6232', '4a999277-4cf5-4282-93ce-23b33c65e2c8'),
('fbe87664-7d31-4d1f-a603-8fb27dd8be6c','unknown-72112','Unknown 72112','413b15a2-4666-4c43-a911-7e02548a3841', '2b7f96e1-820f-4f61-ba8f-861640af6232', '4a999277-4cf5-4282-93ce-23b33c65e2c8'),
('25e77def-520f-4dc0-a038-e0b478e145f4','unknown-72111','Unknown 72111','413b15a2-4666-4c43-a911-7e02548a3841', '2b7f96e1-820f-4f61-ba8f-861640af6232', '4a999277-4cf5-4282-93ce-23b33c65e2c8'),
('2116c542-1d7b-4362-8244-5c56adeeeca7','unknown-82292','Unknown 82292','413b15a2-4666-4c43-a911-7e02548a3841', '2b7f96e1-820f-4f61-ba8f-861640af6232', '4a999277-4cf5-4282-93ce-23b33c65e2c8'),
('7b81b378-a44b-464e-b88d-20e2ac2ab123','unknown-72117','Unknown 72117','413b15a2-4666-4c43-a911-7e02548a3841', '2b7f96e1-820f-4f61-ba8f-861640af6232', '4a999277-4cf5-4282-93ce-23b33c65e2c8'),
('04934c10-1cda-4b08-aacc-d6581e09ccf8','unknown-72116','Unknown 72116','413b15a2-4666-4c43-a911-7e02548a3841', '2b7f96e1-820f-4f61-ba8f-861640af6232', '4a999277-4cf5-4282-93ce-23b33c65e2c8'),
('815341e9-a9d4-4c1f-9c4f-b2a851205a1b','precipitation','Precipitation','dead0d24-43b5-4383-9538-aa0769de9206', '0ce77a5a-8283-47cd-9126-c440bcec4ef6', '4ee79a3d-a053-41b8-85b5-bb2eea3c9d1a'),
('faa9dab0-1418-4f2e-b6c4-0a90bc4a0587','unknown-00010','Unknown 00010','dead0d24-43b5-4383-9538-aa0769de9206', '2b7f96e1-820f-4f61-ba8f-861640af6232', '4a999277-4cf5-4282-93ce-23b33c65e2c8'),
('1a7e43dc-a387-4ec1-9d00-4fb0fc81a541','unknown-00095','Unknown 00095','dead0d24-43b5-4383-9538-aa0769de9206', '2b7f96e1-820f-4f61-ba8f-861640af6232', '4a999277-4cf5-4282-93ce-23b33c65e2c8'),
('bb6c05ad-5224-45f3-910d-5be182faf905','voltage','Voltage','dead0d24-43b5-4383-9538-aa0769de9206', '430e5edb-e2b5-4f86-b19f-cda26a27e151', '6b5bd788-8c78-43bb-b5a3-ad544b858a64'),
('4fef1e21-444a-4184-9607-d9fd4b1e1362','unknown-72114','Unknown 72114','dead0d24-43b5-4383-9538-aa0769de9206', '2b7f96e1-820f-4f61-ba8f-861640af6232', '4a999277-4cf5-4282-93ce-23b33c65e2c8'),
('8f6bbf90-9b61-4285-8672-cb89bd54cdfa','unknown-72113','Unknown 72113','dead0d24-43b5-4383-9538-aa0769de9206', '2b7f96e1-820f-4f61-ba8f-861640af6232', '4a999277-4cf5-4282-93ce-23b33c65e2c8'),
('215f9dfb-52b1-4433-87d9-c78f6975dfd6','unknown-72115','Unknown 72115','dead0d24-43b5-4383-9538-aa0769de9206', '2b7f96e1-820f-4f61-ba8f-861640af6232', '4a999277-4cf5-4282-93ce-23b33c65e2c8'),
('42dd89d2-cea2-44be-8223-c0afc4641961','unknown-72112','Unknown 72112','dead0d24-43b5-4383-9538-aa0769de9206', '2b7f96e1-820f-4f61-ba8f-861640af6232', '4a999277-4cf5-4282-93ce-23b33c65e2c8'),
('0863c29a-19fd-4482-b257-7db1dbf2d5eb','unknown-72111','Unknown 72111','dead0d24-43b5-4383-9538-aa0769de9206', '2b7f96e1-820f-4f61-ba8f-861640af6232', '4a999277-4cf5-4282-93ce-23b33c65e2c8'),
('03f675be-d632-43ea-ba95-80b09b32bc57','unknown-82292','Unknown 82292','dead0d24-43b5-4383-9538-aa0769de9206', '2b7f96e1-820f-4f61-ba8f-861640af6232', '4a999277-4cf5-4282-93ce-23b33c65e2c8'),
('dbcfb211-7484-4332-a6a6-ce4b22084d5d','unknown-72117','Unknown 72117','dead0d24-43b5-4383-9538-aa0769de9206', '2b7f96e1-820f-4f61-ba8f-861640af6232', '4a999277-4cf5-4282-93ce-23b33c65e2c8'),
('806a24c8-a52b-40a9-a866-c5a806e11550','unknown-72116','Unknown 72116','dead0d24-43b5-4383-9538-aa0769de9206', '2b7f96e1-820f-4f61-ba8f-861640af6232', '4a999277-4cf5-4282-93ce-23b33c65e2c8'),
('26e8b86e-172d-41d4-95ea-d49f919bf2a7','stage','Stage','093180ba-2e1d-4bbb-9dd4-feab113ce564', 'b49f214e-f69f-43da-9ce3-ad96042268d0', 'f777f2e2-5e32-424e-a1ca-19d16cd8abce'),
('9488fd0b-79b1-4d3a-b76f-dac99e1bc1f9','precipitation','Precipitation','093180ba-2e1d-4bbb-9dd4-feab113ce564', '0ce77a5a-8283-47cd-9126-c440bcec4ef6', '4ee79a3d-a053-41b8-85b5-bb2eea3c9d1a'),
('9c8da97a-4c53-44d3-83cd-901ac264650e','unknown-00035','Unknown 00035','093180ba-2e1d-4bbb-9dd4-feab113ce564', '2b7f96e1-820f-4f61-ba8f-861640af6232', '4a999277-4cf5-4282-93ce-23b33c65e2c8'),
('45c6acd7-5ed5-4f74-82f3-5e8aa2b1b7d4','unknown-00036','Unknown 00036','093180ba-2e1d-4bbb-9dd4-feab113ce564', '2b7f96e1-820f-4f61-ba8f-861640af6232', '4a999277-4cf5-4282-93ce-23b33c65e2c8'),
('bfef3b13-f709-48c8-ab5e-3a838946165c','voltage','Voltage','093180ba-2e1d-4bbb-9dd4-feab113ce564', '430e5edb-e2b5-4f86-b19f-cda26a27e151', '6b5bd788-8c78-43bb-b5a3-ad544b858a64'),
('a1f538e9-fd13-4281-9bba-0e05d2abd1bb','unknown-00055','Unknown 00055','093180ba-2e1d-4bbb-9dd4-feab113ce564', '2b7f96e1-820f-4f61-ba8f-861640af6232', '4a999277-4cf5-4282-93ce-23b33c65e2c8'),
('86a1fdae-25c7-4770-9784-acab03683cd1','unknown-99968','Unknown 99968','093180ba-2e1d-4bbb-9dd4-feab113ce564', '2b7f96e1-820f-4f61-ba8f-861640af6232', '4a999277-4cf5-4282-93ce-23b33c65e2c8'),
('4c75235f-4848-4ebf-bf65-4d48b93bcb51','unknown-00011','Unknown 00011','093180ba-2e1d-4bbb-9dd4-feab113ce564', '2b7f96e1-820f-4f61-ba8f-861640af6232', '4a999277-4cf5-4282-93ce-23b33c65e2c8'),
('60bce29c-cc1c-440b-a2e4-a9c0e240a051','unknown-00020','Unknown 00020','093180ba-2e1d-4bbb-9dd4-feab113ce564', '2b7f96e1-820f-4f61-ba8f-861640af6232', '4a999277-4cf5-4282-93ce-23b33c65e2c8'),
('60f49370-08cd-4f28-8ff5-70156d760b5b','unknown-00025','Unknown 00025','093180ba-2e1d-4bbb-9dd4-feab113ce564', '2b7f96e1-820f-4f61-ba8f-861640af6232', '4a999277-4cf5-4282-93ce-23b33c65e2c8'),
('2d5b6a2c-d56b-48de-906f-a2ecc92a5bd9','unknown-72114','Unknown 72114','093180ba-2e1d-4bbb-9dd4-feab113ce564', '2b7f96e1-820f-4f61-ba8f-861640af6232', '4a999277-4cf5-4282-93ce-23b33c65e2c8'),
('2e653879-2463-4848-9790-c83839f43422','unknown-72113','Unknown 72113','093180ba-2e1d-4bbb-9dd4-feab113ce564', '2b7f96e1-820f-4f61-ba8f-861640af6232', '4a999277-4cf5-4282-93ce-23b33c65e2c8'),
('6710e5e0-2e6d-471c-ba5c-488ec1d38685','unknown-72115','Unknown 72115','093180ba-2e1d-4bbb-9dd4-feab113ce564', '2b7f96e1-820f-4f61-ba8f-861640af6232', '4a999277-4cf5-4282-93ce-23b33c65e2c8'),
('edfe8aa6-7f3e-4f87-bc94-83150a436f60','unknown-72112','Unknown 72112','093180ba-2e1d-4bbb-9dd4-feab113ce564', '2b7f96e1-820f-4f61-ba8f-861640af6232', '4a999277-4cf5-4282-93ce-23b33c65e2c8'),
('7a751c5f-fe14-4d81-95f3-a2e932ad9151','unknown-72111','Unknown 72111','093180ba-2e1d-4bbb-9dd4-feab113ce564', '2b7f96e1-820f-4f61-ba8f-861640af6232', '4a999277-4cf5-4282-93ce-23b33c65e2c8'),
('75b7b112-aa60-4b2c-9c2a-fb992232ec2c','unknown-82292','Unknown 82292','093180ba-2e1d-4bbb-9dd4-feab113ce564', '2b7f96e1-820f-4f61-ba8f-861640af6232', '4a999277-4cf5-4282-93ce-23b33c65e2c8'),
('34013760-fb00-47e4-a36a-192e942983c2','unknown-72117','Unknown 72117','093180ba-2e1d-4bbb-9dd4-feab113ce564', '2b7f96e1-820f-4f61-ba8f-861640af6232', '4a999277-4cf5-4282-93ce-23b33c65e2c8'),
('3acd4034-442d-4f10-b690-f0a9b19e2f24','unknown-72116','Unknown 72116','093180ba-2e1d-4bbb-9dd4-feab113ce564', '2b7f96e1-820f-4f61-ba8f-861640af6232', '4a999277-4cf5-4282-93ce-23b33c65e2c8'),
('fe5c8b1e-6ab0-4d00-b7a5-710190a609d9','stage','Stage','924a4b3d-aa54-452d-955d-d5763b916c03', 'b49f214e-f69f-43da-9ce3-ad96042268d0', 'f777f2e2-5e32-424e-a1ca-19d16cd8abce'),
('9cf0ae8d-fb80-4717-81d8-ec19d32b64c4','precipitation','Precipitation','924a4b3d-aa54-452d-955d-d5763b916c03', '0ce77a5a-8283-47cd-9126-c440bcec4ef6', '4ee79a3d-a053-41b8-85b5-bb2eea3c9d1a'),
('8e51bb91-e7d0-42af-8fe2-70e5d0eef761','unknown-00036','Unknown 00036','924a4b3d-aa54-452d-955d-d5763b916c03', '2b7f96e1-820f-4f61-ba8f-861640af6232', '4a999277-4cf5-4282-93ce-23b33c65e2c8'),
('e13f4370-564b-433a-a92e-1a135df86767','unknown-00035','Unknown 00035','924a4b3d-aa54-452d-955d-d5763b916c03', '2b7f96e1-820f-4f61-ba8f-861640af6232', '4a999277-4cf5-4282-93ce-23b33c65e2c8'),
('d079a7ca-5795-4b5c-95d3-6825b027a324','unknown-00020','Unknown 00020','924a4b3d-aa54-452d-955d-d5763b916c03', '2b7f96e1-820f-4f61-ba8f-861640af6232', '4a999277-4cf5-4282-93ce-23b33c65e2c8'),
('77b675cd-80c5-4941-ac86-a91b9bd3c7d3','unknown-00025','Unknown 00025','924a4b3d-aa54-452d-955d-d5763b916c03', '2b7f96e1-820f-4f61-ba8f-861640af6232', '4a999277-4cf5-4282-93ce-23b33c65e2c8'),
('6efc5e51-6648-4652-b022-99f8535ef4b4','voltage','Voltage','924a4b3d-aa54-452d-955d-d5763b916c03', '430e5edb-e2b5-4f86-b19f-cda26a27e151', '6b5bd788-8c78-43bb-b5a3-ad544b858a64'),
('5de6f345-f155-4d01-84ad-203880bb0ca4','unknown-72114','Unknown 72114','924a4b3d-aa54-452d-955d-d5763b916c03', '2b7f96e1-820f-4f61-ba8f-861640af6232', '4a999277-4cf5-4282-93ce-23b33c65e2c8'),
('595d1752-8fc0-48af-af84-b449e06f9eb8','unknown-72113','Unknown 72113','924a4b3d-aa54-452d-955d-d5763b916c03', '2b7f96e1-820f-4f61-ba8f-861640af6232', '4a999277-4cf5-4282-93ce-23b33c65e2c8'),
('661ff27a-3419-4488-a6b5-c40ef188dd90','unknown-72115','Unknown 72115','924a4b3d-aa54-452d-955d-d5763b916c03', '2b7f96e1-820f-4f61-ba8f-861640af6232', '4a999277-4cf5-4282-93ce-23b33c65e2c8'),
('dd22b1db-eb60-4215-b29f-2e5eb9884108','unknown-72112','Unknown 72112','924a4b3d-aa54-452d-955d-d5763b916c03', '2b7f96e1-820f-4f61-ba8f-861640af6232', '4a999277-4cf5-4282-93ce-23b33c65e2c8'),
('a9a6d73d-fe30-40ba-851b-1defdb34cd35','unknown-72111','Unknown 72111','924a4b3d-aa54-452d-955d-d5763b916c03', '2b7f96e1-820f-4f61-ba8f-861640af6232', '4a999277-4cf5-4282-93ce-23b33c65e2c8'),
('4d9ac518-b3d6-4dc6-b738-df224f731e04','unknown-82292','Unknown 82292','924a4b3d-aa54-452d-955d-d5763b916c03', '2b7f96e1-820f-4f61-ba8f-861640af6232', '4a999277-4cf5-4282-93ce-23b33c65e2c8'),
('7b3af736-809c-472f-b004-35c8a35e4809','unknown-72117','Unknown 72117','924a4b3d-aa54-452d-955d-d5763b916c03', '2b7f96e1-820f-4f61-ba8f-861640af6232', '4a999277-4cf5-4282-93ce-23b33c65e2c8'),
('0053038c-d31e-4be1-a6b2-d1bfa4770155','unknown-72116','Unknown 72116','924a4b3d-aa54-452d-955d-d5763b916c03', '2b7f96e1-820f-4f61-ba8f-861640af6232', '4a999277-4cf5-4282-93ce-23b33c65e2c8'),
('982b65eb-0d31-46c2-9c23-396f2105ee70','stage','Stage','0f2a5b22-363e-472a-ab11-8aabd9779af2', 'b49f214e-f69f-43da-9ce3-ad96042268d0', 'f777f2e2-5e32-424e-a1ca-19d16cd8abce'),
('123cc246-d8c0-4673-8a99-cf5279011c9f','precipitation','Precipitation','0f2a5b22-363e-472a-ab11-8aabd9779af2', '0ce77a5a-8283-47cd-9126-c440bcec4ef6', '4ee79a3d-a053-41b8-85b5-bb2eea3c9d1a'),
('44e20efd-5a32-486a-8b23-6083e9435e0b','voltage','Voltage','0f2a5b22-363e-472a-ab11-8aabd9779af2', '430e5edb-e2b5-4f86-b19f-cda26a27e151', '6b5bd788-8c78-43bb-b5a3-ad544b858a64'),
('d4de19e4-23c4-4573-8b57-97fd667a3d82','unknown-72114','Unknown 72114','0f2a5b22-363e-472a-ab11-8aabd9779af2', '2b7f96e1-820f-4f61-ba8f-861640af6232', '4a999277-4cf5-4282-93ce-23b33c65e2c8'),
('a78c4c63-e06e-4351-b11d-1c123f2cd7a4','unknown-72113','Unknown 72113','0f2a5b22-363e-472a-ab11-8aabd9779af2', '2b7f96e1-820f-4f61-ba8f-861640af6232', '4a999277-4cf5-4282-93ce-23b33c65e2c8'),
('45313ea8-a884-4a4a-a69e-53f3015a97ca','unknown-72115','Unknown 72115','0f2a5b22-363e-472a-ab11-8aabd9779af2', '2b7f96e1-820f-4f61-ba8f-861640af6232', '4a999277-4cf5-4282-93ce-23b33c65e2c8'),
('d728d1ce-e8a6-489b-9e1b-625aa1c42113','unknown-72112','Unknown 72112','0f2a5b22-363e-472a-ab11-8aabd9779af2', '2b7f96e1-820f-4f61-ba8f-861640af6232', '4a999277-4cf5-4282-93ce-23b33c65e2c8'),
('ce29ebc0-4242-4614-9d42-ed0c758b57de','unknown-72111','Unknown 72111','0f2a5b22-363e-472a-ab11-8aabd9779af2', '2b7f96e1-820f-4f61-ba8f-861640af6232', '4a999277-4cf5-4282-93ce-23b33c65e2c8'),
('1b41393b-8443-4f3a-8f0c-e7512435549d','unknown-82292','Unknown 82292','0f2a5b22-363e-472a-ab11-8aabd9779af2', '2b7f96e1-820f-4f61-ba8f-861640af6232', '4a999277-4cf5-4282-93ce-23b33c65e2c8'),
('826e5e49-ee91-41eb-8de8-1050da0f7245','unknown-72117','Unknown 72117','0f2a5b22-363e-472a-ab11-8aabd9779af2', '2b7f96e1-820f-4f61-ba8f-861640af6232', '4a999277-4cf5-4282-93ce-23b33c65e2c8'),
('d70b75e2-4e52-46c2-8707-a8c844652407','unknown-72116','Unknown 72116','0f2a5b22-363e-472a-ab11-8aabd9779af2', '2b7f96e1-820f-4f61-ba8f-861640af6232', '4a999277-4cf5-4282-93ce-23b33c65e2c8'),
('57891e19-43c1-4387-a791-e34a1075e782','stage','Stage','420d5ecc-20f5-46cb-bbfc-f9ec08874283', 'b49f214e-f69f-43da-9ce3-ad96042268d0', 'f777f2e2-5e32-424e-a1ca-19d16cd8abce'),
('77456a59-13b5-4500-bad4-a75fa4924b30','voltage','Voltage','420d5ecc-20f5-46cb-bbfc-f9ec08874283', '430e5edb-e2b5-4f86-b19f-cda26a27e151', '6b5bd788-8c78-43bb-b5a3-ad544b858a64'),
('821b5fe3-de01-472c-9a59-d4749e9f7c62','unknown-00052','Unknown 00052','8ae11ab9-2efa-410f-ac1c-ce1eb4b9e33f', '2b7f96e1-820f-4f61-ba8f-861640af6232', '4a999277-4cf5-4282-93ce-23b33c65e2c8'),
('3c3af6c0-2406-4221-bf04-3fefc8a70867','unknown-00021','Unknown 00021','8ae11ab9-2efa-410f-ac1c-ce1eb4b9e33f', '2b7f96e1-820f-4f61-ba8f-861640af6232', '4a999277-4cf5-4282-93ce-23b33c65e2c8'),
('779ccd05-f400-430b-89ab-d9ee65e3cdb6','unknown-62608','Unknown 62608','8ae11ab9-2efa-410f-ac1c-ce1eb4b9e33f', '2b7f96e1-820f-4f61-ba8f-861640af6232', '4a999277-4cf5-4282-93ce-23b33c65e2c8'),
('f59b59f0-5422-4be9-8118-a463c4ffb178','precipitation','Precipitation','8ae11ab9-2efa-410f-ac1c-ce1eb4b9e33f', '0ce77a5a-8283-47cd-9126-c440bcec4ef6', '3254f483-5e66-405c-acf2-2a8add714bf5'),
('75656dbd-5555-463d-b2cd-e49558c4a943','unknown-00035','Unknown 00035','8ae11ab9-2efa-410f-ac1c-ce1eb4b9e33f', '2b7f96e1-820f-4f61-ba8f-861640af6232', '4a999277-4cf5-4282-93ce-23b33c65e2c8'),
('b535bb19-9a4d-46f1-af1b-1e669b9a273c','unknown-00036','Unknown 00036','8ae11ab9-2efa-410f-ac1c-ce1eb4b9e33f', '2b7f96e1-820f-4f61-ba8f-861640af6232', '4a999277-4cf5-4282-93ce-23b33c65e2c8'),
('d3c5f29a-86be-4acb-a055-d35533b41dd0','unknown-00062','Unknown 00062','8ae11ab9-2efa-410f-ac1c-ce1eb4b9e33f', '2b7f96e1-820f-4f61-ba8f-861640af6232', '4a999277-4cf5-4282-93ce-23b33c65e2c8'),
('5fa4285b-e491-4caa-9877-b75a275a8a9c','voltage','Voltage','8ae11ab9-2efa-410f-ac1c-ce1eb4b9e33f', '430e5edb-e2b5-4f86-b19f-cda26a27e151', '3254f483-5e66-405c-acf2-2a8add714bf5'),
('b6f5197e-b7cd-443b-b62d-361eaf588545','stage','Stage','fd46c733-b662-4195-b96d-0369df362a11', 'b49f214e-f69f-43da-9ce3-ad96042268d0', 'f777f2e2-5e32-424e-a1ca-19d16cd8abce'),
('3bf04445-d993-474a-836a-06dcbd12550f','voltage','Voltage','fd46c733-b662-4195-b96d-0369df362a11', '430e5edb-e2b5-4f86-b19f-cda26a27e151', '6b5bd788-8c78-43bb-b5a3-ad544b858a64'),
('1e56d5bd-b278-43f9-b9b9-7dcbbddd4c02','unknown-00052','Unknown 00052','8f7dc916-885e-43dd-850a-509741483b80', '2b7f96e1-820f-4f61-ba8f-861640af6232', '4a999277-4cf5-4282-93ce-23b33c65e2c8'),
('4abda41c-172e-4beb-b850-1201b8ae9a81','unknown-00021','Unknown 00021','8f7dc916-885e-43dd-850a-509741483b80', '2b7f96e1-820f-4f61-ba8f-861640af6232', '4a999277-4cf5-4282-93ce-23b33c65e2c8'),
('b555d7b1-785a-4860-924b-0f741bcb2b8b','precipitation','Precipitation','8f7dc916-885e-43dd-850a-509741483b80', '0ce77a5a-8283-47cd-9126-c440bcec4ef6', '4ee79a3d-a053-41b8-85b5-bb2eea3c9d1a'),
('f4c161b1-cc65-4459-80ac-5cca0315dfc8','unknown-00035','Unknown 00035','8f7dc916-885e-43dd-850a-509741483b80', '2b7f96e1-820f-4f61-ba8f-861640af6232', '4a999277-4cf5-4282-93ce-23b33c65e2c8'),
('5b5db19e-da1d-4c41-95d6-9f57677f02ec','unknown-00036','Unknown 00036','8f7dc916-885e-43dd-850a-509741483b80', '2b7f96e1-820f-4f61-ba8f-861640af6232', '4a999277-4cf5-4282-93ce-23b33c65e2c8'),
('eb872636-0541-4585-be22-8ef3ef3b224b','unknown-00062','Unknown 00062','8f7dc916-885e-43dd-850a-509741483b80', '2b7f96e1-820f-4f61-ba8f-861640af6232', '4a999277-4cf5-4282-93ce-23b33c65e2c8'),
('6945ea70-0792-4c60-b3a6-293c474a69ba','voltage','Voltage','8f7dc916-885e-43dd-850a-509741483b80', '430e5edb-e2b5-4f86-b19f-cda26a27e151', '6b5bd788-8c78-43bb-b5a3-ad544b858a64'),
('ef98dfd0-ee9d-4a0f-bde2-5f60ebfc65e7','precipitation','Precipitation','f956ed57-4c11-45aa-ba97-137fc08f26f2', '0ce77a5a-8283-47cd-9126-c440bcec4ef6', '4ee79a3d-a053-41b8-85b5-bb2eea3c9d1a'),
('86356704-c6c1-447f-8aaa-7b3c18d2fc99','stage','Stage','f956ed57-4c11-45aa-ba97-137fc08f26f2', 'b49f214e-f69f-43da-9ce3-ad96042268d0', 'f777f2e2-5e32-424e-a1ca-19d16cd8abce'),
('ce621e35-4463-4f62-bb0f-a5487f810670','voltage','Voltage','f956ed57-4c11-45aa-ba97-137fc08f26f2', '430e5edb-e2b5-4f86-b19f-cda26a27e151', '6b5bd788-8c78-43bb-b5a3-ad544b858a64'),
('474338b6-d25a-4eaa-8b52-53c03c1b969a','unknown-72114','Unknown 72114','f956ed57-4c11-45aa-ba97-137fc08f26f2', '2b7f96e1-820f-4f61-ba8f-861640af6232', '4a999277-4cf5-4282-93ce-23b33c65e2c8'),
('db34ee8f-e8f4-4328-85da-43414684c334','unknown-72113','Unknown 72113','f956ed57-4c11-45aa-ba97-137fc08f26f2', '2b7f96e1-820f-4f61-ba8f-861640af6232', '4a999277-4cf5-4282-93ce-23b33c65e2c8'),
('48a8c015-604a-4b0b-b8ac-a57a04c27698','unknown-72115','Unknown 72115','f956ed57-4c11-45aa-ba97-137fc08f26f2', '2b7f96e1-820f-4f61-ba8f-861640af6232', '4a999277-4cf5-4282-93ce-23b33c65e2c8'),
('c6ccb5eb-1a1f-43b2-8490-52439db4ddd2','unknown-72112','Unknown 72112','f956ed57-4c11-45aa-ba97-137fc08f26f2', '2b7f96e1-820f-4f61-ba8f-861640af6232', '4a999277-4cf5-4282-93ce-23b33c65e2c8'),
('52afc936-14a6-4d97-819e-b069c8b5a7b8','unknown-72111','Unknown 72111','f956ed57-4c11-45aa-ba97-137fc08f26f2', '2b7f96e1-820f-4f61-ba8f-861640af6232', '4a999277-4cf5-4282-93ce-23b33c65e2c8'),
('5e28adf1-e966-4d75-833a-1dbb93d737ba','unknown-82292','Unknown 82292','f956ed57-4c11-45aa-ba97-137fc08f26f2', '2b7f96e1-820f-4f61-ba8f-861640af6232', '4a999277-4cf5-4282-93ce-23b33c65e2c8'),
('5bf3a1b3-c545-4210-99e6-acd0fe80ef79','unknown-72117','Unknown 72117','f956ed57-4c11-45aa-ba97-137fc08f26f2', '2b7f96e1-820f-4f61-ba8f-861640af6232', '4a999277-4cf5-4282-93ce-23b33c65e2c8'),
('7f21ae72-5fab-42f2-a421-3881208c9223','unknown-72116','Unknown 72116','f956ed57-4c11-45aa-ba97-137fc08f26f2', '2b7f96e1-820f-4f61-ba8f-861640af6232', '4a999277-4cf5-4282-93ce-23b33c65e2c8'),
('6c76a935-d4d0-4408-86e8-d6366dc7cdf7','unknown-00052','Unknown 00052','7a1d3531-440f-4a13-bc32-f43101ebac4d', '2b7f96e1-820f-4f61-ba8f-861640af6232', '4a999277-4cf5-4282-93ce-23b33c65e2c8'),
('36d292b9-193a-4797-b7f3-b5c0cff00bd2','unknown-00021','Unknown 00021','7a1d3531-440f-4a13-bc32-f43101ebac4d', '2b7f96e1-820f-4f61-ba8f-861640af6232', '4a999277-4cf5-4282-93ce-23b33c65e2c8'),
('38258408-8bad-45d1-8754-a8f9952a05d7','unknown-00035','Unknown 00035','7a1d3531-440f-4a13-bc32-f43101ebac4d', '2b7f96e1-820f-4f61-ba8f-861640af6232', '4a999277-4cf5-4282-93ce-23b33c65e2c8'),
('1b250825-6a48-450e-ace1-69a155c910b4','unknown-00036','Unknown 00036','7a1d3531-440f-4a13-bc32-f43101ebac4d', '2b7f96e1-820f-4f61-ba8f-861640af6232', '4a999277-4cf5-4282-93ce-23b33c65e2c8'),
('3bcc1fce-9080-4dbf-9342-0a926aaddbf0','unknown-00062','Unknown 00062','7a1d3531-440f-4a13-bc32-f43101ebac4d', '2b7f96e1-820f-4f61-ba8f-861640af6232', '4a999277-4cf5-4282-93ce-23b33c65e2c8'),
('d9eb0611-1642-4679-a9c9-c184807fe43f','precipitation','Precipitation','7a1d3531-440f-4a13-bc32-f43101ebac4d', '0ce77a5a-8283-47cd-9126-c440bcec4ef6', '4ee79a3d-a053-41b8-85b5-bb2eea3c9d1a'),
('280f43db-be3b-46e0-970c-7c5c3d6b5da3','voltage','Voltage','7a1d3531-440f-4a13-bc32-f43101ebac4d', '430e5edb-e2b5-4f86-b19f-cda26a27e151', '6b5bd788-8c78-43bb-b5a3-ad544b858a64'),
('6cc461bf-1d21-4934-a6ea-b9f4e51dc2a4','stage','Stage','0247a7d6-fb7f-4968-b6dc-c2e8f277dab6', 'b49f214e-f69f-43da-9ce3-ad96042268d0', 'f777f2e2-5e32-424e-a1ca-19d16cd8abce'),
('06eae943-4b5c-4f39-82c2-77df6301c8cb','voltage','Voltage','0247a7d6-fb7f-4968-b6dc-c2e8f277dab6', '430e5edb-e2b5-4f86-b19f-cda26a27e151', '6b5bd788-8c78-43bb-b5a3-ad544b858a64'),
('1935b5ce-437d-4a3c-b703-44fd21b6fe5e','stage','Stage','195be647-588b-4973-bf02-8717a31d02e1', 'b49f214e-f69f-43da-9ce3-ad96042268d0', 'f777f2e2-5e32-424e-a1ca-19d16cd8abce'),
('cb67d36d-8ced-4e8c-9db1-bcbdd6ead608','voltage','Voltage','195be647-588b-4973-bf02-8717a31d02e1', '430e5edb-e2b5-4f86-b19f-cda26a27e151', '6b5bd788-8c78-43bb-b5a3-ad544b858a64'),
('08451627-ed1b-4f0d-93f4-50c22fc161e5','stage','Stage','c2c43566-82eb-4901-a1d3-81f2200e193e', 'b49f214e-f69f-43da-9ce3-ad96042268d0', 'f777f2e2-5e32-424e-a1ca-19d16cd8abce'),
('3591ba30-0a2a-4dfa-ba27-175dd1fe5a15','voltage','Voltage','c2c43566-82eb-4901-a1d3-81f2200e193e', '430e5edb-e2b5-4f86-b19f-cda26a27e151', '6b5bd788-8c78-43bb-b5a3-ad544b858a64'),
('0a84222a-161d-4f45-beda-05ca5f5feb03','unknown-72114','Unknown 72114','c2c43566-82eb-4901-a1d3-81f2200e193e', '2b7f96e1-820f-4f61-ba8f-861640af6232', '4a999277-4cf5-4282-93ce-23b33c65e2c8'),
('eade59d7-2b0b-4baf-9f57-95602d3292fb','unknown-72113','Unknown 72113','c2c43566-82eb-4901-a1d3-81f2200e193e', '2b7f96e1-820f-4f61-ba8f-861640af6232', '4a999277-4cf5-4282-93ce-23b33c65e2c8'),
('05d66f9a-9295-43b1-8c7f-add0bfa32c96','unknown-72115','Unknown 72115','c2c43566-82eb-4901-a1d3-81f2200e193e', '2b7f96e1-820f-4f61-ba8f-861640af6232', '4a999277-4cf5-4282-93ce-23b33c65e2c8'),
('875400d2-f5ef-4fc7-86ea-47d52e1567fd','unknown-72112','Unknown 72112','c2c43566-82eb-4901-a1d3-81f2200e193e', '2b7f96e1-820f-4f61-ba8f-861640af6232', '4a999277-4cf5-4282-93ce-23b33c65e2c8'),
('2c28f779-6839-4804-826e-b8528087c6b1','unknown-72111','Unknown 72111','c2c43566-82eb-4901-a1d3-81f2200e193e', '2b7f96e1-820f-4f61-ba8f-861640af6232', '4a999277-4cf5-4282-93ce-23b33c65e2c8'),
('33766708-27f4-4887-a1b6-039c5e10756f','unknown-82292','Unknown 82292','c2c43566-82eb-4901-a1d3-81f2200e193e', '2b7f96e1-820f-4f61-ba8f-861640af6232', '4a999277-4cf5-4282-93ce-23b33c65e2c8'),
('ec4a8eb0-4b35-46fa-93df-8597c178c0fa','unknown-72117','Unknown 72117','c2c43566-82eb-4901-a1d3-81f2200e193e', '2b7f96e1-820f-4f61-ba8f-861640af6232', '4a999277-4cf5-4282-93ce-23b33c65e2c8'),
('9f0f024d-74a9-4f28-858a-8e4c5ef093ab','unknown-72116','Unknown 72116','c2c43566-82eb-4901-a1d3-81f2200e193e', '2b7f96e1-820f-4f61-ba8f-861640af6232', '4a999277-4cf5-4282-93ce-23b33c65e2c8'),
('0d6c156d-9c59-4308-9199-b6c9870a55fd','stage','Stage','f8a51a89-74ce-4c03-bc93-594c97b7de00', 'b49f214e-f69f-43da-9ce3-ad96042268d0', 'f777f2e2-5e32-424e-a1ca-19d16cd8abce'),
('97d9e0d4-624e-4194-935a-62aad1d36a36','unknown-00055','Unknown 00055','f8a51a89-74ce-4c03-bc93-594c97b7de00', '2b7f96e1-820f-4f61-ba8f-861640af6232', '4a999277-4cf5-4282-93ce-23b33c65e2c8'),
('dc561bbf-2cd3-4b27-9715-5e7f33a8bf85','voltage','Voltage','f8a51a89-74ce-4c03-bc93-594c97b7de00', '430e5edb-e2b5-4f86-b19f-cda26a27e151', '6b5bd788-8c78-43bb-b5a3-ad544b858a64'),
('932c86f4-7c86-4761-b206-bc426f3ff67a','stage','Stage','34b223e2-5394-466b-b7ac-9d84788a4db3', 'b49f214e-f69f-43da-9ce3-ad96042268d0', 'f777f2e2-5e32-424e-a1ca-19d16cd8abce'),
('4a771a27-7f2c-4dab-ba64-6eaa1c85aa76','precipitation','Precipitation','34b223e2-5394-466b-b7ac-9d84788a4db3', '0ce77a5a-8283-47cd-9126-c440bcec4ef6', '4ee79a3d-a053-41b8-85b5-bb2eea3c9d1a'),
('c274f372-df57-4fc3-854e-ed1c297911f8','voltage','Voltage','34b223e2-5394-466b-b7ac-9d84788a4db3', '430e5edb-e2b5-4f86-b19f-cda26a27e151', '6b5bd788-8c78-43bb-b5a3-ad544b858a64'),
('6b973991-c731-4a24-8551-19fc62f69828','stage','Stage','01de28df-bf75-428c-ae1d-f4feb975db63', 'b49f214e-f69f-43da-9ce3-ad96042268d0', 'f777f2e2-5e32-424e-a1ca-19d16cd8abce'),
('1671d089-9fde-49dd-a70a-8cd8ff607e28','voltage','Voltage','01de28df-bf75-428c-ae1d-f4feb975db63', '430e5edb-e2b5-4f86-b19f-cda26a27e151', '6b5bd788-8c78-43bb-b5a3-ad544b858a64'),
('16cd87a0-95ed-4459-84ae-aa724c3a0cb6','stage','Stage','ace2e8fb-6357-4bc2-90be-b47e426caf1d', 'b49f214e-f69f-43da-9ce3-ad96042268d0', 'f777f2e2-5e32-424e-a1ca-19d16cd8abce'),
('abf6f54a-c26a-4572-8ff1-09020a46f50a','precipitation','Precipitation','ace2e8fb-6357-4bc2-90be-b47e426caf1d', '0ce77a5a-8283-47cd-9126-c440bcec4ef6', '4ee79a3d-a053-41b8-85b5-bb2eea3c9d1a'),
('c8678751-b40d-4c12-a354-3fe7ac85ae7b','voltage','Voltage','ace2e8fb-6357-4bc2-90be-b47e426caf1d', '430e5edb-e2b5-4f86-b19f-cda26a27e151', '6b5bd788-8c78-43bb-b5a3-ad544b858a64'),
('48acdae9-23d6-4bd8-be66-2d7b5da48d09','unknown-72114','Unknown 72114','ace2e8fb-6357-4bc2-90be-b47e426caf1d', '2b7f96e1-820f-4f61-ba8f-861640af6232', '4a999277-4cf5-4282-93ce-23b33c65e2c8'),
('ad5a1cce-ca13-4a87-84b7-ae0bee372528','unknown-72113','Unknown 72113','ace2e8fb-6357-4bc2-90be-b47e426caf1d', '2b7f96e1-820f-4f61-ba8f-861640af6232', '4a999277-4cf5-4282-93ce-23b33c65e2c8'),
('9b3b041f-712a-4b8a-88c2-e63c5443c15d','unknown-72115','Unknown 72115','ace2e8fb-6357-4bc2-90be-b47e426caf1d', '2b7f96e1-820f-4f61-ba8f-861640af6232', '4a999277-4cf5-4282-93ce-23b33c65e2c8'),
('5da8cad5-1ec6-431b-8da5-402f53d04acb','unknown-72112','Unknown 72112','ace2e8fb-6357-4bc2-90be-b47e426caf1d', '2b7f96e1-820f-4f61-ba8f-861640af6232', '4a999277-4cf5-4282-93ce-23b33c65e2c8'),
('3b016444-6e24-4ea4-96ef-6d972184910a','unknown-72111','Unknown 72111','ace2e8fb-6357-4bc2-90be-b47e426caf1d', '2b7f96e1-820f-4f61-ba8f-861640af6232', '4a999277-4cf5-4282-93ce-23b33c65e2c8'),
('611fa0ab-0715-4683-9881-c2407ad40cfc','unknown-82292','Unknown 82292','ace2e8fb-6357-4bc2-90be-b47e426caf1d', '2b7f96e1-820f-4f61-ba8f-861640af6232', '4a999277-4cf5-4282-93ce-23b33c65e2c8'),
('48f0b68b-85ea-4067-8b00-b50df956f214','unknown-72117','Unknown 72117','ace2e8fb-6357-4bc2-90be-b47e426caf1d', '2b7f96e1-820f-4f61-ba8f-861640af6232', '4a999277-4cf5-4282-93ce-23b33c65e2c8'),
('9127680e-b07c-41ef-bdf3-687760c10545','unknown-72116','Unknown 72116','ace2e8fb-6357-4bc2-90be-b47e426caf1d', '2b7f96e1-820f-4f61-ba8f-861640af6232', '4a999277-4cf5-4282-93ce-23b33c65e2c8'),
('4136ff4f-9ed3-4151-83a4-b4f12dbaee13','stage','Stage','02675aaf-22fc-426a-bcab-228f285857c1', 'b49f214e-f69f-43da-9ce3-ad96042268d0', 'f777f2e2-5e32-424e-a1ca-19d16cd8abce'),
('a1f03172-cc37-402d-8237-934d1db1bf27','voltage','Voltage','02675aaf-22fc-426a-bcab-228f285857c1', '430e5edb-e2b5-4f86-b19f-cda26a27e151', '6b5bd788-8c78-43bb-b5a3-ad544b858a64'),
('72f667df-6a18-4f8d-a0bf-808f37e753a1','stage','Stage','7c73c2ba-9e4f-4ac4-885b-d51aea328d5f', 'b49f214e-f69f-43da-9ce3-ad96042268d0', 'f777f2e2-5e32-424e-a1ca-19d16cd8abce'),
('96122e8f-a2f2-4210-aecc-cdc04a84274f','voltage','Voltage','7c73c2ba-9e4f-4ac4-885b-d51aea328d5f', '430e5edb-e2b5-4f86-b19f-cda26a27e151', '6b5bd788-8c78-43bb-b5a3-ad544b858a64'),
('eb93013b-5f9e-4599-9966-cb216cf2922f','stage','Stage','cd09e10e-ab4d-49ba-830d-31e34f8faaa3', 'b49f214e-f69f-43da-9ce3-ad96042268d0', 'f777f2e2-5e32-424e-a1ca-19d16cd8abce'),
('bdcef576-edc7-4d3b-b3e9-e5c162235ac6','voltage','Voltage','cd09e10e-ab4d-49ba-830d-31e34f8faaa3', '430e5edb-e2b5-4f86-b19f-cda26a27e151', '6b5bd788-8c78-43bb-b5a3-ad544b858a64');
